split	image_name	label_file	line_no	class_id	class_name	x_center	y_center	width	height	issue_type	action	reviewer	note	class_label	duplicate	dataset_action	x_center_clean	y_center_clean	width_clean	height_clean
test	Alternaria (110)	Alternaria (110).txt	1	0	Alternaria	0.279825	0.378547	0.338071	0.495839	none	keep	¿±ø¯≈√		Disease	0	include	0.279825	0.378547	0.338071	0.495839
test	Alternaria (12)	Alternaria (12).txt	1	0	Alternaria	0.412942	0.703472	0.359204	0.537159	none	keep	¿±ø¯≈√		Disease	1	exclude				
test	Alternaria (145)	Alternaria (145).txt	1	0	Alternaria	0.447338	0.618924	0.668403	0.603299	none	keep	¿±ø¯≈√		Disease	0	include	0.447338	0.618924	0.668403	0.603299
test	Alternaria (145)	Alternaria (145).txt	2	0	Alternaria	0.759115	0.181424	0.481771	0.362847	none	keep	¿±ø¯≈√		Disease	0	include	0.759115	0.181424	0.481771	0.362847
test	Alternaria (145)	Alternaria (145).txt	3	0	Alternaria	0.789497	0.756293	0.421007	0.487413	none	keep	¿±ø¯≈√		Disease	0	include	0.789497	0.756293	0.421007	0.487413
test	Alternaria (145)	Alternaria (145).txt	4	0	Alternaria	0.107205	0.261719	0.21441	0.523438	none	keep	¿±ø¯≈√		Disease	0	include	0.107205	0.261719	0.21441	0.523438
test	Alternaria (145)	Alternaria (145).txt	5	0	Alternaria	0.32147	0.060981	0.387731	0.121962	none	keep	¿±ø¯≈√		Disease	0	include	0.32147	0.060981	0.387731	0.121962
test	Alternaria (148)	Alternaria (148).txt	1	0	Alternaria	0.503762	0.559245	0.925926	0.709635	none	keep	¿±ø¯≈√		Disease	0	include	0.503762	0.559245	0.925926	0.709635
test	Alternaria (148)	Alternaria (148).txt	2	0	Alternaria	0.815538	0.798611	0.368924	0.402778	none	keep	¿±ø¯≈√		Disease	0	include	0.815538	0.798611	0.368924	0.402778
test	Alternaria (148)	Alternaria (148).txt	3	0	Alternaria	0.147714	0.291016	0.295428	0.582031	none	keep	¿±ø¯≈√		Disease	0	include	0.147714	0.291016	0.295428	0.582031
test	Alternaria (148)	Alternaria (148).txt	4	0	Alternaria	0.669416	0.075087	0.661169	0.150174	none	keep	¿±ø¯≈√		Disease	0	include	0.669416	0.075087	0.661169	0.150174
test	Alternaria (154)	Alternaria (154).txt	1	0	Alternaria	0.545718	0.607639	0.795718	0.646701	none	keep	¿±ø¯≈√		Disease	0	include	0.545718	0.607639	0.795718	0.646701
test	Alternaria (154)	Alternaria (154).txt	2	0	Alternaria	0.29239	0.223524	0.58478	0.447049	none	keep	¿±ø¯≈√		Disease	0	include	0.29239	0.223524	0.58478	0.447049
test	Alternaria (154)	Alternaria (154).txt	3	0	Alternaria	0.111545	0.63151	0.22309	0.455729	none	keep	¿±ø¯≈√		Disease	0	include	0.111545	0.63151	0.22309	0.455729
test	Alternaria (154)	Alternaria (154).txt	4	0	Alternaria	0.726562	0.902561	0.503472	0.194878	none	keep	¿±ø¯≈√		Disease	0	include	0.726562	0.902561	0.503472	0.194878
test	Alternaria (154)	Alternaria (154).txt	5	0	Alternaria	0.906684	0.658637	0.186632	0.388455	none	keep	¿±ø¯≈√		Disease	0	include	0.906684	0.658637	0.186632	0.388455
test	Alternaria (158)	Alternaria (158).txt	1	0	Alternaria	0.479031	0.727609	0.854906	0.544781	ambiguous	drop	¿±ø¯≈√	¿˙»≠¡˙ µ•¿Ã≈Õ∑Œ ∫–ºÆ ∫“∞°	Disease	0	exclude				
test	Alternaria (179)	Alternaria (179).txt	1	0	Alternaria	0.488766	0.36432	0.653625	0.528078	none	keep	¿±ø¯≈√		Disease	0	include	0.488766	0.36432	0.653625	0.528078
test	Alternaria (183)	Alternaria (183).txt	1	0	Alternaria	0.531203	0.473258	0.937594	0.946516	ambiguous	drop	¿±ø¯≈√	¿˙»≠¡˙ µ•¿Ã≈Õ∑Œ ∫–ºÆ ∫“∞°	Disease	0	exclude				
test	Alternaria (186)	Alternaria (186).txt	1	0	Alternaria	0.445484	0.33943	0.554063	0.556234	none	keep	¿±ø¯≈√		Disease	0	include	0.445484	0.33943	0.554063	0.556234
test	Alternaria (201)	Alternaria (201).txt	1	0	Alternaria	0.477047	0.347008	0.954094	0.506453	ambiguous	drop	¿±ø¯≈√	¿˙»≠¡˙ µ•¿Ã≈Õ∑Œ ∫–ºÆ ∫“∞°	Disease	0	exclude				
test	Alternaria (216)	Alternaria (216).txt	1	0	Alternaria	0.403281	0.628055	0.53025	0.743891	none	keep	¿±ø¯≈√		Disease	0	include	0.403281	0.628055	0.53025	0.743891
test	Alternaria (220)	Alternaria (220).txt	1	0	Alternaria	0.672961	0.4325	0.654078	0.764	none	keep	¿±ø¯≈√		Disease	0	include	0.672961	0.4325	0.654078	0.764
test	Alternaria (227)	Alternaria (227).txt	1	0	Alternaria	0.659977	0.689734	0.680047	0.620531	none	keep	¿±ø¯≈√		Disease	0	include	0.659977	0.689734	0.680047	0.620531
test	Alternaria (230)	Alternaria (230).txt	1	0	Alternaria	0.691359	0.509328	0.617281	0.857062	none	keep	¿±ø¯≈√		Disease	0	include	0.691359	0.509328	0.617281	0.857062
test	Alternaria (3)	Alternaria (3).txt	1	0	Alternaria	0.454572	0.488281	0.706019	0.381944	none	keep	¿±ø¯≈√		Disease	1	exclude				
test	Alternaria (31)	Alternaria (31).txt	1	0	Alternaria	0.525662	0.517506	0.512695	0.77908	none	keep	¿±ø¯≈√		Disease	1	exclude				
test	Alternaria (45)	Alternaria (45).txt	1	0	Alternaria	0.47338	0.46224	0.894097	0.564236	none	keep	¿±ø¯≈√		Disease	1	exclude				
test	Alternaria (52)	Alternaria (52).txt	1	0	Alternaria	0.482835	0.46571	0.653947	0.654384	none	keep	¿±ø¯≈√		Disease	1	exclude				
test	Alternaria (55)	Alternaria (55).txt	1	0	Alternaria	0.354949	0.617616	0.591814	0.417546	none	keep	¿±ø¯≈√		Disease	1	exclude				
test	Alternaria (57)	Alternaria (57).txt	1	0	Alternaria	0.484776	0.561476	0.683041	0.540352	none	keep	¿±ø¯≈√		Disease	1	exclude				
test	Alternaria (63)	Alternaria (63).txt	1	0	Alternaria	0.411241	0.498264	0.642361	0.795718	none	keep	¿±ø¯≈√		Disease	1	exclude				
test	Alternaria (70)	Alternaria (70).txt	1	0	Alternaria	0.487196	0.472222	0.477431	0.720486	none	keep	¿±ø¯≈√		Disease	1	exclude				
test	Alternaria (73)	Alternaria (73).txt	1	0	Alternaria	0.46658	0.530093	0.605469	0.703125	none	keep	¿±ø¯≈√		Disease	1	exclude				
test	Alternaria (87)	Alternaria (87).txt	1	0	Alternaria	0.349392	0.424479	0.648872	0.775463	none	keep	¿±ø¯≈√		Disease	0	include	0.349392	0.424479	0.648872	0.775463
test	Alternaria (90)	Alternaria (90).txt	1	0	Alternaria	0.479842	0.393953	0.959685	0.483218	none	keep	¿±ø¯≈√		Disease	0	include	0.479842	0.393953	0.959685	0.483218
test	Alternaria (96)	Alternaria (96).txt	1	0	Alternaria	0.503472	0.54022	0.531684	0.891204	none	keep	¿±ø¯≈√		Disease	0	include	0.503472	0.54022	0.531684	0.891204
test	Anthracnose (114)	Anthracnose (114).txt	1	1	Anthracnose	0.481147	0.65531	0.514117	0.675243	none	keep	¿±ø¯≈√		Disease	0	include	0.481147	0.65531	0.514117	0.675243
test	Anthracnose (14)	Anthracnose (14).txt	1	1	Anthracnose	0.173542	0.337984	0.347083	0.601445	none	keep	¿±ø¯≈√		Disease	0	include	0.173542	0.337984	0.347083	0.601445
test	Anthracnose (14)	Anthracnose (14).txt	2	1	Anthracnose	0.505747	0.481887	0.587917	0.597754	none	keep	¿±ø¯≈√		Disease	0	include	0.505747	0.481887	0.587917	0.597754
test	Anthracnose (141)	Anthracnose (141).txt	1	1	Anthracnose	0.544846	0.283494	0.358377	0.547943	none	keep	¿±ø¯≈√		Disease	0	include	0.544846	0.283494	0.358377	0.547943
test	Anthracnose (148)	Anthracnose (148).txt	1	1	Anthracnose	0.496416	0.425553	0.452467	0.684468	none	keep	¿±ø¯≈√		Disease	0	include	0.496416	0.425553	0.452467	0.684468
test	Anthracnose (167)	Anthracnose (167).txt	1	1	Anthracnose	0.4258	0.410858	0.644494	0.621738	none	keep	¿±ø¯≈√		Disease	0	include	0.4258	0.410858	0.644494	0.621738
test	Anthracnose (171)	Anthracnose (171).txt	1	1	Anthracnose	0.470077	0.458826	0.920003	0.55901	none	keep	¿±ø¯≈√		Disease	0	include	0.470077	0.458826	0.920003	0.55901
test	Anthracnose (179)	Anthracnose (179).txt	1	1	Anthracnose	0.421005	0.49197	0.589453	0.776713	none	keep	¿±ø¯≈√		Disease	0	include	0.421005	0.49197	0.589453	0.776713
test	Anthracnose (18)	Anthracnose (18).txt	1	1	Anthracnose	0.342163	0.682984	0.457543	0.557166	none	keep	¿±ø¯≈√		Disease	0	include	0.342163	0.682984	0.457543	0.557166
test	Anthracnose (18)	Anthracnose (18).txt	2	1	Anthracnose	0.627512	0.477275	0.388663	0.437246	none	keep	¿±ø¯≈√		Disease	0	include	0.627512	0.477275	0.388663	0.437246
test	Anthracnose (185)	Anthracnose (185).txt	1	1	Anthracnose	0.436751	0.425616	0.873501	0.525803	none	keep	¿±ø¯≈√		Disease	0	include	0.436751	0.425616	0.873501	0.525803
test	Anthracnose (186)	Anthracnose (186).txt	1	1	Anthracnose	0.397483	0.501994	0.534106	0.996013	none	keep	¿±ø¯≈√		Disease	0	include	0.397483	0.501994	0.534106	0.996013
test	Anthracnose (20)	Anthracnose (20).txt	1	1	Anthracnose	0.158782	0.264186	0.317564	0.468611	none	keep	¿±ø¯≈√		Disease	0	include	0.158782	0.264186	0.317564	0.468611
test	Anthracnose (20)	Anthracnose (20).txt	2	1	Anthracnose	0.431949	0.726184	0.612514	0.547632	none	keep	¿±ø¯≈√		Disease	0	include	0.431949	0.726184	0.612514	0.547632
test	Anthracnose (239)	Anthracnose (239).txt	1	1	Anthracnose	0.195432	0.59231	0.18723	0.207545	box_offset	fix	¿±ø¯≈√	»≠∏È »∏¿¸ πÆ¡¶	Disease	0	include	0.193	0.5815	0.178	0.212
test	Anthracnose (239)	Anthracnose (239).txt	2	1	Anthracnose	0.700605	0.440846	0.095383	0.109513	box_offset	fix	¿±ø¯≈√	»≠∏È »∏¿¸ πÆ¡¶	Disease	0	include	0.6975	0.44	0.079	0.108
test	Anthracnose (239)	Anthracnose (239).txt	3	1	Anthracnose	0.736522	0.686809	0.058877	0.053873	box_offset	fix	¿±ø¯≈√	»≠∏È »∏¿¸ πÆ¡¶	Disease	0	include	0.7355	0.685	0.043	0.044
test	Anthracnose (251)	Anthracnose (251).txt	1	1	Anthracnose	0.072093	0.73856	0.05398	0.061385	box_offset	fix	¿±ø¯≈√	»≠∏È »∏¿¸ πÆ¡¶	Disease	0	include	0.073	0.74	0.036	0.048
test	Anthracnose (251)	Anthracnose (251).txt	2	1	Anthracnose	0.61192	0.527636	0.161947	0.188067	box_offset	fix	¿±ø¯≈√	»≠∏È »∏¿¸ πÆ¡¶	Disease	0	include	0.6165	0.5285	0.143	0.179
test	Anthracnose (251)	Anthracnose (251).txt	3	1	Anthracnose	0.214887	0.663464	0.137567	0.159338	box_offset	fix	¿±ø¯≈√	»≠∏È »∏¿¸ πÆ¡¶	Disease	0	include	0.2175	0.6655	0.117	0.139
test	Anthracnose (251)	Anthracnose (251).txt	4	1	Anthracnose	0.464773	0.568124	0.135827	0.148887	box_offset	fix	¿±ø¯≈√	»≠∏È »∏¿¸ πÆ¡¶	Disease	0	include	0.4655	0.568	0.117	0.138
test	Anthracnose (251)	Anthracnose (251).txt	5	1	Anthracnose	0.805212	0.470171	0.175877	0.182842	box_offset	fix	¿±ø¯≈√	»≠∏È »∏¿¸ πÆ¡¶	Disease	0	include	0.808	0.4715	0.146	0.161
test	Anthracnose (251)	Anthracnose (251).txt	6	1	Anthracnose	0.839168	0.722235	0.06269	0.080975	box_offset	fix	¿±ø¯≈√	»≠∏È »∏¿¸ πÆ¡¶	Disease	0	include	0.839	0.724	0.044	0.066
test	Anthracnose (251)	Anthracnose (251).txt	7	1	Anthracnose	0.924497	0.414665	0.059207	0.05877	box_offset	fix	¿±ø¯≈√	»≠∏È »∏¿¸ πÆ¡¶	Disease	0	include	0.9235	0.4145	0.039	0.047
test	Anthracnose (251)	Anthracnose (251).txt	8	1	Anthracnose	0.379947	0.592278	0.03226	0.039885	box_offset	fix	¿±ø¯≈√	»≠∏È »∏¿¸ πÆ¡¶	Disease	0	include	0.3795	0.5925	0.021	0.027
test	Anthracnose (271)	Anthracnose (271).txt	1	1	Anthracnose	0.461327	0.71909	0.310487	0.32635	box_offset	fix	¿±ø¯≈√	»≠∏È »∏¿¸ πÆ¡¶	Disease	0	include	0.4625	0.7185	0.281	0.303
test	Anthracnose (271)	Anthracnose (271).txt	2	1	Anthracnose	0.429598	0.413135	0.305957	0.33315	box_offset	fix	¿±ø¯≈√	»≠∏È »∏¿¸ πÆ¡¶	Disease	0	include	0.43	0.417	0.276	0.304
test	Anthracnose (274)	Anthracnose (274).txt	1	1	Anthracnose	0.342345	0.477725	0.262897	0.27196	box_offset	fix	¿±ø¯≈√	»≠∏È »∏¿¸ πÆ¡¶	Disease	0	include	0.3415	0.478	0.231	0.246
test	Anthracnose (274)	Anthracnose (274).txt	2	1	Anthracnose	0.491923	0.617956	0.217567	0.215868	box_offset	fix	¿±ø¯≈√	»≠∏È »∏¿¸ πÆ¡¶	Disease	0	include	0.489	0.615	0.188	0.186
test	Anthracnose (277)	Anthracnose (277).txt	1	1	Anthracnose	0.533863	0.580005	0.449847	0.34896	box_offset	fix	¿±ø¯≈√	»≠∏È »∏¿¸ πÆ¡¶	Disease	0	include	0.493	0.579	0.33	0.349
test	Anthracnose (281)	Anthracnose (281).txt	1	1	Anthracnose	0.520643	0.494393	0.335233	0.362195	box_offset	fix	¿±ø¯≈√	»≠∏È »∏¿¸ πÆ¡¶	Disease	0	include	0.524	0.495	0.304	0.335
test	Anthracnose (32)	Anthracnose (32).txt	1	1	Anthracnose	0.892473	0.570075	0.215055	0.487059	none	keep	¿±ø¯≈√		Disease	0	include	0.892473	0.570075	0.215055	0.487059
test	Anthracnose (32)	Anthracnose (32).txt	2	1	Anthracnose	0.536496	0.552549	0.555937	0.588531	none	keep	¿±ø¯≈√		Disease	0	include	0.536496	0.552549	0.555937	0.588531
test	Anthracnose (32)	Anthracnose (32).txt	3	1	Anthracnose	0.754718	0.869903	0.490564	0.260193	none	keep	¿±ø¯≈√		Disease	0	include	0.754718	0.869903	0.490564	0.260193
test	Anthracnose (34)	Anthracnose (34).txt	1	1	Anthracnose	0.503286	0.614352	0.435402	0.512888	none	keep	¿±ø¯≈√		Disease	0	include	0.503286	0.614352	0.435402	0.512888
test	Anthracnose (36)	Anthracnose (36).txt	1	1	Anthracnose	0.445479	0.725048	0.516577	0.398503	none	keep	¿±ø¯≈√		Disease	0	include	0.445479	0.725048	0.516577	0.398503
test	Anthracnose (41)	Anthracnose (41).txt	1	1	Anthracnose	0.328633	0.636492	0.514117	0.72321	none	keep	¿±ø¯≈√		Disease	0	include	0.328633	0.636492	0.514117	0.72321
test	Anthracnose (5)	Anthracnose (5).txt	1	1	Anthracnose	0.515586	0.525796	0.499361	0.442782	none	keep	¿±ø¯≈√		Disease	0	include	0.515586	0.525796	0.499361	0.442782
test	Anthracnose (52)	Anthracnose (52).txt	1	1	Anthracnose	0.441788	0.739807	0.356684	0.442782	none	keep	¿±ø¯≈√		Disease	0	include	0.441788	0.739807	0.356684	0.442782
test	Anthracnose (52)	Anthracnose (52).txt	2	1	Anthracnose	0.623822	0.563618	0.282888	0.304414	none	keep	¿±ø¯≈√		Disease	0	include	0.623822	0.563618	0.282888	0.304414
test	Anthracnose (59)	Anthracnose (59).txt	1	1	Anthracnose	0.386574	0.593533	0.457176	0.544705	none	keep	¿±ø¯≈√		Disease	0	include	0.386574	0.593533	0.457176	0.544705
test	Anthracnose (59)	Anthracnose (59).txt	2	1	Anthracnose	0.157118	0.424262	0.314236	0.423177	none	keep	¿±ø¯≈√		Disease	0	include	0.157118	0.424262	0.314236	0.423177
test	Anthracnose (59)	Anthracnose (59).txt	3	1	Anthracnose	0.541377	0.38737	0.407986	0.392795	none	keep	¿±ø¯≈√		Disease	0	include	0.541377	0.38737	0.407986	0.392795
test	Anthracnose (81)	Anthracnose (81).txt	1	1	Anthracnose	0.403935	0.600043	0.596065	0.653212	none	keep	¿±ø¯≈√		Disease	0	include	0.403935	0.600043	0.596065	0.653212
test	Anthracnose (85)	Anthracnose (85).txt	1	1	Anthracnose	0.464699	0.623698	0.671296	0.752604	none	keep	¿±ø¯≈√		Disease	0	include	0.464699	0.623698	0.671296	0.752604
test	Anthracnose (85)	Anthracnose (85).txt	2	1	Anthracnose	0.603588	0.222439	0.486111	0.444878	none	keep	¿±ø¯≈√		Disease	0	include	0.603588	0.222439	0.486111	0.444878
test	Anthracnose (93)	Anthracnose (93).txt	1	1	Anthracnose	0.347512	0.687717	0.570023	0.624566	none	keep	¿±ø¯≈√		Disease	0	include	0.347512	0.687717	0.570023	0.624566
test	Anthracnose (93)	Anthracnose (93).txt	2	1	Anthracnose	0.79022	0.581597	0.41956	0.659722	none	keep	¿±ø¯≈√		Disease	0	include	0.79022	0.581597	0.41956	0.659722
test	Healthy (10)	Healthy (10).txt	1	2	Healthy	0.490741	0.537109	0.729167	0.700955	none	keep	¿±ø¯≈√		Healthy	0	include	0.490741	0.537109	0.729167	0.700955
test	Healthy (101)	Healthy (101).txt	1	2	Healthy	0.408275	0.62066	0.535301	0.594618	none	keep	¿±ø¯≈√		Healthy	0	include	0.408275	0.62066	0.535301	0.594618
test	Healthy (105)	Healthy (105).txt	1	2	Healthy	0.416956	0.634766	0.436921	0.509983	none	keep	¿±ø¯≈√		Healthy	0	include	0.416956	0.634766	0.436921	0.509983
test	Healthy (115)	Healthy (115).txt	1	2	Healthy	0.412616	0.671658	0.451389	0.514323	none	keep	¿±ø¯≈√		Healthy	0	include	0.412616	0.671658	0.451389	0.514323
test	Healthy (115)	Healthy (115).txt	2	2	Healthy	0.239005	0.477431	0.358796	0.368924	none	keep	¿±ø¯≈√		Healthy	0	include	0.239005	0.477431	0.358796	0.368924
test	Healthy (115)	Healthy (115).txt	3	2	Healthy	0.081887	0.590278	0.163773	0.373264	none	keep	¿±ø¯≈√		Healthy	0	include	0.081887	0.590278	0.163773	0.373264
test	Healthy (120)	Healthy (120).txt	1	2	Healthy	0.506655	0.659722	0.407986	0.447049	none	keep	¿±ø¯≈√		Healthy	0	include	0.506655	0.659722	0.407986	0.447049
test	Healthy (141)	Healthy (141).txt	1	2	Healthy	0.460359	0.514323	0.801505	0.646701	none	keep	¿±ø¯≈√		Healthy	0	include	0.460359	0.514323	0.801505	0.646701
test	Healthy (149)	Healthy (149).txt	1	2	Healthy	0.47772	0.54579	0.57581	0.457899	none	keep	¿±ø¯≈√		Healthy	0	include	0.47772	0.54579	0.57581	0.457899
test	Healthy (189)	Healthy (189).txt	1	1	Anthracnose	0.463252	0.596788	0.523727	0.529514	class_wrong	fix	¿±ø¯≈√	ºˆ¡§ øœ∑·	Disease	0	include	0.463252	0.596788	0.523727	0.529514
test	Healthy (189)	Healthy (189).txt	2	2	Healthy	0.803241	0.365668	0.21412	0.180122	ambiguous	hold	¿±ø¯≈√		Healthy	0	include	0.803241	0.365668	0.21412	0.180122
test	Healthy (190)	Healthy (190).txt	1	2	Healthy	0.524016	0.578342	0.535301	0.544705	none	keep	¿±ø¯≈√		Healthy	0	include	0.524016	0.578342	0.535301	0.544705
test	Healthy (206)	Healthy (206).txt	1	2	Healthy	0.518229	0.611979	0.714699	0.711806	none	keep	¿±ø¯≈√		Healthy	0	include	0.518229	0.611979	0.714699	0.711806
test	Healthy (206)	Healthy (206).txt	2	2	Healthy	0.675926	0.180122	0.648148	0.360243	none	keep	¿±ø¯≈√		Healthy	0	include	0.675926	0.180122	0.648148	0.360243
test	Healthy (229)	Healthy (229).txt	1	2	Healthy	0.83941	0.534939	0.321181	0.496962	none	keep	¿±ø¯≈√		Healthy	0	include	0.83941	0.534939	0.321181	0.496962
test	Healthy (229)	Healthy (229).txt	2	2	Healthy	0.483507	0.595703	0.708912	0.731337	none	keep	¿±ø¯≈√		Healthy	0	include	0.483507	0.595703	0.708912	0.731337
test	Healthy (235)	Healthy (235).txt	1	2	Healthy	0.476273	0.694227	0.653935	0.611545	none	keep	¿±ø¯≈√		Healthy	0	include	0.476273	0.694227	0.653935	0.611545
test	Healthy (235)	Healthy (235).txt	2	2	Healthy	0.729456	0.415582	0.442708	0.483941	none	keep	¿±ø¯≈√		Healthy	0	include	0.729456	0.415582	0.442708	0.483941
test	Healthy (242)	Healthy (242).txt	1	2	Healthy	0.524016	0.584852	0.749421	0.674913	none	keep	¿±ø¯≈√		Healthy	0	include	0.524016	0.584852	0.749421	0.674913
test	Healthy (263)	Healthy (263).txt	1	2	Healthy	0.537037	0.606554	0.734954	0.670573	none	keep	¿±ø¯≈√		Healthy	0	include	0.537037	0.606554	0.734954	0.670573
test	Healthy (270)	Healthy (270).txt	1	2	Healthy	0.333044	0.900391	0.379051	0.199219	none	keep	¿±ø¯≈√		Healthy	0	include	0.333044	0.900391	0.379051	0.199219
test	Healthy (270)	Healthy (270).txt	2	2	Healthy	0.953704	0.564236	0.092593	0.264757	ambiguous	hold	¿±ø¯≈√		Healthy	0	include	0.953704	0.564236	0.092593	0.264757
test	Healthy (270)	Healthy (270).txt	3	2	Healthy	0.441551	0.577257	0.619213	0.694444	none	keep	¿±ø¯≈√		Healthy	0	include	0.441551	0.577257	0.619213	0.694444
test	Healthy (275)	Healthy (275).txt	1	2	Healthy	0.496528	0.555556	0.769676	0.655382	none	keep	¿±ø¯≈√		Healthy	0	include	0.496528	0.555556	0.769676	0.655382
test	Healthy (276)	Healthy (276).txt	1	2	Healthy	0.509549	0.579427	0.662616	0.655382	none	keep	¿±ø¯≈√		Healthy	0	include	0.509549	0.579427	0.662616	0.655382
test	Healthy (281)	Healthy (281).txt	1	2	Healthy	0.467593	0.54362	0.642361	0.766059	none	keep	¿±ø¯≈√		Healthy	0	include	0.467593	0.54362	0.642361	0.766059
test	Healthy (291)	Healthy (291).txt	1	2	Healthy	0.495081	0.518663	0.766782	0.733507	none	keep	¿±ø¯≈√		Healthy	0	include	0.495081	0.518663	0.766782	0.733507
test	Healthy (306)	Healthy (306).txt	1	2	Healthy	0.793113	0.81033	0.413773	0.37934	none	keep	¿±ø¯≈√		Healthy	0	include	0.793113	0.81033	0.413773	0.37934
test	Healthy (306)	Healthy (306).txt	2	2	Healthy	0.47772	0.530599	0.807292	0.687934	none	keep	¿±ø¯≈√		Healthy	0	include	0.47772	0.530599	0.807292	0.687934
test	Healthy (308)	Healthy (308).txt	1	2	Healthy	0.460359	0.576172	0.847801	0.796441	none	keep	¿±ø¯≈√		Healthy	0	include	0.460359	0.576172	0.847801	0.796441
test	Healthy (309)	Healthy (309).txt	1	2	Healthy	0.466146	0.568576	0.853588	0.815972	none	keep	¿±ø¯≈√		Healthy	0	include	0.466146	0.568576	0.853588	0.815972
test	Healthy (311)	Healthy (311).txt	1	2	Healthy	0.474826	0.619358	0.824653	0.761285	none	keep	¿±ø¯≈√		Healthy	0	include	0.474826	0.619358	0.824653	0.761285
test	Healthy (318)	Healthy (318).txt	1	2	Healthy	0.463252	0.613064	0.651042	0.670573	none	keep	¿±ø¯≈√		Healthy	0	include	0.463252	0.613064	0.651042	0.670573
test	Healthy (338)	Healthy (338).txt	1	3	Scab	0.848358	0.6991	0.303283	0.499709	class_wrong	fix	¿±ø¯≈√	ºˆ¡§ øœ∑·	Disease	0	include	0.848358	0.6991	0.303283	0.499709
test	Healthy (338)	Healthy (338).txt	2	2	Healthy	0.513825	0.557425	0.740207	0.699655	none	keep	¿±ø¯≈√		Healthy	0	include	0.513825	0.557425	0.740207	0.699655
test	Healthy (344)	Healthy (344).txt	1	2	Healthy	0.432143	0.621125	0.783626	0.729824	none	keep	¿±ø¯≈√		Healthy	0	include	0.432143	0.621125	0.783626	0.729824
test	Healthy (348)	Healthy (348).txt	1	2	Healthy	0.464891	0.612352	0.699413	0.673685	none	keep	¿±ø¯≈√		Healthy	0	include	0.464891	0.612352	0.699413	0.673685
test	Healthy (382)	Healthy (382).txt	1	2	Healthy	0.493924	0.560764	0.758102	0.746528	none	keep	¿±ø¯≈√		Healthy	0	include	0.493924	0.560764	0.758102	0.746528
test	Healthy (387)	Healthy (387).txt	1	2	Healthy	0.832465	0.65191	0.300926	0.342882	ambiguous	hold	¿±ø¯≈√		Healthy	0	include	0.832465	0.65191	0.300926	0.342882
test	Healthy (387)	Healthy (387).txt	2	1	Anthracnose	0.524306	0.550998	0.760995	0.757378	class_wrong	fix	¿±ø¯≈√	ºˆ¡§ øœ∑·	Disease	0	include	0.524306	0.550998	0.760995	0.757378
test	Healthy (387)	Healthy (387).txt	3	2	Healthy	0.181858	0.085069	0.363715	0.170139	ambiguous	hold	¿±ø¯≈√		Healthy	0	include	0.181858	0.085069	0.363715	0.170139
test	Healthy (388)	Healthy (388).txt	1	2	Healthy	0.54456	0.603082	0.703125	0.479601	none	keep	¿±ø¯≈√		Healthy	0	include	0.54456	0.603082	0.703125	0.479601
test	Healthy (399)	Healthy (399).txt	1	2	Healthy	0.2364	0.905165	0.462963	0.18967	ambiguous	hold	¿±ø¯≈√		Healthy	0	include	0.2364	0.905165	0.462963	0.18967
test	Healthy (399)	Healthy (399).txt	2	2	Healthy	0.522859	0.507595	0.804398	0.666233	none	keep	¿±ø¯≈√		Healthy	0	include	0.522859	0.507595	0.804398	0.666233
test	Healthy (436)	Healthy (436).txt	1	2	Healthy	0.518051	0.563431	0.675286	0.61207	none	keep	¿±ø¯≈√		Healthy	0	include	0.518051	0.563431	0.675286	0.61207
test	Healthy (50)	Healthy (50).txt	1	2	Healthy	0.44262	0.645866	0.469829	0.53125	none	keep	¿±ø¯≈√		Healthy	0	include	0.44262	0.645866	0.469829	0.53125
test	Healthy (50)	Healthy (50).txt	2	2	Healthy	0.176411	0.392632	0.352821	0.695043	none	keep	¿±ø¯≈√		Healthy	0	include	0.176411	0.392632	0.352821	0.695043
test	Healthy (60)	Healthy (60).txt	1	2	Healthy	0.121095	0.71537	0.24219	0.560345	none	keep	¿±ø¯≈√		Healthy	0	include	0.121095	0.71537	0.24219	0.560345
test	Healthy (60)	Healthy (60).txt	2	2	Healthy	0.360004	0.89594	0.33046	0.208121	ambiguous	hold	¿±ø¯≈√		Healthy	0	include	0.360004	0.89594	0.33046	0.208121
test	Healthy (60)	Healthy (60).txt	3	2	Healthy	0.525234	0.620543	0.629311	0.61638	none	keep	¿±ø¯≈√		Healthy	0	include	0.525234	0.620543	0.629311	0.61638
test	Healthy (61)	Healthy (61).txt	1	2	Healthy	0.439029	0.652331	0.637931	0.52694	none	keep	¿±ø¯≈√		Healthy	0	include	0.439029	0.652331	0.637931	0.52694
test	Healthy (61)	Healthy (61).txt	2	2	Healthy	0.494345	0.211672	0.530171	0.423344	none	keep	¿±ø¯≈√		Healthy	0	include	0.494345	0.211672	0.530171	0.423344
test	Healthy (67)	Healthy (67).txt	1	2	Healthy	0.726385	0.240154	0.163793	0.148707	ambiguous	hold	¿±ø¯≈√		Healthy	0	include	0.726385	0.240154	0.163793	0.148707
test	Healthy (67)	Healthy (67).txt	2	2	Healthy	0.950117	0.682504	0.099766	0.16056	ambiguous	hold	¿±ø¯≈√		Healthy	0	include	0.950117	0.682504	0.099766	0.16056
test	Healthy (67)	Healthy (67).txt	3	2	Healthy	0.46992	0.553193	0.762931	0.759698	none	keep	¿±ø¯≈√		Healthy	0	include	0.46992	0.553193	0.762931	0.759698
test	Healthy (78)	Healthy (78).txt	1	2	Healthy	0.450522	0.676578	0.465518	0.448277	none	keep	¿±ø¯≈√		Healthy	0	include	0.450522	0.676578	0.465518	0.448277
test	Healthy (78)	Healthy (78).txt	2	2	Healthy	0.796788	0.184733	0.307471	0.369466	none	keep	¿±ø¯≈√		Healthy	0	include	0.796788	0.184733	0.307471	0.369466
test	Healthy (78)	Healthy (78).txt	3	2	Healthy	0.953709	0.138936	0.092581	0.277871	ambiguous	hold	¿±ø¯≈√		Healthy	0	include	0.953709	0.138936	0.092581	0.277871
test	Mixed(124)	Mixed(124).txt	1	2	Healthy	0.187568	0.563389	0.14649	0.324981	none	keep	¿±ø¯≈√		Healthy	0	include	0.187568	0.563389	0.14649	0.324981
test	Mixed(124)	Mixed(124).txt	2	2	Healthy	0.288987	0.81731	0.174036	0.36538	none	keep	¿±ø¯≈√		Healthy	0	include	0.288987	0.81731	0.174036	0.36538
test	Mixed(124)	Mixed(124).txt	3	2	Healthy	0.316531	0.4955	0.171531	0.24263	none	keep	¿±ø¯≈√		Healthy	0	include	0.316531	0.4955	0.171531	0.24263
test	Mixed(124)	Mixed(124).txt	4	2	Healthy	0.479302	0.391995	0.136479	0.289361	none	keep	¿±ø¯≈√		Healthy	0	include	0.479302	0.391995	0.136479	0.289361
test	Mixed(124)	Mixed(124).txt	5	2	Healthy	0.576964	0.248426	0.108927	0.198111	none	keep	¿±ø¯≈√		Healthy	0	include	0.576964	0.248426	0.108927	0.198111
test	Mixed(124)	Mixed(124).txt	6	2	Healthy	0.376005	0.201681	0.105177	0.18475	none	keep	¿±ø¯≈√		Healthy	0	include	0.376005	0.201681	0.105177	0.18475
test	Mixed(2)	Mixed(2).txt	1	2	Healthy	0.658799	0.345343	0.264526	0.533519	none	keep	¿±ø¯≈√		Healthy	0	include	0.658799	0.345343	0.264526	0.533519
test	Mixed(2)	Mixed(2).txt	2	2	Healthy	0.455375	0.755176	0.262979	0.489648	none	keep	¿±ø¯≈√		Healthy	0	include	0.455375	0.755176	0.262979	0.489648
test	Mixed(2)	Mixed(2).txt	3	2	Healthy	0.348638	0.676727	0.219661	0.585769	none	keep	¿±ø¯≈√		Healthy	0	include	0.348638	0.676727	0.219661	0.585769
test	Mixed(2)	Mixed(2).txt	4	2	Healthy	0.238034	0.242801	0.276901	0.485602	none	keep	¿±ø¯≈√		Healthy	0	include	0.238034	0.242801	0.276901	0.485602
test	Mixed(30)	Mixed(30).txt	1	2	Healthy	0.911171	0.349846	0.154898	0.110776	none	keep	¿±ø¯≈√		Healthy	0	include	0.911171	0.349846	0.154898	0.110776
test	Mixed(30)	Mixed(30).txt	2	2	Healthy	0.776181	0.36976	0.154898	0.110781	none	keep	¿±ø¯≈√		Healthy	0	include	0.776181	0.36976	0.154898	0.110781
test	Mixed(30)	Mixed(30).txt	3	2	Healthy	0.384227	0.226872	0.160083	0.104266	none	keep	¿±ø¯≈√		Healthy	0	include	0.384227	0.226872	0.160083	0.104266
test	Mixed(30)	Mixed(30).txt	4	1	Anthracnose	0.107593	0.452781	0.123574	0.07899	ambiguous	hold	¿±ø¯≈√		Disease	0	include	0.107593	0.452781	0.123574	0.07899
test	Mixed(39)	Mixed(39).txt	1	3	Scab	0.898699	0.75007	0.16375	0.102786	class_wrong	drop	¿±ø¯≈√	ºˆ¡§ øœ∑·	Disease	0	include	0.898699	0.75007	0.16375	0.102786
test	Mixed(39)	Mixed(39).txt	2	1	Anthracnose	0.844986	0.924682	0.101917	0.065438	none	keep	¿±ø¯≈√		Disease	0	include	0.844986	0.924682	0.101917	0.065438
test	Mixed(39)	Mixed(39).txt	3	2	Healthy	0.114773	0.901016	0.130935	0.079323	none	keep	¿±ø¯≈√		Healthy	0	include	0.114773	0.901016	0.130935	0.079323
test	Mixed(39)	Mixed(39).txt	4	2	Healthy	0.612824	0.68293	0.132907	0.100766	none	keep	¿±ø¯≈√		Healthy	0	include	0.612824	0.68293	0.132907	0.100766
test	Mixed(75)	Mixed(75).txt	1	1	Anthracnose	0.31587	0.634617	0.112611	0.085276	none	keep	¿±ø¯≈√		Disease	0	include	0.31587	0.634617	0.112611	0.085276
test	Mixed(75)	Mixed(75).txt	2	2	Healthy	0.320199	0.687	0.138602	0.063344	ambiguous	hold	¿±ø¯≈√		Healthy	0	include	0.320199	0.687	0.138602	0.063344
test	Mixed(75)	Mixed(75).txt	3	1	Anthracnose	0.473963	0.313018	0.229556	0.192474	class_wrong	drop	¿±ø¯≈√	ºˆ¡§ øœ∑·	Disease	0	include	0.473963	0.313018	0.229556	0.192474
test	Mixed(75)	Mixed(75).txt	4	2	Healthy	0.686199	0.2515	0.08662	0.067	none	keep	¿±ø¯≈√		Healthy	0	include	0.686199	0.2515	0.08662	0.067
test	Mixed(75)	Mixed(75).txt	5	2	Healthy	0.104718	0.22957	0.123435	0.105984	none	keep	¿±ø¯≈√		Healthy	0	include	0.104718	0.22957	0.123435	0.105984
test	Mixed(75)	Mixed(75).txt	6	1	Anthracnose	0.436065	0.524372	0.166759	0.154714	none	keep	¿±ø¯≈√		Disease	0	include	0.436065	0.524372	0.166759	0.154714
test	Mixed(75)	Mixed(75).txt	7	1	Anthracnose	0.149111	0.528638	0.125611	0.099891	none	keep	¿±ø¯≈√		Disease	0	include	0.149111	0.528638	0.125611	0.099891
test	Mixed(75)	Mixed(75).txt	8	1	Anthracnose	0.202171	0.500008	0.110454	0.096234	none	keep	¿±ø¯≈√		Disease	0	include	0.202171	0.500008	0.110454	0.096234
test	Mixed(84)	Mixed(84).txt	1	2	Healthy	0.326139	0.517948	0.149259	0.110469	none	keep	¿±ø¯≈√		Healthy	0	include	0.326139	0.517948	0.149259	0.110469
test	Mixed(84)	Mixed(84).txt	2	2	Healthy	0.451023	0.570784	0.052713	0.04288	ambiguous	hold	¿±ø¯≈√		Healthy	0	include	0.451023	0.570784	0.052713	0.04288
test	Mixed(84)	Mixed(84).txt	3	2	Healthy	0.612278	0.929107	0.114259	0.080443	none	keep	¿±ø¯≈√		Healthy	0	include	0.612278	0.929107	0.114259	0.080443
test	Mixed(84)	Mixed(84).txt	4	2	Healthy	0.050356	0.492003	0.100713	0.143339	none	keep	¿±ø¯≈√		Healthy	0	include	0.050356	0.492003	0.100713	0.143339
test	Mixed(84)	Mixed(84).txt	5	3	Scab	0.416583	0.649935	0.052278	0.036995	ambiguous	hold	¿±ø¯≈√		Disease	0	include	0.416583	0.649935	0.052278	0.036995
test	Mixed(84)	Mixed(84).txt	6	3	Scab	0.828963	0.920036	0.091037	0.079552	none	keep	¿±ø¯≈√		Disease	0	include	0.828963	0.920036	0.091037	0.079552
test	Mixed(84)	Mixed(84).txt	7	3	Scab	0.594167	0.714651	0.147185	0.122979	none	keep	¿±ø¯≈√		Disease	0	include	0.594167	0.714651	0.147185	0.122979
test	Mixed(89)	Mixed(89).txt	1	2	Healthy	0.482826	0.919907	0.137578	0.160185	none	keep	¿±ø¯≈√		Healthy	0	include	0.482826	0.919907	0.137578	0.160185
test	Mixed(89)	Mixed(89).txt	2	2	Healthy	0.905177	0.670796	0.092656	0.168389	none	keep	¿±ø¯≈√		Healthy	0	include	0.905177	0.670796	0.092656	0.168389
test	Mixed(89)	Mixed(89).txt	3	2	Healthy	0.771953	0.694505	0.105333	0.229491	none	keep	¿±ø¯≈√		Healthy	0	include	0.771953	0.694505	0.105333	0.229491
test	Mixed(89)	Mixed(89).txt	4	2	Healthy	0.398987	0.771889	0.126828	0.323111	none	keep	¿±ø¯≈√		Healthy	0	include	0.398987	0.771889	0.126828	0.323111
test	Mixed(9)	Mixed(9).txt	1	2	Healthy	0.213565	0.692056	0.083464	0.169852	none	keep	¿±ø¯≈√		Healthy	0	include	0.213565	0.692056	0.083464	0.169852
test	Mixed(9)	Mixed(9).txt	2	2	Healthy	0.136141	0.579792	0.115312	0.269435	ambiguous	hold	¿±ø¯≈√		Healthy	0	include	0.136141	0.579792	0.115312	0.269435
test	Mixed(9)	Mixed(9).txt	3	1	Anthracnose	0.630341	0.743796	0.23612	0.476389	none	keep	¿±ø¯≈√		Disease	0	include	0.630341	0.743796	0.23612	0.476389
test	Mixed(93)	Mixed(93).txt	1	2	Healthy	0.711365	0.226856	0.234458	0.453713	none	keep	¿±ø¯≈√		Healthy	0	include	0.711365	0.226856	0.234458	0.453713
test	Mixed(93)	Mixed(93).txt	2	2	Healthy	0.283651	0.675273	0.302937	0.649454	none	keep	¿±ø¯≈√		Healthy	0	include	0.283651	0.675273	0.302937	0.649454
test	Scab (104)	Scab (104).txt	1	3	Scab	0.467014	0.545356	0.610532	0.488281	none	keep	¿±ø¯≈√		Disease	0	include	0.467014	0.545356	0.610532	0.488281
test	Scab (117)	Scab (117).txt	1	3	Scab	0.498843	0.644097	0.587384	0.529514	none	keep	¿±ø¯≈√		Disease	0	include	0.498843	0.644097	0.587384	0.529514
test	Scab (12)	Scab (12).txt	1	3	Scab	0.429398	0.600694	0.523727	0.529514	none	keep	¿±ø¯≈√		Disease	0	include	0.429398	0.600694	0.523727	0.529514
test	Scab (126)	Scab (126).txt	1	3	Scab	0.523438	0.641927	0.648148	0.533854	none	keep	¿±ø¯≈√		Disease	0	include	0.523438	0.641927	0.648148	0.533854
test	Scab (134)	Scab (134).txt	1	3	Scab	0.501736	0.579644	0.587384	0.492622	none	keep	¿±ø¯≈√		Disease	0	include	0.501736	0.579644	0.587384	0.492622
test	Scab (145)	Scab (145).txt	1	3	Scab	0.630498	0.664497	0.734954	0.671007	none	keep	¿±ø¯≈√		Disease	0	include	0.630498	0.664497	0.734954	0.671007
test	Scab (164)	Scab (164).txt	1	3	Scab	0.432292	0.662109	0.523727	0.479601	none	keep	¿±ø¯≈√		Disease	0	include	0.432292	0.662109	0.523727	0.479601
test	Scab (176)	Scab (176).txt	1	3	Scab	0.527778	0.714193	0.714699	0.553385	none	keep	¿±ø¯≈√		Disease	0	include	0.527778	0.714193	0.714699	0.553385
test	Scab (178)	Scab (178).txt	1	3	Scab	0.510417	0.640408	0.564236	0.414497	none	keep	¿±ø¯≈√		Disease	0	include	0.510417	0.640408	0.564236	0.414497
test	Scab (186)	Scab (186).txt	1	3	Scab	0.435185	0.681641	0.645255	0.549045	none	keep	¿±ø¯≈√		Disease	0	include	0.435185	0.681641	0.645255	0.549045
test	Scab (186)	Scab (186).txt	2	3	Scab	0.125723	0.676215	0.251447	0.460069	none	keep	¿±ø¯≈√		Disease	0	include	0.125723	0.676215	0.251447	0.460069
test	Scab (189)	Scab (189).txt	1	3	Scab	0.477141	0.652344	0.520833	0.516493	none	keep	¿±ø¯≈√		Disease	0	include	0.477141	0.652344	0.520833	0.516493
test	Scab (26)	Scab (26).txt	1	3	Scab	0.435185	0.630642	0.604745	0.503472	none	keep	¿±ø¯≈√		Disease	0	include	0.435185	0.630642	0.604745	0.503472
test	Scab (29)	Scab (29).txt	1	3	Scab	0.206597	0.567708	0.402199	0.290799	none	keep	¿±ø¯≈√		Disease	0	include	0.206597	0.567708	0.402199	0.290799
test	Scab (29)	Scab (29).txt	2	3	Scab	0.549479	0.699002	0.41088	0.345052	none	keep	¿±ø¯≈√		Disease	0	include	0.549479	0.699002	0.41088	0.345052
test	Scab (32)	Scab (32).txt	1	3	Scab	0.516204	0.543837	0.384838	0.342882	none	keep	¿±ø¯≈√		Disease	0	include	0.516204	0.543837	0.384838	0.342882
test	Scab (32)	Scab (32).txt	2	3	Scab	0.086661	0.904297	0.173322	0.191406	none	keep	¿±ø¯≈√		Disease	0	include	0.086661	0.904297	0.173322	0.191406
test	Scab (35)	Scab (35).txt	1	3	Scab	0.574074	0.592665	0.483218	0.371094	none	keep	¿±ø¯≈√		Disease	0	include	0.574074	0.592665	0.483218	0.371094
test	Scab (64)	Scab (64).txt	1	3	Scab	0.45978	0.654514	0.462963	0.633681	none	keep	¿±ø¯≈√		Disease	0	include	0.45978	0.654514	0.462963	0.633681
test	Scab (64)	Scab (64).txt	2	3	Scab	0.805556	0.335503	0.315394	0.277778	ambiguous	hold	¿±ø¯≈√		Disease	0	include	0.805556	0.335503	0.315394	0.277778
test	Scab (7)	Scab (7).txt	1	3	Scab	0.468461	0.604601	0.434028	0.334201	none	keep	¿±ø¯≈√		Disease	0	include	0.468461	0.604601	0.434028	0.334201
test	Scab (70)	Scab (70).txt	1	3	Scab	0.523438	0.664497	0.659722	0.671007	ambiguous	hold	¿±ø¯≈√		Disease	0	include	0.523438	0.664497	0.659722	0.671007
test	Scab (70)	Scab (70).txt	2	3	Scab	0.425058	0.267144	0.208333	0.184462	none	keep	¿±ø¯≈√		Disease	0	include	0.425058	0.267144	0.208333	0.184462
test	Scab (74)	Scab (74).txt	1	3	Scab	0.383102	0.607856	0.564236	0.523003	none	keep	¿±ø¯≈√		Disease	0	include	0.383102	0.607856	0.564236	0.523003
test	Scab (80)	Scab (80).txt	1	3	Scab	0.228299	0.409288	0.439815	0.407986	none	keep	¿±ø¯≈√		Disease	0	include	0.228299	0.409288	0.439815	0.407986
test	Scab (80)	Scab (80).txt	2	3	Scab	0.514757	0.628472	0.381944	0.494792	none	keep	¿±ø¯≈√		Disease	0	include	0.514757	0.628472	0.381944	0.494792
test	Scab (80)	Scab (80).txt	3	3	Scab	0.592882	0.83572	0.243056	0.227865	none	keep	¿±ø¯≈√		Disease	0	include	0.592882	0.83572	0.243056	0.227865
test	Scab (80)	Scab (80).txt	4	3	Scab	0.897714	0.889106	0.204572	0.221788	none	keep	¿±ø¯≈√		Disease	0	include	0.897714	0.889106	0.204572	0.221788
test	Scab (84)	Scab (84).txt	1	3	Scab	0.440972	0.736979	0.460069	0.347222	none	keep	¿±ø¯≈√		Disease	0	include	0.440972	0.736979	0.460069	0.347222
test	Scab (84)	Scab (84).txt	2	3	Scab	0.603009	0.601345	0.402199	0.292969	none	keep	¿±ø¯≈√		Disease	0	include	0.603009	0.601345	0.402199	0.292969
test	Scab (88)	Scab (88).txt	1	3	Scab	0.461227	0.594835	0.720486	0.648872	none	keep	¿±ø¯≈√		Disease	0	include	0.461227	0.594835	0.720486	0.648872
test	Scab (89)	Scab (89).txt	1	3	Scab	0.435185	0.699002	0.512153	0.536024	none	keep	¿±ø¯≈√		Disease	0	include	0.435185	0.699002	0.512153	0.536024
test	Scab (91)	Scab (91).txt	1	3	Scab	0.529225	0.720703	0.393519	0.501302	none	keep	¿±ø¯≈√		Disease	0	include	0.529225	0.720703	0.393519	0.501302
test	Scab (91)	Scab (91).txt	2	3	Scab	0.245804	0.867405	0.491609	0.265191	none	keep	¿±ø¯≈√		Disease	0	include	0.245804	0.867405	0.491609	0.265191
test	Scab (92)	Scab (92).txt	1	3	Scab	0.539352	0.646918	0.41956	0.479601	none	keep	¿±ø¯≈√		Disease	0	include	0.539352	0.646918	0.41956	0.479601
test	Scab (93)	Scab (93).txt	1	3	Scab	0.373119	0.523438	0.746238	0.953125	none	keep	¿±ø¯≈√		Disease	0	include	0.373119	0.523438	0.746238	0.953125
test	Scab (95)	Scab (95).txt	1	3	Scab	0.493056	0.627604	0.57581	0.744792	none	keep	¿±ø¯≈√		Disease	0	include	0.493056	0.627604	0.57581	0.744792
test	Scab (98)	Scab (98).txt	1	3	Scab	0.446759	0.694878	0.598958	0.610243	none	keep	¿±ø¯≈√		Disease	0	include	0.446759	0.694878	0.598958	0.610243
test	Scab (98)	Scab (98).txt	2	3	Scab	0.167535	0.624132	0.202546	0.364583	none	keep	¿±ø¯≈√		Disease	0	include	0.167535	0.624132	0.202546	0.364583
test	Scab (99)	Scab (99).txt	1	3	Scab	0.289062	0.564453	0.52662	0.483941	none	keep	¿±ø¯≈√		Disease	0	include	0.289062	0.564453	0.52662	0.483941
test	Scab (99)	Scab (99).txt	2	3	Scab	0.669126	0.677517	0.661748	0.644965	none	keep	¿±ø¯≈√		Disease	0	include	0.669126	0.677517	0.661748	0.644965
train	Alternaria (1)	Alternaria (1).txt	1	0	Alternaria	0.415687	0.393304	0.518736	0.47821	none	keep	¿±ø¯≈√		Disease	1	exclude				
train	Alternaria (100)	Alternaria (100).txt	1	0	Alternaria	0.413623	0.607662	0.827245	0.540918	none	keep	¿±ø¯≈√		Disease	1	exclude				
train	Alternaria (101)	Alternaria (101).txt	1	0	Alternaria	0.416127	0.646164	0.832254	0.561578	none	keep	¿±ø¯≈√		Disease	1	exclude				
train	Alternaria (103)	Alternaria (103).txt	1	0	Alternaria	0.562961	0.469123	0.557819	0.938247	none	keep	¿±ø¯≈√		Disease	1	exclude				
train	Alternaria (105)	Alternaria (105).txt	1	0	Alternaria	0.69326	0.484664	0.432452	0.726858	none	keep	¿±ø¯≈√		Disease	0	include	0.69326	0.484664	0.432452	0.726858
train	Alternaria (106)	Alternaria (106).txt	1	0	Alternaria	0.586909	0.525045	0.46485	0.55594	none	keep	¿±ø¯≈√		Disease	0	include	0.586909	0.525045	0.46485	0.55594
train	Alternaria (107)	Alternaria (107).txt	1	0	Alternaria	0.629871	0.482785	0.454989	0.569089	none	keep	¿±ø¯≈√		Disease	0	include	0.629871	0.482785	0.454989	0.569089
train	Alternaria (108)	Alternaria (108).txt	1	0	Alternaria	0.710868	0.533497	0.419774	0.448886	none	keep	¿±ø¯≈√		Disease	0	include	0.710868	0.533497	0.419774	0.448886
train	Alternaria (109)	Alternaria (109).txt	1	0	Alternaria	0.355891	0.487481	0.377515	0.431982	none	keep	¿±ø¯≈√		Disease	0	include	0.355891	0.487481	0.377515	0.431982
train	Alternaria (11)	Alternaria (11).txt	1	0	Alternaria	0.545353	0.584209	0.398644	0.606652	none	keep	¿±ø¯≈√		Disease	1	exclude				
train	Alternaria (112)	Alternaria (112).txt	1	0	Alternaria	0.400271	0.627383	0.653608	0.460156	none	keep	¿±ø¯≈√		Disease	0	include	0.400271	0.627383	0.653608	0.460156
train	Alternaria (113)	Alternaria (113).txt	1	0	Alternaria	0.471644	0.552256	0.450764	0.354976	none	keep	¿±ø¯≈√		Disease	0	include	0.471644	0.552256	0.450764	0.354976
train	Alternaria (114)	Alternaria (114).txt	1	0	Alternaria	0.553101	0.393056	0.425408	0.786111	none	keep	¿±ø¯≈√		Disease	0	include	0.553101	0.393056	0.425408	0.786111
train	Alternaria (115)	Alternaria (115).txt	1	0	Alternaria	0.589342	0.666825	0.656114	0.400052	none	keep	¿±ø¯≈√		Disease	0	include	0.589342	0.666825	0.656114	0.400052
train	Alternaria (116)	Alternaria (116).txt	1	0	Alternaria	0.386177	0.522228	0.316942	0.512743	none	keep	¿±ø¯≈√		Disease	0	include	0.386177	0.522228	0.316942	0.512743
train	Alternaria (117)	Alternaria (117).txt	1	0	Alternaria	0.414045	0.704388	0.591001	0.50523	none	keep	¿±ø¯≈√		Disease	0	include	0.414045	0.704388	0.591001	0.50523
train	Alternaria (118)	Alternaria (118).txt	1	0	Alternaria	0.471642	0.648043	0.545923	0.317413	none	keep	¿±ø¯≈√		Disease	0	include	0.471642	0.648043	0.545923	0.317413
train	Alternaria (119)	Alternaria (119).txt	1	0	Alternaria	0.470389	0.590757	0.473302	0.394418	none	keep	¿±ø¯≈√		Disease	0	include	0.470389	0.590757	0.473302	0.394418
train	Alternaria (120)	Alternaria (120).txt	1	0	Alternaria	0.632445	0.517616	0.73511	0.585966	none	keep	¿±ø¯≈√		Disease	0	include	0.632445	0.517616	0.73511	0.585966
train	Alternaria (121)	Alternaria (121).txt	1	0	Alternaria	0.587698	0.551826	0.673683	0.636842	none	keep	¿±ø¯≈√		Disease	0	include	0.587698	0.551826	0.673683	0.636842
train	Alternaria (122)	Alternaria (122).txt	1	0	Alternaria	0.470739	0.538669	0.617543	0.547368	none	keep	¿±ø¯≈√		Disease	0	include	0.470739	0.538669	0.617543	0.547368
train	Alternaria (123)	Alternaria (123).txt	1	0	Alternaria	0.626295	0.445686	0.661988	0.575438	none	keep	¿±ø¯≈√		Disease	0	include	0.626295	0.445686	0.661988	0.575438
train	Alternaria (124)	Alternaria (124).txt	1	0	Alternaria	0.480097	0.57288	0.673683	0.650877	none	keep	¿±ø¯≈√		Disease	0	include	0.480097	0.57288	0.673683	0.650877
train	Alternaria (125)	Alternaria (125).txt	1	0	Alternaria	0.487114	0.556212	0.589476	0.435089	none	keep	¿±ø¯≈√		Disease	0	include	0.487114	0.556212	0.589476	0.435089
train	Alternaria (127)	Alternaria (127).txt	1	0	Alternaria	0.478927	0.482528	0.909942	0.821055	none	keep	¿±ø¯≈√		Disease	0	include	0.478927	0.482528	0.909942	0.821055
train	Alternaria (128)	Alternaria (128).txt	1	0	Alternaria	0.490624	0.608843	0.694737	0.708772	none	keep	¿±ø¯≈√		Disease	0	include	0.490624	0.608843	0.694737	0.708772
train	Alternaria (129)	Alternaria (129).txt	1	0	Alternaria	0.463723	0.584282	0.781288	0.733333	none	keep	¿±ø¯≈√		Disease	0	include	0.463723	0.584282	0.781288	0.733333
train	Alternaria (13)	Alternaria (13).txt	1	0	Alternaria	0.374283	0.602552	0.378947	0.654387	none	keep	¿±ø¯≈√		Disease	1	exclude				
train	Alternaria (130)	Alternaria (130).txt	1	0	Alternaria	0.439161	0.606212	0.610527	0.756139	none	keep	¿±ø¯≈√		Disease	0	include	0.439161	0.606212	0.610527	0.756139
train	Alternaria (130)	Alternaria (130).txt	2	0	Alternaria	0.525706	0.176388	0.615197	0.349121	none	keep	¿±ø¯≈√		Disease	0	include	0.525706	0.176388	0.615197	0.349121
train	Alternaria (131)	Alternaria (131).txt	1	0	Alternaria	0.207299	0.283406	0.414598	0.563158	none	keep	¿±ø¯≈√		Disease	0	include	0.207299	0.283406	0.414598	0.563158
train	Alternaria (131)	Alternaria (131).txt	2	0	Alternaria	0.506998	0.528142	0.694737	0.649123	none	keep	¿±ø¯≈√		Disease	0	include	0.506998	0.528142	0.694737	0.649123
train	Alternaria (131)	Alternaria (131).txt	3	0	Alternaria	0.741218	0.231651	0.517564	0.456141	none	keep	¿±ø¯≈√		Disease	0	include	0.741218	0.231651	0.517564	0.456141
train	Alternaria (131)	Alternaria (131).txt	4	0	Alternaria	0.856047	0.684028	0.287905	0.429688	none	keep	¿±ø¯≈√		Disease	0	include	0.856047	0.684028	0.287905	0.429688
train	Alternaria (131)	Alternaria (131).txt	5	0	Alternaria	0.550058	0.910373	0.787037	0.179253	none	keep	¿±ø¯≈√		Disease	0	include	0.550058	0.910373	0.787037	0.179253
train	Alternaria (132)	Alternaria (132).txt	1	0	Alternaria	0.399595	0.541884	0.613426	0.553385	none	keep	¿±ø¯≈√		Disease	0	include	0.399595	0.541884	0.613426	0.553385
train	Alternaria (133)	Alternaria (133).txt	1	0	Alternaria	0.480613	0.533203	0.619213	0.605469	none	keep	¿±ø¯≈√		Disease	0	include	0.480613	0.533203	0.619213	0.605469
train	Alternaria (135)	Alternaria (135).txt	1	0	Alternaria	0.460359	0.546224	0.555556	0.531684	none	keep	¿±ø¯≈√		Disease	0	include	0.460359	0.546224	0.555556	0.531684
train	Alternaria (136)	Alternaria (136).txt	1	0	Alternaria	0.600694	0.49197	0.552662	0.501302	none	keep	¿±ø¯≈√		Disease	0	include	0.600694	0.49197	0.552662	0.501302
train	Alternaria (137)	Alternaria (137).txt	1	0	Alternaria	0.525463	0.467014	0.651042	0.668403	none	keep	¿±ø¯≈√		Disease	0	include	0.525463	0.467014	0.651042	0.668403
train	Alternaria (139)	Alternaria (139).txt	1	0	Alternaria	0.516782	0.5625	0.760995	0.716146	none	keep	¿±ø¯≈√		Disease	0	include	0.516782	0.5625	0.760995	0.716146
train	Alternaria (14)	Alternaria (14).txt	1	0	Alternaria	0.511013	0.354094	0.385742	0.598958	none	keep	¿±ø¯≈√		Disease	1	exclude				
train	Alternaria (140)	Alternaria (140).txt	1	0	Alternaria	0.450231	0.553819	0.662616	0.655382	none	keep	¿±ø¯≈√		Disease	0	include	0.450231	0.553819	0.662616	0.655382
train	Alternaria (141)	Alternaria (141).txt	1	0	Alternaria	0.469039	0.540799	0.763889	0.625	none	keep	¿±ø¯≈√		Disease	0	include	0.469039	0.540799	0.763889	0.625
train	Alternaria (141)	Alternaria (141).txt	2	0	Alternaria	0.759115	0.9375	0.481771	0.125	none	keep	¿±ø¯≈√		Disease	0	include	0.759115	0.9375	0.481771	0.125
train	Alternaria (141)	Alternaria (141).txt	3	0	Alternaria	0.808304	0.090278	0.383391	0.180556	none	keep	¿±ø¯≈√		Disease	0	include	0.808304	0.090278	0.383391	0.180556
train	Alternaria (142)	Alternaria (142).txt	1	0	Alternaria	0.480613	0.602648	0.68287	0.614149	none	keep	¿±ø¯≈√		Disease	0	include	0.480613	0.602648	0.68287	0.614149
train	Alternaria (142)	Alternaria (142).txt	2	0	Alternaria	0.798177	0.116319	0.403646	0.232639	none	keep	¿±ø¯≈√		Disease	0	include	0.798177	0.116319	0.403646	0.232639
train	Alternaria (142)	Alternaria (142).txt	3	0	Alternaria	0.208478	0.221571	0.416956	0.443142	none	keep	¿±ø¯≈√		Disease	0	include	0.208478	0.221571	0.416956	0.443142
train	Alternaria (142)	Alternaria (142).txt	4	0	Alternaria	0.775029	0.877821	0.449942	0.244358	none	keep	¿±ø¯≈√		Disease	0	include	0.775029	0.877821	0.449942	0.244358
train	Alternaria (142)	Alternaria (142).txt	5	0	Alternaria	0.170862	0.908203	0.341725	0.183594	none	keep	¿±ø¯≈√		Disease	0	include	0.170862	0.908203	0.341725	0.183594
train	Alternaria (143)	Alternaria (143).txt	1	0	Alternaria	0.48206	0.603733	0.842014	0.538194	none	keep	¿±ø¯≈√		Disease	0	include	0.48206	0.603733	0.842014	0.538194
train	Alternaria (143)	Alternaria (143).txt	2	0	Alternaria	0.805411	0.180339	0.389178	0.360677	none	keep	¿±ø¯≈√		Disease	0	include	0.805411	0.180339	0.389178	0.360677
train	Alternaria (143)	Alternaria (143).txt	3	0	Alternaria	0.240307	0.251953	0.480613	0.503906	none	keep	¿±ø¯≈√		Disease	0	include	0.240307	0.251953	0.480613	0.503906
train	Alternaria (143)	Alternaria (143).txt	4	0	Alternaria	0.827112	0.828993	0.345775	0.342014	none	keep	¿±ø¯≈√		Disease	0	include	0.827112	0.828993	0.345775	0.342014
train	Alternaria (143)	Alternaria (143).txt	5	0	Alternaria	0.211372	0.936415	0.422743	0.12717	none	keep	¿±ø¯≈√		Disease	0	include	0.211372	0.936415	0.422743	0.12717
train	Alternaria (144)	Alternaria (144).txt	1	0	Alternaria	0.544271	0.595052	0.665509	0.642361	none	keep	¿±ø¯≈√		Disease	0	include	0.544271	0.595052	0.665509	0.642361
train	Alternaria (144)	Alternaria (144).txt	2	0	Alternaria	0.176649	0.391059	0.353299	0.598958	none	keep	¿±ø¯≈√		Disease	0	include	0.176649	0.391059	0.353299	0.598958
train	Alternaria (144)	Alternaria (144).txt	3	0	Alternaria	0.803964	0.190104	0.392072	0.380208	none	keep	¿±ø¯≈√		Disease	0	include	0.803964	0.190104	0.392072	0.380208
train	Alternaria (144)	Alternaria (144).txt	4	0	Alternaria	0.814091	0.806207	0.371817	0.387587	none	keep	¿±ø¯≈√		Disease	0	include	0.814091	0.806207	0.371817	0.387587
train	Alternaria (144)	Alternaria (144).txt	5	0	Alternaria	0.399595	0.079427	0.503472	0.158854	none	keep	¿±ø¯≈√		Disease	0	include	0.399595	0.079427	0.503472	0.158854
train	Alternaria (146)	Alternaria (146).txt	1	0	Alternaria	0.43287	0.627604	0.685764	0.651042	none	keep	¿±ø¯≈√		Disease	0	include	0.43287	0.627604	0.685764	0.651042
train	Alternaria (146)	Alternaria (146).txt	2	0	Alternaria	0.803964	0.77691	0.392072	0.446181	none	keep	¿±ø¯≈√		Disease	0	include	0.803964	0.77691	0.392072	0.446181
train	Alternaria (146)	Alternaria (146).txt	3	0	Alternaria	0.102865	0.465929	0.205729	0.431858	none	keep	¿±ø¯≈√		Disease	0	include	0.102865	0.465929	0.205729	0.431858
train	Alternaria (147)	Alternaria (147).txt	1	0	Alternaria	0.13614	0.377821	0.27228	0.755642	none	keep	¿±ø¯≈√		Disease	0	include	0.13614	0.377821	0.27228	0.755642
train	Alternaria (147)	Alternaria (147).txt	2	0	Alternaria	0.565972	0.62717	0.789931	0.74566	none	keep	¿±ø¯≈√		Disease	0	include	0.565972	0.62717	0.789931	0.74566
train	Alternaria (147)	Alternaria (147).txt	3	0	Alternaria	0.695457	0.157552	0.609086	0.315104	none	keep	¿±ø¯≈√		Disease	0	include	0.695457	0.157552	0.609086	0.315104
train	Alternaria (149)	Alternaria (149).txt	1	0	Alternaria	0.487847	0.694878	0.818866	0.507812	none	keep	¿±ø¯≈√		Disease	0	include	0.487847	0.694878	0.818866	0.507812
train	Alternaria (149)	Alternaria (149).txt	2	0	Alternaria	0.751881	0.198785	0.496238	0.397569	none	keep	¿±ø¯≈√		Disease	0	include	0.751881	0.198785	0.496238	0.397569
train	Alternaria (149)	Alternaria (149).txt	3	0	Alternaria	0.149161	0.389974	0.298322	0.692274	none	keep	¿±ø¯≈√		Disease	0	include	0.149161	0.389974	0.298322	0.692274
train	Alternaria (149)	Alternaria (149).txt	4	0	Alternaria	0.782263	0.824653	0.435475	0.350694	none	keep	¿±ø¯≈√		Disease	0	include	0.782263	0.824653	0.435475	0.350694
train	Alternaria (15)	Alternaria (15).txt	1	0	Alternaria	0.546007	0.29116	0.364583	0.559896	none	keep	¿±ø¯≈√		Disease	1	exclude				
train	Alternaria (150)	Alternaria (150).txt	1	0	Alternaria	0.451678	0.601562	0.862269	0.655382	none	keep	¿±ø¯≈√		Disease	0	include	0.451678	0.601562	0.862269	0.655382
train	Alternaria (151)	Alternaria (151).txt	1	0	Alternaria	0.412471	0.542969	0.824942	0.711806	none	keep	¿±ø¯≈√		Disease	0	include	0.412471	0.542969	0.824942	0.711806
train	Alternaria (151)	Alternaria (151).txt	2	0	Alternaria	0.766348	0.142361	0.467303	0.284722	none	keep	¿±ø¯≈√		Disease	0	include	0.766348	0.142361	0.467303	0.284722
train	Alternaria (151)	Alternaria (151).txt	3	0	Alternaria	0.141927	0.232422	0.283854	0.464844	none	keep	¿±ø¯≈√		Disease	0	include	0.141927	0.232422	0.283854	0.464844
train	Alternaria (152)	Alternaria (152).txt	1	0	Alternaria	0.403935	0.561415	0.749421	0.696615	none	keep	¿±ø¯≈√		Disease	0	include	0.403935	0.561415	0.749421	0.696615
train	Alternaria (152)	Alternaria (152).txt	2	0	Alternaria	0.85026	0.793186	0.299479	0.413628	none	keep	¿±ø¯≈√		Disease	0	include	0.85026	0.793186	0.299479	0.413628
train	Alternaria (152)	Alternaria (152).txt	3	0	Alternaria	0.884983	0.184679	0.230035	0.369358	none	keep	¿±ø¯≈√		Disease	0	include	0.884983	0.184679	0.230035	0.369358
train	Alternaria (153)	Alternaria (153).txt	1	0	Alternaria	0.447338	0.563585	0.627894	0.605469	none	keep	¿±ø¯≈√		Disease	0	include	0.447338	0.563585	0.627894	0.605469
train	Alternaria (153)	Alternaria (153).txt	2	0	Alternaria	0.773582	0.215061	0.452836	0.430122	none	keep	¿±ø¯≈√		Disease	0	include	0.773582	0.215061	0.452836	0.430122
train	Alternaria (153)	Alternaria (153).txt	3	0	Alternaria	0.854601	0.636285	0.290799	0.416667	none	keep	¿±ø¯≈√		Disease	0	include	0.854601	0.636285	0.290799	0.416667
train	Alternaria (153)	Alternaria (153).txt	4	0	Alternaria	0.176649	0.215061	0.353299	0.430122	none	keep	¿±ø¯≈√		Disease	0	include	0.176649	0.215061	0.353299	0.430122
train	Alternaria (155)	Alternaria (155).txt	1	0	Alternaria	0.456019	0.613064	0.633681	0.614149	none	keep	¿±ø¯≈√		Disease	0	include	0.456019	0.613064	0.633681	0.614149
train	Alternaria (155)	Alternaria (155).txt	2	0	Alternaria	0.332899	0.218099	0.665799	0.436198	none	keep	¿±ø¯≈√		Disease	0	include	0.332899	0.218099	0.665799	0.436198
train	Alternaria (155)	Alternaria (155).txt	3	0	Alternaria	0.78805	0.203993	0.4239	0.407986	none	keep	¿±ø¯≈√		Disease	0	include	0.78805	0.203993	0.4239	0.407986
train	Alternaria (155)	Alternaria (155).txt	4	0	Alternaria	0.84592	0.825521	0.30816	0.348958	none	keep	¿±ø¯≈√		Disease	0	include	0.84592	0.825521	0.30816	0.348958
train	Alternaria (156)	Alternaria (156).txt	1	0	Alternaria	0.526828	0.442039	0.576812	0.602891	ambiguous	delete	¿±ø¯≈√	¿˙»≠¡˙∑Œ ∆«∫∞ æÓ∑¡øÚ	Disease	0	exclude				
train	Alternaria (159)	Alternaria (159).txt	1	0	Alternaria	0.441156	0.522312	0.411219	0.476156	none	keep	¿±ø¯≈√		Disease	0	include	0.441156	0.522312	0.411219	0.476156
train	Alternaria (16)	Alternaria (16).txt	1	0	Alternaria	0.436957	0.457827	0.511068	0.685764	none	keep	¿±ø¯≈√		Disease	1	exclude				
train	Alternaria (160)	Alternaria (160).txt	1	0	Alternaria	0.64243	0.374781	0.549734	0.749563	none	keep	¿±ø¯≈√		Disease	0	include	0.64243	0.374781	0.549734	0.749563
train	Alternaria (161)	Alternaria (161).txt	1	0	Alternaria	0.590492	0.380555	0.502109	0.391734	ambiguous	delete	¿±ø¯≈√	¿˙»≠¡˙∑Œ ∆«∫∞ æÓ∑¡øÚ	Disease	0	exclude				
train	Alternaria (162)	Alternaria (162).txt	1	0	Alternaria	0.673813	0.541797	0.629812	0.554062	ambiguous	delete	¿±ø¯≈√	¿˙»≠¡˙∑Œ ∆«∫∞ æÓ∑¡øÚ	Disease	0	exclude				
train	Alternaria (163)	Alternaria (163).txt	1	0	Alternaria	0.306969	0.344844	0.484813	0.601687	none	keep	¿±ø¯≈√		Disease	0	include	0.306969	0.344844	0.484813	0.601687
train	Alternaria (164)	Alternaria (164).txt	1	0	Alternaria	0.538547	0.400031	0.718562	0.577875	ambiguous	delete	¿±ø¯≈√	¿˙»≠¡˙∑Œ ∆«∫∞ æÓ∑¡øÚ	Disease	0	exclude				
train	Alternaria (165)	Alternaria (165).txt	1	0	Alternaria	0.635148	0.442039	0.729703	0.486953	none	keep	¿±ø¯≈√		Disease	0	include	0.635148	0.442039	0.729703	0.486953
train	Alternaria (166)	Alternaria (166).txt	1	0	Alternaria	0.45218	0.438414	0.505797	0.769578	ambiguous	delete	¿±ø¯≈√		Disease	0	exclude				
train	Alternaria (167)	Alternaria (167).txt	1	0	Alternaria	0.578586	0.5	0.573547	1	ambiguous	delete	¿±ø¯≈√		Disease	0	exclude				
train	Alternaria (168)	Alternaria (168).txt	1	0	Alternaria	0.523625	0.459547	0.95275	0.913344	ambiguous	delete	¿±ø¯≈√		Disease	0	exclude				
train	Alternaria (169)	Alternaria (169).txt	1	0	Alternaria	0.5	0.572094	1	0.82675	ambiguous	delete	¿±ø¯≈√		Disease	0	exclude				
train	Alternaria (17)	Alternaria (17).txt	1	0	Alternaria	0.486599	0.394893	0.424805	0.659722	none	keep	¿±ø¯≈√		Disease	1	exclude				
train	Alternaria (170)	Alternaria (170).txt	1	0	Alternaria	0.4435	0.579672	0.887	0.603844	ambiguous	delete	¿±ø¯≈√		Disease	0	exclude				
train	Alternaria (171)	Alternaria (171).txt	1	0	Alternaria	0.744383	0.636711	0.511234	0.726578	none	keep	¿±ø¯≈√		Disease	0	include	0.744383	0.636711	0.511234	0.726578
train	Alternaria (172)	Alternaria (172).txt	1	0	Alternaria	0.567992	0.386687	0.864016	0.773375	ambiguous	delete	¿±ø¯≈√		Disease	0	exclude				
train	Alternaria (173)	Alternaria (173).txt	1	0	Alternaria	0.334016	0.530969	0.629812	0.774813	ambiguous	delete	¿±ø¯≈√		Disease	0	exclude				
train	Alternaria (174)	Alternaria (174).txt	1	0	Alternaria	0.620789	0.502836	0.618984	0.800797	none	keep	¿±ø¯≈√		Disease	0	include	0.620789	0.502836	0.618984	0.800797
train	Alternaria (175)	Alternaria (175).txt	1	0	Alternaria	0.493094	0.563125	0.939312	0.87375	ambiguous	delete	¿±ø¯≈√		Disease	0	exclude				
train	Alternaria (176)	Alternaria (176).txt	1	0	Alternaria	0.41843	0.712781	0.694734	0.554063	ambiguous	delete	¿±ø¯≈√		Disease	0	exclude				
train	Alternaria (177)	Alternaria (177).txt	1	0	Alternaria	0.370992	0.787133	0.741984	0.425734	none	keep	¿±ø¯≈√		Disease	0	include	0.370992	0.787133	0.741984	0.425734
train	Alternaria (178)	Alternaria (178).txt	1	0	Alternaria	0.511492	0.507164	0.837578	0.610328	none	keep	¿±ø¯≈√		Disease	0	include	0.511492	0.507164	0.837578	0.610328
train	Alternaria (18)	Alternaria (18).txt	1	0	Alternaria	0.500434	0.389504	0.488281	0.779008	none	keep	¿±ø¯≈√		Disease	1	exclude				
train	Alternaria (180)	Alternaria (180).txt	1	0	Alternaria	0.521234	0.61507	0.480469	0.769859	ambiguous	delete	¿±ø¯≈√		Disease	0	exclude				
train	Alternaria (181)	Alternaria (181).txt	1	0	Alternaria	0.382719	0.455227	0.515094	0.887359	ambiguous	delete	¿±ø¯≈√		Disease	0	exclude				
train	Alternaria (182)	Alternaria (182).txt	1	0	Alternaria	0.600461	0.295789	0.799078	0.591578	none	keep	¿±ø¯≈√		Disease	0	include	0.600461	0.295789	0.799078	0.591578
train	Alternaria (184)	Alternaria (184).txt	1	0	Alternaria	0.468211	0.578273	0.551891	0.843453	none	keep	¿±ø¯≈√		Disease	0	include	0.468211	0.578273	0.551891	0.843453
train	Alternaria (185)	Alternaria (185).txt	1	0	Alternaria	0.644828	0.631297	0.710344	0.737406	ambiguous	delete	¿±ø¯≈√		Disease	0	exclude				
train	Alternaria (187)	Alternaria (187).txt	1	0	Alternaria	0.602398	0.514742	0.707734	0.642797	none	keep	¿±ø¯≈√		Disease	0	include	0.602398	0.514742	0.707734	0.642797
train	Alternaria (188)	Alternaria (188).txt	1	0	Alternaria	0.423844	0.558023	0.670937	0.846234	ambiguous	delete	¿±ø¯≈√		Disease	0	exclude				
train	Alternaria (189)	Alternaria (189).txt	1	0	Alternaria	0.701102	0.639188	0.597797	0.554063	none	keep	¿±ø¯≈√		Disease	0	include	0.701102	0.639188	0.597797	0.554063
train	Alternaria (19)	Alternaria (19).txt	1	0	Alternaria	0.618435	0.416594	0.460612	0.724826	none	keep	¿±ø¯≈√		Disease	1	exclude				
train	Alternaria (190)	Alternaria (190).txt	1	0	Alternaria	0.632922	0.674586	0.734156	0.650828	ambiguous	delete	¿±ø¯≈√		Disease	0	exclude				
train	Alternaria (191)	Alternaria (191).txt	1	0	Alternaria	0.410852	0.650008	0.818109	0.649297	none	keep	¿±ø¯≈√		Disease	0	include	0.410852	0.650008	0.818109	0.649297
train	Alternaria (193)	Alternaria (193).txt	1	0	Alternaria	0.589633	0.59775	0.820734	0.8045	ambiguous	delete	¿±ø¯≈√		Disease	0	exclude				
train	Alternaria (194)	Alternaria (194).txt	1	0	Alternaria	0.661914	0.5	0.567047	1	none	keep	¿±ø¯≈√		Disease	0	include	0.661914	0.5	0.567047	1
train	Alternaria (195)	Alternaria (195).txt	1	0	Alternaria	0.385969	0.35675	0.577875	0.664438	none	keep	¿±ø¯≈√		Disease	0	include	0.385969	0.35675	0.577875	0.664438
train	Alternaria (196)	Alternaria (196).txt	1	0	Alternaria	0.500672	0.647852	0.837594	0.683922	none	keep	¿±ø¯≈√		Disease	0	include	0.500672	0.647852	0.837594	0.683922
train	Alternaria (197)	Alternaria (197).txt	1	0	Alternaria	0.62318	0.664844	0.753641	0.670312	none	keep	¿±ø¯≈√		Disease	0	include	0.62318	0.664844	0.753641	0.670312
train	Alternaria (198)	Alternaria (198).txt	1	0	Alternaria	0.514734	0.595906	0.831094	0.554062	none	keep	¿±ø¯≈√		Disease	0	include	0.514734	0.595906	0.831094	0.554062
train	Alternaria (2)	Alternaria (2).txt	1	0	Alternaria	0.414062	0.46875	0.763889	0.477431	none	keep	¿±ø¯≈√		Disease	1	exclude				
train	Alternaria (20)	Alternaria (20).txt	1	0	Alternaria	0.538683	0.417679	0.421549	0.735677	none	keep	¿±ø¯≈√		Disease	1	exclude				
train	Alternaria (200)	Alternaria (200).txt	1	0	Alternaria	0.615375	0.455945	0.664438	0.911891	none	keep	¿±ø¯≈√		Disease	0	include	0.615375	0.455945	0.664438	0.911891
train	Alternaria (202)	Alternaria (202).txt	1	0	Alternaria	0.581828	0.697313	0.580031	0.605375	none	keep	¿±ø¯≈√		Disease	0	include	0.581828	0.697313	0.580031	0.605375
train	Alternaria (203)	Alternaria (203).txt	1	0	Alternaria	0.506078	0.572094	0.53675	0.597344	none	keep	¿±ø¯≈√		Disease	0	include	0.506078	0.572094	0.53675	0.597344
train	Alternaria (204)	Alternaria (204).txt	1	0	Alternaria	0.460633	0.520148	0.571391	0.618984	ambiguous	delete	¿±ø¯≈√		Disease	0	exclude				
train	Alternaria (208)	Alternaria (208).txt	1	0	Alternaria	0.605867	0.541484	0.788266	0.917031	none	keep	¿±ø¯≈√		Disease	0	include	0.605867	0.541484	0.788266	0.917031
train	Alternaria (209)	Alternaria (209).txt	1	0	Alternaria	0.592883	0.560961	0.814234	0.878078	none	keep	¿±ø¯≈√		Disease	0	include	0.592883	0.560961	0.814234	0.878078
train	Alternaria (21)	Alternaria (21).txt	1	0	Alternaria	0.569607	0.401403	0.424805	0.668403	none	keep	¿±ø¯≈√		Disease	1	exclude				
train	Alternaria (211)	Alternaria (211).txt	1	0	Alternaria	0.381641	0.518758	0.738031	0.962484	none	keep	¿±ø¯≈√		Disease	0	include	0.381641	0.518758	0.738031	0.962484
train	Alternaria (212)	Alternaria (212).txt	1	0	Alternaria	0.642664	0.5	0.714672	1	none	keep	¿±ø¯≈√		Disease	0	include	0.642664	0.5	0.714672	1
train	Alternaria (213)	Alternaria (213).txt	1	0	Alternaria	0.639414	0.468211	0.721172	0.826766	none	keep	¿±ø¯≈√		Disease	0	include	0.639414	0.468211	0.721172	0.826766
train	Alternaria (214)	Alternaria (214).txt	1	0	Alternaria	0.548289	0.508242	0.517266	0.660109	none	keep	¿±ø¯≈√		Disease	0	include	0.548289	0.508242	0.517266	0.660109
train	Alternaria (215)	Alternaria (215).txt	1	0	Alternaria	0.488766	0.675977	0.883031	0.610328	none	keep	¿±ø¯≈√		Disease	0	include	0.488766	0.675977	0.883031	0.610328
train	Alternaria (218)	Alternaria (218).txt	1	0	Alternaria	0.645906	0.501437	0.708187	0.997125	none	keep	¿±ø¯≈√		Disease	0	include	0.645906	0.501437	0.708187	0.997125
train	Alternaria (219)	Alternaria (219).txt	1	0	Alternaria	0.523398	0.500359	0.779141	0.999281	none	keep	¿±ø¯≈√		Disease	0	include	0.523398	0.500359	0.779141	0.999281
train	Alternaria (22)	Alternaria (22).txt	1	0	Alternaria	0.492296	0.423105	0.452474	0.694444	none	keep	¿±ø¯≈√		Disease	1	exclude				
train	Alternaria (221)	Alternaria (221).txt	1	0	Alternaria	0.554781	0.524164	0.837594	0.951672	none	keep	¿±ø¯≈√		Disease	0	include	0.554781	0.524164	0.837594	0.951672
train	Alternaria (222)	Alternaria (222).txt	1	0	Alternaria	0.534445	0.513344	0.931109	0.973312	ambiguous	delete	¿±ø¯≈√		Disease	0	exclude				
train	Alternaria (224)	Alternaria (224).txt	1	0	Alternaria	0.502836	0.437906	0.807297	0.640625	none	keep	¿±ø¯≈√		Disease	0	include	0.502836	0.437906	0.807297	0.640625
train	Alternaria (225)	Alternaria (225).txt	1	0	Alternaria	0.602625	0.479031	0.79475	0.705562	ambiguous	delete	¿±ø¯≈√		Disease	0	exclude				
train	Alternaria (228)	Alternaria (228).txt	1	0	Alternaria	0.525789	0.5	0.948422	1	none	keep	¿±ø¯≈√		Disease	0	include	0.525789	0.5	0.948422	1
train	Alternaria (229)	Alternaria (229).txt	1	0	Alternaria	0.531203	0.411578	0.937594	0.823156	ambiguous	delete	¿±ø¯≈√		Disease	0	exclude				
train	Alternaria (231)	Alternaria (231).txt	1	0	Alternaria	0.459547	0.513344	0.504281	0.973312	none	keep	¿±ø¯≈√		Disease	0	include	0.459547	0.513344	0.504281	0.973312
train	Alternaria (232)	Alternaria (232).txt	1	0	Alternaria	0.5	0.5	1	1	none	keep	¿±ø¯≈√		Disease	0	include	0.5	0.5	1	1
train	Alternaria (233)	Alternaria (233).txt	1	0	Alternaria	0.507164	0.539633	0.603828	0.835422	none	keep	¿±ø¯≈√		Disease	0	include	0.507164	0.539633	0.603828	0.835422
train	Alternaria (234)	Alternaria (234).txt	1	0	Alternaria	0.506086	0.5115	0.709891	0.562719	none	keep	¿±ø¯≈√		Disease	0	include	0.506086	0.5115	0.709891	0.562719
train	Alternaria (235)	Alternaria (235).txt	1	0	Alternaria	0.496336	0.625125	0.634141	0.664438	none	keep	¿±ø¯≈√		Disease	0	include	0.496336	0.625125	0.634141	0.664438
train	Alternaria (236)	Alternaria (236).txt	1	0	Alternaria	0.514742	0.5	0.649297	1	none	keep	¿±ø¯≈√		Disease	0	include	0.514742	0.5	0.649297	1
train	Alternaria (237)	Alternaria (237).txt	1	0	Alternaria	0.335281	0.636711	0.670563	0.726578	none	keep	¿±ø¯≈√		Disease	0	include	0.335281	0.636711	0.670563	0.726578
train	Alternaria (24)	Alternaria (24).txt	1	0	Alternaria	0.483344	0.386212	0.42806	0.603299	none	keep	¿±ø¯≈√		Disease	1	exclude				
train	Alternaria (25)	Alternaria (25).txt	1	0	Alternaria	0.518338	0.451317	0.498047	0.837674	none	keep	¿±ø¯≈√		Disease	1	exclude				
train	Alternaria (26)	Alternaria (26).txt	1	0	Alternaria	0.519965	0.369936	0.46875	0.583767	none	keep	¿±ø¯≈√		Disease	1	exclude				
train	Alternaria (27)	Alternaria (27).txt	1	0	Alternaria	0.529731	0.418764	0.572917	0.668403	none	keep	¿±ø¯≈√		Disease	1	exclude				
train	Alternaria (28)	Alternaria (28).txt	1	0	Alternaria	0.567166	0.417716	0.517578	0.835431	none	keep	¿±ø¯≈√		Disease	1	exclude				
train	Alternaria (29)	Alternaria (29).txt	1	0	Alternaria	0.5574	0.385163	0.563151	0.770327	none	keep	¿±ø¯≈√		Disease	1	exclude				
train	Alternaria (30)	Alternaria (30).txt	1	0	Alternaria	0.555773	0.394929	0.507812	0.789858	none	keep	¿±ø¯≈√		Disease	1	exclude				
train	Alternaria (32)	Alternaria (32).txt	1	0	Alternaria	0.423937	0.618417	0.517578	0.720486	none	keep	¿±ø¯≈√		Disease	1	exclude				
train	Alternaria (33)	Alternaria (33).txt	1	0	Alternaria	0.477648	0.362341	0.472005	0.607639	none	keep	¿±ø¯≈√		Disease	1	exclude				
train	Alternaria (34)	Alternaria (34).txt	1	0	Alternaria	0.283149	0.379702	0.441081	0.729167	none	keep	¿±ø¯≈√		Disease	1	exclude				
train	Alternaria (35)	Alternaria (35).txt	1	0	Alternaria	0.54031	0.42202	0.512695	0.687934	none	keep	¿±ø¯≈√		Disease	1	exclude				
train	Alternaria (36)	Alternaria (36).txt	1	0	Alternaria	0.45893	0.385127	0.444336	0.726997	none	keep	¿±ø¯≈√		Disease	1	exclude				
train	Alternaria (37)	Alternaria (37).txt	1	0	Alternaria	0.586697	0.50991	0.374349	0.655382	none	keep	¿±ø¯≈√		Disease	1	exclude				
train	Alternaria (38)	Alternaria (38).txt	1	0	Alternaria	0.515896	0.376447	0.402018	0.666233	none	keep	¿±ø¯≈√		Disease	1	exclude				
train	Alternaria (39)	Alternaria (39).txt	1	0	Alternaria	0.416956	0.447049	0.815972	0.421007	none	keep	¿±ø¯≈√		Disease	1	exclude				
train	Alternaria (4)	Alternaria (4).txt	1	0	Alternaria	0.366319	0.605469	0.714699	0.403646	none	keep	¿±ø¯≈√		Disease	1	exclude				
train	Alternaria (40)	Alternaria (40).txt	1	0	Alternaria	0.409722	0.39605	0.818866	0.457899	none	keep	¿±ø¯≈√		Disease	1	exclude				
train	Alternaria (41)	Alternaria (41).txt	1	0	Alternaria	0.431424	0.411241	0.648148	0.63151	none	keep	¿±ø¯≈√		Disease	1	exclude				
train	Alternaria (43)	Alternaria (43).txt	1	0	Alternaria	0.546821	0.482784	0.411784	0.722656	none	keep	¿±ø¯≈√		Disease	1	exclude				
train	Alternaria (44)	Alternaria (44).txt	1	0	Alternaria	0.442853	0.379774	0.885706	0.538194	none	keep	¿±ø¯≈√		Disease	1	exclude				
train	Alternaria (46)	Alternaria (46).txt	1	0	Alternaria	0.589138	0.50774	0.535482	0.924479	none	keep	¿±ø¯≈√		Disease	1	exclude				
train	Alternaria (47)	Alternaria (47).txt	1	0	Alternaria	0.582628	0.463288	0.551758	0.926577	none	keep	¿±ø¯≈√		Disease	1	exclude				
train	Alternaria (48)	Alternaria (48).txt	1	0	Alternaria	0.594835	0.468678	0.533854	0.920139	none	keep	¿±ø¯≈√		Disease	1	exclude				
train	Alternaria (49)	Alternaria (49).txt	1	0	Alternaria	0.544379	0.493634	0.55013	0.974392	none	keep	¿±ø¯≈√		Disease	1	exclude				
train	Alternaria (5)	Alternaria (5).txt	1	0	Alternaria	0.403935	0.501302	0.598958	0.394965	none	keep	¿±ø¯≈√		Disease	1	exclude				
train	Alternaria (50)	Alternaria (50).txt	1	0	Alternaria	0.461372	0.492549	0.507812	0.954861	none	keep	¿±ø¯≈√		Disease	1	exclude				
train	Alternaria (51)	Alternaria (51).txt	1	0	Alternaria	0.547967	0.479745	0.492105	0.903507	none	keep	¿±ø¯≈√		Disease	1	exclude				
train	Alternaria (53)	Alternaria (53).txt	1	0	Alternaria	0.41902	0.48413	0.594737	0.785964	none	keep	¿±ø¯≈√		Disease	1	exclude				
train	Alternaria (54)	Alternaria (54).txt	1	0	Alternaria	0.445009	0.436037	0.673686	0.422808	none	keep	¿±ø¯≈√		Disease	1	exclude				
train	Alternaria (56)	Alternaria (56).txt	1	0	Alternaria	0.501149	0.536914	0.650295	0.607018	none	keep	¿±ø¯≈√		Disease	1	exclude				
train	Alternaria (58)	Alternaria (58).txt	1	0	Alternaria	0.473079	0.410598	0.893565	0.603509	none	keep	¿±ø¯≈√		Disease	1	exclude				
train	Alternaria (6)	Alternaria (6).txt	1	0	Alternaria	0.40992	0.522002	0.608186	0.359651	none	keep	¿±ø¯≈√		Disease	1	exclude				
train	Alternaria (60)	Alternaria (60).txt	1	0	Alternaria	0.400204	0.500838	0.538685	0.998325	none	keep	¿±ø¯≈√		Disease	1	exclude				
train	Alternaria (61)	Alternaria (61).txt	1	0	Alternaria	0.54145	0.527054	0.598958	0.945891	none	keep	¿±ø¯≈√		Disease	1	exclude				
train	Alternaria (62)	Alternaria (62).txt	1	0	Alternaria	0.457899	0.459201	0.540365	0.914352	none	keep	¿±ø¯≈√		Disease	1	exclude				
train	Alternaria (64)	Alternaria (64).txt	1	0	Alternaria	0.571832	0.531539	0.824653	0.810185	none	keep	¿±ø¯≈√		Disease	1	exclude				
train	Alternaria (67)	Alternaria (67).txt	1	0	Alternaria	0.542535	0.521412	0.61849	0.847801	none	keep	¿±ø¯≈√		Disease	1	exclude				
train	Alternaria (68)	Alternaria (68).txt	1	0	Alternaria	0.477431	0.546007	0.601128	0.833333	none	keep	¿±ø¯≈√		Disease	1	exclude				
train	Alternaria (69)	Alternaria (69).txt	1	0	Alternaria	0.589193	0.48669	0.707465	0.801505	none	keep	¿±ø¯≈√		Disease	1	exclude				
train	Alternaria (7)	Alternaria (7).txt	1	0	Alternaria	0.446567	0.521267	0.686727	0.477431	none	keep	¿±ø¯≈√		Disease	1	exclude				
train	Alternaria (71)	Alternaria (71).txt	1	0	Alternaria	0.39388	0.541667	0.577257	0.67419	none	keep	¿±ø¯≈√		Disease	1	exclude				
train	Alternaria (72)	Alternaria (72).txt	1	0	Alternaria	0.477431	0.524306	0.700955	0.691551	none	keep	¿±ø¯≈√		Disease	1	exclude				
train	Alternaria (74)	Alternaria (74).txt	1	0	Alternaria	0.531684	0.569155	0.562066	0.775463	none	keep	¿±ø¯≈√		Disease	1	exclude				
train	Alternaria (75)	Alternaria (75).txt	1	0	Alternaria	0.442708	0.472222	0.566406	0.813079	none	keep	¿±ø¯≈√		Disease	1	exclude				
train	Alternaria (76)	Alternaria (76).txt	1	0	Alternaria	0.490451	0.443287	0.592448	0.743634	none	keep	¿±ø¯≈√		Disease	1	exclude				
train	Alternaria (77)	Alternaria (77).txt	1	0	Alternaria	0.492622	0.467882	0.601128	0.83912	none	keep	¿±ø¯≈√		Disease	1	exclude				
train	Alternaria (78)	Alternaria (78).txt	1	0	Alternaria	0.381944	0.499711	0.505642	0.810185	none	keep	¿±ø¯≈√		Disease	1	exclude				
train	Alternaria (79)	Alternaria (79).txt	1	0	Alternaria	0.509983	0.48669	0.557726	0.766782	none	keep	¿±ø¯≈√		Disease	1	exclude				
train	Alternaria (8)	Alternaria (8).txt	1	0	Alternaria	0.427276	0.415654	0.663579	0.422454	none	keep	¿±ø¯≈√		Disease	1	exclude				
train	Alternaria (81)	Alternaria (81).txt	1	0	Alternaria	0.483941	0.576244	0.748698	0.847512	none	keep	¿±ø¯≈√		Disease	1	exclude				
train	Alternaria (82)	Alternaria (82).txt	1	0	Alternaria	0.517578	0.467882	0.698785	0.914352	none	keep	¿±ø¯≈√		Disease	1	exclude				
train	Alternaria (83)	Alternaria (83).txt	1	0	Alternaria	0.362413	0.423032	0.661892	0.708912	none	keep	¿±ø¯≈√		Disease	1	exclude				
train	Alternaria (84)	Alternaria (84).txt	1	0	Alternaria	0.46224	0.530093	0.661892	0.726273	none	keep	¿±ø¯≈√		Disease	1	exclude				
train	Alternaria (85)	Alternaria (85).txt	1	0	Alternaria	0.432943	0.435041	0.529514	0.870081	none	keep	¿±ø¯≈√		Disease	1	exclude				
train	Alternaria (88)	Alternaria (88).txt	1	0	Alternaria	0.49865	0.479311	0.991513	0.543982	none	keep	¿±ø¯≈√		Disease	1	exclude				
train	Alternaria (89)	Alternaria (89).txt	1	0	Alternaria	0.487558	0.592159	0.975116	0.642361	none	keep	¿±ø¯≈√		Disease	1	exclude				
train	Alternaria (9)	Alternaria (9).txt	1	0	Alternaria	0.474175	0.423466	0.490451	0.846933	none	keep	¿±ø¯≈√		Disease	1	exclude				
train	Alternaria (92)	Alternaria (92).txt	1	0	Alternaria	0.404611	0.391059	0.809222	0.708911	none	keep	¿±ø¯≈√		Disease	1	exclude				
train	Alternaria (93)	Alternaria (93).txt	1	0	Alternaria	0.452836	0.450375	0.905671	0.538194	none	keep	¿±ø¯≈√		Disease	1	exclude				
train	Alternaria (94)	Alternaria (94).txt	1	0	Alternaria	0.42372	0.444734	0.847439	0.827546	none	keep	¿±ø¯≈√		Disease	1	exclude				
train	Alternaria (95)	Alternaria (95).txt	1	0	Alternaria	0.380317	0.53588	0.760634	0.842014	none	keep	¿±ø¯≈√		Disease	1	exclude				
train	Alternaria (97)	Alternaria (97).txt	1	0	Alternaria	0.483941	0.517072	0.527344	0.960648	none	keep	¿±ø¯≈√		Disease	1	exclude				
train	Alternaria (98)	Alternaria (98).txt	1	0	Alternaria	0.521918	0.558883	0.512153	0.882234	none	keep	¿±ø¯≈√		Disease	1	exclude				
train	Alternaria (99)	Alternaria (99).txt	1	0	Alternaria	0.576172	0.56033	0.525174	0.87934	none	keep	¿±ø¯≈√		Disease	1	exclude				
train	Anthracnose (1)	Anthracnose (1).txt	1	1	Anthracnose	0.113391	0.915289	0.206632	0.169423	ambiguous	hold	¿±ø¯≈√		Disease	0	include	0.113391	0.915289	0.206632	0.169423
train	Anthracnose (1)	Anthracnose (1).txt	2	1	Anthracnose	0.062846	0.670069	0.125692	0.239839	ambiguous	hold	¿±ø¯≈√		Disease	0	include	0.062846	0.670069	0.125692	0.239839
train	Anthracnose (1)	Anthracnose (1).txt	3	1	Anthracnose	0.500579	0.706453	0.493825	0.523726	none	keep	¿±ø¯≈√		Disease	0	include	0.500579	0.706453	0.493825	0.523726
train	Anthracnose (10)	Anthracnose (10).txt	1	1	Anthracnose	0.461468	0.642396	0.479679	0.675243	none	keep	¿±ø¯≈√		Disease	0	include	0.461468	0.642396	0.479679	0.675243
train	Anthracnose (100)	Anthracnose (100).txt	1	1	Anthracnose	0.456548	0.618411	0.43048	0.505508	none	keep	¿±ø¯≈√		Disease	0	include	0.456548	0.618411	0.43048	0.505508
train	Anthracnose (101)	Anthracnose (101).txt	1	1	Anthracnose	0.519275	0.689441	0.462462	0.514733	none	keep	¿±ø¯≈√		Disease	0	include	0.519275	0.689441	0.462462	0.514733
train	Anthracnose (101)	Anthracnose (101).txt	2	1	Anthracnose	0.714129	0.200355	0.571742	0.40071	none	keep	¿±ø¯≈√		Disease	0	include	0.714129	0.200355	0.571742	0.40071
train	Anthracnose (102)	Anthracnose (102).txt	1	1	Anthracnose	0.570933	0.732641	0.546097	0.534718	none	keep	¿±ø¯≈√		Disease	0	include	0.570933	0.732641	0.546097	0.534718
train	Anthracnose (103)	Anthracnose (103).txt	1	1	Anthracnose	0.439329	0.708813	0.666632	0.571927	none	keep	¿±ø¯≈√		Disease	0	include	0.439329	0.708813	0.666632	0.571927
train	Anthracnose (104)	Anthracnose (104).txt	1	1	Anthracnose	0.359382	0.657155	0.605136	0.597756	none	keep	¿±ø¯≈√		Disease	0	include	0.359382	0.657155	0.605136	0.597756
train	Anthracnose (105)	Anthracnose (105).txt	1	1	Anthracnose	0.461468	0.659	0.50428	0.498129	none	keep	¿±ø¯≈√		Disease	0	include	0.461468	0.659	0.50428	0.498129
train	Anthracnose (106)	Anthracnose (106).txt	1	1	Anthracnose	0.456548	0.653466	0.509201	0.597756	none	keep	¿±ø¯≈√		Disease	0	include	0.456548	0.653466	0.509201	0.597756
train	Anthracnose (108)	Anthracnose (108).txt	1	1	Anthracnose	0.542645	0.783377	0.440324	0.433247	none	keep	¿±ø¯≈√		Disease	0	include	0.542645	0.783377	0.440324	0.433247
train	Anthracnose (109)	Anthracnose (109).txt	1	1	Anthracnose	0.476228	0.682829	0.543637	0.634342	none	keep	¿±ø¯≈√		Disease	0	include	0.476228	0.682829	0.543637	0.634342
train	Anthracnose (11)	Anthracnose (11).txt	1	1	Anthracnose	0.489757	0.593505	0.447703	0.525803	none	keep	¿±ø¯≈√		Disease	0	include	0.489757	0.593505	0.447703	0.525803
train	Anthracnose (110)	Anthracnose (110).txt	1	1	Anthracnose	0.408579	0.646085	0.595295	0.498129	none	keep	¿±ø¯≈√		Disease	0	include	0.408579	0.646085	0.595295	0.498129
train	Anthracnose (111)	Anthracnose (111).txt	1	1	Anthracnose	0.504517	0.739255	0.428021	0.488904	none	keep	¿±ø¯≈√		Disease	0	include	0.504517	0.739255	0.428021	0.488904
train	Anthracnose (112)	Anthracnose (112).txt	1	1	Anthracnose	0.561094	0.615645	0.639572	0.503663	none	keep	¿±ø¯≈√		Disease	0	include	0.561094	0.615645	0.639572	0.503663
train	Anthracnose (113)	Anthracnose (113).txt	1	1	Anthracnose	0.441788	0.620257	0.450162	0.487059	none	keep	¿±ø¯≈√		Disease	0	include	0.441788	0.620257	0.450162	0.487059
train	Anthracnose (115)	Anthracnose (115).txt	1	1	Anthracnose	0.600453	0.623024	0.506739	0.547941	none	keep	¿±ø¯≈√		Disease	0	include	0.600453	0.623024	0.506739	0.547941
train	Anthracnose (117)	Anthracnose (117).txt	1	1	Anthracnose	0.440558	0.679138	0.634653	0.641723	none	keep	¿±ø¯≈√		Disease	0	include	0.440558	0.679138	0.634653	0.641723
train	Anthracnose (118)	Anthracnose (118).txt	1	1	Anthracnose	0.279436	0.67376	0.415723	0.542407	none	keep	¿±ø¯≈√		Disease	0	include	0.279436	0.67376	0.415723	0.542407
train	Anthracnose (118)	Anthracnose (118).txt	2	1	Anthracnose	0.65457	0.586125	0.393585	0.452007	none	keep	¿±ø¯≈√		Disease	0	include	0.65457	0.586125	0.393585	0.452007
train	Anthracnose (119)	Anthracnose (119).txt	1	1	Anthracnose	0.436869	0.584281	0.533796	0.588531	none	keep	¿±ø¯≈√		Disease	0	include	0.436869	0.584281	0.533796	0.588531
train	Anthracnose (12)	Anthracnose (12).txt	1	1	Anthracnose	0.561095	0.683906	0.4723	0.599601	none	keep	¿±ø¯≈√		Disease	0	include	0.561095	0.683906	0.4723	0.599601
train	Anthracnose (12)	Anthracnose (12).txt	2	1	Anthracnose	0.091134	0.840725	0.182269	0.245373	ambiguous	hold	¿±ø¯≈√		Disease	0	include	0.091134	0.840725	0.182269	0.245373
train	Anthracnose (121)	Anthracnose (121).txt	1	1	Anthracnose	0.41227	0.599962	0.568238	0.557168	none	keep	¿±ø¯≈√		Disease	0	include	0.41227	0.599962	0.568238	0.557168
train	Anthracnose (122)	Anthracnose (122).txt	1	1	Anthracnose	0.449168	0.617489	0.607595	0.426176	none	keep	¿±ø¯≈√		Disease	0	include	0.449168	0.617489	0.607595	0.426176
train	Anthracnose (123)	Anthracnose (123).txt	1	1	Anthracnose	0.473767	0.583358	0.484601	0.579308	none	keep	¿±ø¯≈√		Disease	0	include	0.473767	0.583358	0.484601	0.579308
train	Anthracnose (123)	Anthracnose (123).txt	2	1	Anthracnose	0.540185	0.184673	0.494439	0.369347	none	keep	¿±ø¯≈√		Disease	0	include	0.540185	0.184673	0.494439	0.369347
train	Anthracnose (123)	Anthracnose (123).txt	3	1	Anthracnose	0.723448	0.262342	0.295188	0.376363	none	keep	¿±ø¯≈√		Disease	0	include	0.723448	0.262342	0.295188	0.376363
train	Anthracnose (124)	Anthracnose (124).txt	1	1	Anthracnose	0.450399	0.688519	0.595295	0.586686	none	keep	¿±ø¯≈√		Disease	0	include	0.450399	0.688519	0.595295	0.586686
train	Anthracnose (125)	Anthracnose (125).txt	1	1	Anthracnose	0.762098	0.253859	0.475804	0.507717	none	keep	¿±ø¯≈√		Disease	0	include	0.762098	0.253859	0.475804	0.507717
train	Anthracnose (125)	Anthracnose (125).txt	2	1	Anthracnose	0.42826	0.683906	0.575616	0.533181	none	keep	¿±ø¯≈√		Disease	0	include	0.42826	0.683906	0.575616	0.533181
train	Anthracnose (126)	Anthracnose (126).txt	1	1	Anthracnose	0.390132	0.823043	0.371444	0.353915	ambiguous	hold	¿±ø¯≈√		Disease	0	include	0.390132	0.823043	0.371444	0.353915
train	Anthracnose (126)	Anthracnose (126).txt	2	1	Anthracnose	0.489757	0.670992	0.48706	0.547943	none	keep	¿±ø¯≈√		Disease	0	include	0.489757	0.670992	0.48706	0.547943
train	Anthracnose (127)	Anthracnose (127).txt	1	1	Anthracnose	0.414731	0.39333	0.519039	0.48337	none	keep	¿±ø¯≈√		Disease	0	include	0.414731	0.39333	0.519039	0.48337
train	Anthracnose (129)	Anthracnose (129).txt	1	1	Anthracnose	0.460239	0.492035	0.708452	0.370831	none	keep	¿±ø¯≈√		Disease	0	include	0.460239	0.492035	0.708452	0.370831
train	Anthracnose (13)	Anthracnose (13).txt	1	1	Anthracnose	0.457778	0.568599	0.590376	0.660484	none	keep	¿±ø¯≈√		Disease	0	include	0.457778	0.568599	0.590376	0.660484
train	Anthracnose (130)	Anthracnose (130).txt	1	1	Anthracnose	0.354462	0.60273	0.693692	0.392969	none	keep	¿±ø¯≈√		Disease	0	include	0.354462	0.60273	0.693692	0.392969
train	Anthracnose (131)	Anthracnose (131).txt	1	1	Anthracnose	0.399971	0.502181	0.597755	0.387435	none	keep	¿±ø¯≈√		Disease	0	include	0.399971	0.502181	0.597755	0.387435
train	Anthracnose (132)	Anthracnose (132).txt	1	1	Anthracnose	0.408581	0.521554	0.610055	0.363451	none	keep	¿±ø¯≈√		Disease	0	include	0.408581	0.521554	0.610055	0.363451
train	Anthracnose (133)	Anthracnose (133).txt	1	1	Anthracnose	0.435638	0.517863	0.678932	0.463075	none	keep	¿±ø¯≈√		Disease	0	include	0.435638	0.517863	0.678932	0.463075
train	Anthracnose (134)	Anthracnose (134).txt	1	1	Anthracnose	0.425799	0.416393	0.659253	0.418798	none	keep	¿±ø¯≈√		Disease	0	include	0.425799	0.416393	0.659253	0.418798
train	Anthracnose (135)	Anthracnose (135).txt	1	1	Anthracnose	0.467359	0.422637	0.477374	0.845275	none	keep	¿±ø¯≈√		Disease	0	include	0.467359	0.422637	0.477374	0.845275
train	Anthracnose (136)	Anthracnose (136).txt	1	1	Anthracnose	0.465975	0.370056	0.438631	0.740113	none	keep	¿±ø¯≈√		Disease	1	exclude				
train	Anthracnose (137)	Anthracnose (137).txt	1	1	Anthracnose	0.551072	0.579604	0.404036	0.597755	none	keep	¿±ø¯≈√		Disease	0	include	0.551072	0.579604	0.404036	0.597755
train	Anthracnose (138)	Anthracnose (138).txt	1	1	Anthracnose	0.408551	0.703215	0.351456	0.5461	none	keep	¿±ø¯≈√		Disease	0	include	0.408551	0.703215	0.351456	0.5461
train	Anthracnose (139)	Anthracnose (139).txt	1	1	Anthracnose	0.3705	0.600822	0.37498	0.654948	none	keep	¿±ø¯≈√		Disease	0	include	0.3705	0.600822	0.37498	0.654948
train	Anthracnose (140)	Anthracnose (140).txt	1	1	Anthracnose	0.511636	0.347146	0.394353	0.612514	none	keep	¿±ø¯≈√		Disease	0	include	0.511636	0.347146	0.394353	0.612514
train	Anthracnose (142)	Anthracnose (142).txt	1	1	Anthracnose	0.435534	0.460606	0.505048	0.669708	none	keep	¿±ø¯≈√		Disease	0	include	0.435534	0.460606	0.505048	0.669708
train	Anthracnose (144)	Anthracnose (144).txt	1	1	Anthracnose	0.500566	0.387584	0.491211	0.775168	none	keep	¿±ø¯≈√		Disease	0	include	0.500566	0.387584	0.491211	0.775168
train	Anthracnose (145)	Anthracnose (145).txt	1	1	Anthracnose	0.609187	0.410794	0.453852	0.717677	none	keep	¿±ø¯≈√		Disease	0	include	0.609187	0.410794	0.453852	0.717677
train	Anthracnose (146)	Anthracnose (146).txt	1	1	Anthracnose	0.537235	0.413562	0.428945	0.71952	none	keep	¿±ø¯≈√		Disease	0	include	0.537235	0.413562	0.428945	0.71952
train	Anthracnose (147)	Anthracnose (147).txt	1	1	Anthracnose	0.56145	0.403414	0.413724	0.673397	none	keep	¿±ø¯≈√		Disease	0	include	0.56145	0.403414	0.413724	0.673397
train	Anthracnose (149)	Anthracnose (149).txt	1	1	Anthracnose	0.575286	0.411717	0.410955	0.697381	none	keep	¿±ø¯≈√		Disease	1	exclude				
train	Anthracnose (15)	Anthracnose (15).txt	1	1	Anthracnose	0.456548	0.549226	0.573154	0.721365	none	keep	¿±ø¯≈√		Disease	0	include	0.456548	0.549226	0.573154	0.721365
train	Anthracnose (15)	Anthracnose (15).txt	2	1	Anthracnose	0.823595	0.719727	0.35281	0.560547	none	keep	¿±ø¯≈√		Disease	0	include	0.823595	0.719727	0.35281	0.560547
train	Anthracnose (150)	Anthracnose (150).txt	1	1	Anthracnose	0.484655	0.38681	0.423411	0.606982	none	keep	¿±ø¯≈√		Disease	0	include	0.484655	0.38681	0.423411	0.606982
train	Anthracnose (151)	Anthracnose (151).txt	1	1	Anthracnose	0.514404	0.447692	0.507815	0.835749	none	keep	¿±ø¯≈√		Disease	0	include	0.514404	0.447692	0.507815	0.835749
train	Anthracnose (152)	Anthracnose (152).txt	1	1	Anthracnose	0.52063	0.367438	0.46492	0.586687	none	keep	¿±ø¯≈√		Disease	0	include	0.52063	0.367438	0.46492	0.586687
train	Anthracnose (153)	Anthracnose (153).txt	1	1	Anthracnose	0.5317	0.429243	0.575614	0.684465	none	keep	¿±ø¯≈√		Disease	0	include	0.5317	0.429243	0.575614	0.684465
train	Anthracnose (154)	Anthracnose (154).txt	1	1	Anthracnose	0.566292	0.410645	0.50643	0.821291	none	keep	¿±ø¯≈√		Disease	0	include	0.566292	0.410645	0.50643	0.821291
train	Anthracnose (155)	Anthracnose (155).txt	1	1	Anthracnose	0.557298	0.39035	0.560395	0.7807	none	keep	¿±ø¯≈√		Disease	0	include	0.557298	0.39035	0.560395	0.7807
train	Anthracnose (156)	Anthracnose (156).txt	1	1	Anthracnose	0.550381	0.396808	0.502281	0.793617	none	keep	¿±ø¯≈√		Disease	0	include	0.550381	0.396808	0.502281	0.793617
train	Anthracnose (157)	Anthracnose (157).txt	1	1	Anthracnose	0.526165	0.515033	0.520269	0.771178	none	keep	¿±ø¯≈√		Disease	0	include	0.526165	0.515033	0.520269	0.771178
train	Anthracnose (158)	Anthracnose (158).txt	1	1	Anthracnose	0.425847	0.621115	0.507815	0.710298	none	keep	¿±ø¯≈√		Disease	0	include	0.425847	0.621115	0.507815	0.710298
train	Anthracnose (159)	Anthracnose (159).txt	1	1	Anthracnose	0.477044	0.363749	0.463537	0.605136	none	keep	¿±ø¯≈√		Disease	0	include	0.477044	0.363749	0.463537	0.605136
train	Anthracnose (16)	Anthracnose (16).txt	1	1	Anthracnose	0.41719	0.60273	0.701071	0.761953	none	keep	¿±ø¯≈√		Disease	0	include	0.41719	0.60273	0.701071	0.761953
train	Anthracnose (160)	Anthracnose (160).txt	1	1	Anthracnose	0.285403	0.379431	0.445549	0.725055	none	keep	¿±ø¯≈√		Disease	0	include	0.285403	0.379431	0.445549	0.725055
train	Anthracnose (161)	Anthracnose (161).txt	1	1	Anthracnose	0.537235	0.420019	0.498129	0.680778	none	keep	¿±ø¯≈√		Disease	0	include	0.537235	0.420019	0.498129	0.680778
train	Anthracnose (162)	Anthracnose (162).txt	1	1	Anthracnose	0.459748	0.391422	0.428945	0.723209	none	keep	¿±ø¯≈√		Disease	0	include	0.459748	0.391422	0.428945	0.723209
train	Anthracnose (163)	Anthracnose (163).txt	1	1	Anthracnose	0.578746	0.510421	0.370829	0.669708	none	keep	¿±ø¯≈√		Disease	0	include	0.578746	0.510421	0.370829	0.669708
train	Anthracnose (164)	Anthracnose (164).txt	1	1	Anthracnose	0.51302	0.381276	0.39712	0.673397	none	keep	¿±ø¯≈√		Disease	0	include	0.51302	0.381276	0.39712	0.673397
train	Anthracnose (165)	Anthracnose (165).txt	1	1	Anthracnose	0.40981	0.446834	0.789627	0.420642	none	keep	¿±ø¯≈√		Disease	0	include	0.40981	0.446834	0.789627	0.420642
train	Anthracnose (166)	Anthracnose (166).txt	1	1	Anthracnose	0.4135	0.401633	0.816687	0.466764	none	keep	¿±ø¯≈√		Disease	0	include	0.4135	0.401633	0.816687	0.466764
train	Anthracnose (168)	Anthracnose (168).txt	1	1	Anthracnose	0.499875	0.453226	0.440015	0.702917	none	keep	¿±ø¯≈√		Disease	1	exclude				
train	Anthracnose (169)	Anthracnose (169).txt	1	1	Anthracnose	0.546228	0.468909	0.413724	0.704763	none	keep	¿±ø¯≈√		Disease	0	include	0.546228	0.468909	0.413724	0.704763
train	Anthracnose (17)	Anthracnose (17).txt	1	1	Anthracnose	0.459009	0.64424	0.607595	0.645725	none	keep	¿±ø¯≈√		Disease	0	include	0.459009	0.64424	0.607595	0.645725
train	Anthracnose (172)	Anthracnose (172).txt	1	1	Anthracnose	0.592582	0.51042	0.542409	0.909549	none	keep	¿±ø¯≈√		Disease	0	include	0.592582	0.51042	0.542409	0.909549
train	Anthracnose (173)	Anthracnose (173).txt	1	1	Anthracnose	0.584281	0.46138	0.559013	0.92276	none	keep	¿±ø¯≈√		Disease	0	include	0.584281	0.46138	0.559013	0.92276
train	Anthracnose (174)	Anthracnose (174).txt	1	1	Anthracnose	0.594658	0.467988	0.535488	0.920616	none	keep	¿±ø¯≈√		Disease	0	include	0.594658	0.467988	0.535488	0.920616
train	Anthracnose (175)	Anthracnose (175).txt	1	1	Anthracnose	0.544154	0.498427	0.542409	0.966739	none	keep	¿±ø¯≈√		Disease	0	include	0.544154	0.498427	0.542409	0.966739
train	Anthracnose (177)	Anthracnose (177).txt	1	1	Anthracnose	0.540694	0.474444	0.482908	0.881875	none	keep	¿±ø¯≈√		Disease	0	include	0.540694	0.474444	0.482908	0.881875
train	Anthracnose (178)	Anthracnose (178).txt	1	1	Anthracnose	0.484655	0.466141	0.647569	0.647567	none	keep	¿±ø¯≈√		Disease	0	include	0.484655	0.466141	0.647569	0.647567
train	Anthracnose (180)	Anthracnose (180).txt	1	1	Anthracnose	0.446709	0.444989	0.666635	0.424332	none	keep	¿±ø¯≈√		Disease	0	include	0.446709	0.444989	0.666635	0.424332
train	Anthracnose (181)	Anthracnose (181).txt	1	1	Anthracnose	0.354462	0.619335	0.600214	0.429868	none	keep	¿±ø¯≈√		Disease	0	include	0.354462	0.619335	0.600214	0.429868
train	Anthracnose (183)	Anthracnose (183).txt	1	1	Anthracnose	0.486068	0.562141	0.666632	0.536873	none	keep	¿±ø¯≈√		Disease	0	include	0.486068	0.562141	0.666632	0.536873
train	Anthracnose (184)	Anthracnose (184).txt	1	1	Anthracnose	0.476227	0.415471	0.897865	0.605135	none	keep	¿±ø¯≈√		Disease	0	include	0.476227	0.415471	0.897865	0.605135
train	Anthracnose (187)	Anthracnose (187).txt	1	1	Anthracnose	0.540003	0.529669	0.600523	0.940663	none	keep	¿±ø¯≈√		Disease	0	include	0.540003	0.529669	0.600523	0.940663
train	Anthracnose (188)	Anthracnose (188).txt	1	1	Anthracnose	0.456981	0.451233	0.531337	0.902465	none	keep	¿±ø¯≈√		Disease	0	include	0.456981	0.451233	0.531337	0.902465
train	Anthracnose (190)	Anthracnose (190).txt	1	1	Anthracnose	0.571136	0.529792	0.823296	0.785937	none	keep	¿±ø¯≈√		Disease	0	include	0.571136	0.529792	0.823296	0.785937
train	Anthracnose (192)	Anthracnose (192).txt	1	1	Anthracnose	0.514404	0.567488	0.560397	0.865023	none	keep	¿±ø¯≈√		Disease	0	include	0.514404	0.567488	0.560397	0.865023
train	Anthracnose (193)	Anthracnose (193).txt	1	1	Anthracnose	0.540694	0.527025	0.615742	0.83206	none	keep	¿±ø¯≈√		Disease	0	include	0.540694	0.527025	0.615742	0.83206
train	Anthracnose (194)	Anthracnose (194).txt	1	1	Anthracnose	0.471509	0.545473	0.599138	0.839442	none	keep	¿±ø¯≈√		Disease	0	include	0.471509	0.545473	0.599138	0.839442
train	Anthracnose (195)	Anthracnose (195).txt	1	1	Anthracnose	0.586356	0.479057	0.701532	0.784091	none	keep	¿±ø¯≈√		Disease	0	include	0.586356	0.479057	0.701532	0.784091
train	Anthracnose (196)	Anthracnose (196).txt	1	1	Anthracnose	0.484654	0.462451	0.459386	0.710295	none	keep	¿±ø¯≈√		Disease	0	include	0.484654	0.462451	0.459386	0.710295
train	Anthracnose (197)	Anthracnose (197).txt	1	1	Anthracnose	0.392639	0.538093	0.579766	0.662326	none	keep	¿±ø¯≈√		Disease	0	include	0.392639	0.538093	0.579766	0.662326
train	Anthracnose (198)	Anthracnose (198).txt	1	1	Anthracnose	0.471509	0.525179	0.695996	0.680775	none	keep	¿±ø¯≈√		Disease	0	include	0.471509	0.525179	0.695996	0.680775
train	Anthracnose (199)	Anthracnose (199).txt	1	1	Anthracnose	0.469435	0.527946	0.606057	0.701071	none	keep	¿±ø¯≈√		Disease	0	include	0.469435	0.527946	0.606057	0.701071
train	Anthracnose (2)	Anthracnose (2).txt	1	1	Anthracnose	0.594303	0.635015	0.376366	0.442782	none	keep	¿±ø¯≈√		Disease	0	include	0.594303	0.635015	0.376366	0.442782
train	Anthracnose (2)	Anthracnose (2).txt	2	1	Anthracnose	0.264676	0.787989	0.450162	0.424021	none	keep	¿±ø¯≈√		Disease	0	include	0.264676	0.787989	0.450162	0.424021
train	Anthracnose (200)	Anthracnose (200).txt	1	1	Anthracnose	0.525474	0.572225	0.563162	0.782245	none	keep	¿±ø¯≈√		Disease	0	include	0.525474	0.572225	0.563162	0.782245
train	Anthracnose (201)	Anthracnose (201).txt	1	1	Anthracnose	0.44176	0.471675	0.545174	0.795162	none	keep	¿±ø¯≈√		Disease	0	include	0.44176	0.471675	0.545174	0.795162
train	Anthracnose (202)	Anthracnose (202).txt	1	1	Anthracnose	0.491572	0.440312	0.578383	0.728744	none	keep	¿±ø¯≈√		Disease	0	include	0.491572	0.440312	0.578383	0.728744
train	Anthracnose (203)	Anthracnose (203).txt	1	1	Anthracnose	0.49019	0.46522	0.59222	0.833906	none	keep	¿±ø¯≈√		Disease	0	include	0.49019	0.46522	0.59222	0.833906
train	Anthracnose (204)	Anthracnose (204).txt	1	1	Anthracnose	0.376035	0.498427	0.496745	0.793319	none	keep	¿±ø¯≈√		Disease	0	include	0.376035	0.498427	0.496745	0.793319
train	Anthracnose (205)	Anthracnose (205).txt	1	1	Anthracnose	0.506101	0.484591	0.552094	0.743504	none	keep	¿±ø¯≈√		Disease	0	include	0.506101	0.484591	0.552094	0.743504
train	Anthracnose (206)	Anthracnose (206).txt	1	1	Anthracnose	0.574595	0.575916	0.628197	0.789627	none	keep	¿±ø¯≈√		Disease	0	include	0.574595	0.575916	0.628197	0.789627
train	Anthracnose (207)	Anthracnose (207).txt	1	1	Anthracnose	0.483963	0.57407	0.748576	0.841288	none	keep	¿±ø¯≈√		Disease	0	include	0.483963	0.57407	0.748576	0.841288
train	Anthracnose (208)	Anthracnose (208).txt	1	1	Anthracnose	0.515097	0.470754	0.697381	0.91877	none	keep	¿±ø¯≈√		Disease	0	include	0.515097	0.470754	0.697381	0.91877
train	Anthracnose (209)	Anthracnose (209).txt	1	1	Anthracnose	0.364274	0.420017	0.65587	0.691846	none	keep	¿±ø¯≈√		Disease	0	include	0.364274	0.420017	0.65587	0.691846
train	Anthracnose (21)	Anthracnose (21).txt	1	1	Anthracnose	0.510666	0.589814	0.558397	0.459386	none	keep	¿±ø¯≈√		Disease	0	include	0.510666	0.589814	0.558397	0.459386
train	Anthracnose (210)	Anthracnose (210).txt	1	1	Anthracnose	0.458365	0.527946	0.650336	0.71952	none	keep	¿±ø¯≈√		Disease	0	include	0.458365	0.527946	0.650336	0.71952
train	Anthracnose (211)	Anthracnose (211).txt	1	1	Anthracnose	0.427923	0.436623	0.528572	0.857888	none	keep	¿±ø¯≈√		Disease	0	include	0.427923	0.436623	0.528572	0.857888
train	Anthracnose (212)	Anthracnose (212).txt	1	1	Anthracnose	0.47912	0.505807	0.559013	0.870804	none	keep	¿±ø¯≈√		Disease	0	include	0.47912	0.505807	0.559013	0.870804
train	Anthracnose (214)	Anthracnose (214).txt	1	1	Anthracnose	0.493446	0.474507	0.981499	0.531337	none	keep	¿±ø¯≈√		Disease	0	include	0.493446	0.474507	0.981499	0.531337
train	Anthracnose (215)	Anthracnose (215).txt	1	1	Anthracnose	0.479799	0.587049	0.959598	0.630964	none	keep	¿±ø¯≈√		Disease	0	include	0.479799	0.587049	0.959598	0.630964
train	Anthracnose (216)	Anthracnose (216).txt	1	1	Anthracnose	0.466269	0.391485	0.932538	0.479681	none	keep	¿±ø¯≈√		Disease	1	exclude				
train	Anthracnose (217)	Anthracnose (217).txt	1	1	Anthracnose	0.43798	0.540002	0.875961	0.533181	none	keep	¿±ø¯≈√		Disease	0	include	0.43798	0.540002	0.875961	0.533181
train	Anthracnose (218)	Anthracnose (218).txt	1	1	Anthracnose	0.404771	0.385028	0.809543	0.684466	none	keep	¿±ø¯≈√		Disease	0	include	0.404771	0.385028	0.809543	0.684466
train	Anthracnose (219)	Anthracnose (219).txt	1	1	Anthracnose	0.4552	0.444989	0.910399	0.527648	none	keep	¿±ø¯≈√		Disease	0	include	0.4552	0.444989	0.910399	0.527648
train	Anthracnose (22)	Anthracnose (22).txt	1	1	Anthracnose	0.326173	0.741099	0.400964	0.466764	none	keep	¿±ø¯≈√		Disease	0	include	0.326173	0.741099	0.400964	0.466764
train	Anthracnose (22)	Anthracnose (22).txt	2	1	Anthracnose	0.530346	0.546459	0.327167	0.372676	none	keep	¿±ø¯≈√		Disease	0	include	0.530346	0.546459	0.327167	0.372676
train	Anthracnose (220)	Anthracnose (220).txt	1	1	Anthracnose	0.420824	0.45046	0.841647	0.841285	none	keep	¿±ø¯≈√		Disease	0	include	0.420824	0.45046	0.841647	0.841285
train	Anthracnose (221)	Anthracnose (221).txt	1	1	Anthracnose	0.38208	0.535327	0.76416	0.833906	none	keep	¿±ø¯≈√		Disease	0	include	0.38208	0.535327	0.76416	0.833906
train	Anthracnose (223)	Anthracnose (223).txt	1	1	Anthracnose	0.486038	0.516876	0.520267	0.94829	none	keep	¿±ø¯≈√		Disease	0	include	0.486038	0.516876	0.520267	0.94829
train	Anthracnose (224)	Anthracnose (224).txt	1	1	Anthracnose	0.517863	0.563799	0.500896	0.872402	none	keep	¿±ø¯≈√		Disease	0	include	0.517863	0.563799	0.500896	0.872402
train	Anthracnose (225)	Anthracnose (225).txt	1	1	Anthracnose	0.577362	0.562876	0.52857	0.874248	none	keep	¿±ø¯≈√		Disease	0	include	0.577362	0.562876	0.52857	0.874248
train	Anthracnose (226)	Anthracnose (226).txt	1	1	Anthracnose	0.414611	0.601808	0.829222	0.553477	none	keep	¿±ø¯≈√		Disease	0	include	0.414611	0.601808	0.829222	0.553477
train	Anthracnose (227)	Anthracnose (227).txt	1	1	Anthracnose	0.413381	0.649775	0.826762	0.546096	none	keep	¿±ø¯≈√		Disease	0	include	0.413381	0.649775	0.826762	0.546096
train	Anthracnose (228)	Anthracnose (228).txt	1	1	Anthracnose	0.562834	0.463225	0.541024	0.92645	none	keep	¿±ø¯≈√		Disease	0	include	0.562834	0.463225	0.541024	0.92645
train	Anthracnose (229)	Anthracnose (229).txt	1	1	Anthracnose	0.558683	0.472449	0.560395	0.944899	none	keep	¿±ø¯≈√		Disease	0	include	0.558683	0.472449	0.560395	0.944899
train	Anthracnose (23)	Anthracnose (23).txt	1	1	Anthracnose	0.486068	0.52063	0.558397	0.623583	none	keep	¿±ø¯≈√		Disease	0	include	0.486068	0.52063	0.558397	0.623583
train	Anthracnose (230)	Anthracnose (230).txt	1	1	Anthracnose	0.424427	0.579767	0.559833	0.534585	box_offset	fix	¿±ø¯≈√		Disease	0	include	0.425	0.589	0.526	0.532
train	Anthracnose (231)	Anthracnose (231).txt	1	0	Alternaria	0.410812	0.5526	0.43229	0.48898	box_offset	fix	¿±ø¯≈√		Disease	0	include	0.4075	0.558	0.418	0.49
train	Anthracnose (232)	Anthracnose (232).txt	1	1	Anthracnose	0.478697	0.495689	0.307247	0.336232	box_tight	fix	¿±ø¯≈√		Disease	0	include	0.48	0.505	0.28	0.34
train	Anthracnose (233)	Anthracnose (233).txt	1	1	Anthracnose	0.463593	0.776881	0.27876	0.224368	box_missing	fix	¿±ø¯≈√	»≠∏È »∏¿¸ πÆ¡¶	Disease	0	include	0.463593	0.776881	0.27876	0.224368
train	Anthracnose (233)	Anthracnose (233).txt	2	1	Anthracnose	0.414868	0.523619	0.285557	0.285558	box_missing	fix	¿±ø¯≈√	»≠∏È »∏¿¸ πÆ¡¶	Disease	0	include	0.414868	0.523619	0.285557	0.285558
train	Anthracnose (233)	Anthracnose (233).txt	3	1	Anthracnose					box_missing	add	Codex	ø¯∫ª ¿ÃπÃ¡ˆ »Æ¿Œ »ƒ ¥©∂Ù bbox √ﬂ∞° (EXIF ¡§πÊ«‚ ±‚¡ÿ)	Disease	0	include	0.645	0.455	0.29	0.31
train	Anthracnose (236)	Anthracnose (236).txt	1	1	Anthracnose	0.533537	0.523404	0.407907	0.487028	box_missing	fix	¿±ø¯≈√		Disease	0	include	0.533537	0.523404	0.407907	0.487028
train	Anthracnose (236)	Anthracnose (236).txt	2	1	Anthracnose	0.385847	0.355494	0.323513	0.309447	box_missing	fix	¿±ø¯≈√		Disease	0	include	0.385847	0.355494	0.323513	0.309447
train	Anthracnose (236)	Anthracnose (236).txt	3	1	Anthracnose					box_missing	add	Codex	ø¯∫ª ¿ÃπÃ¡ˆ »Æ¿Œ »ƒ ¥©∂Ù bbox √ﬂ∞° (EXIF ¡§πÊ«‚ ±‚¡ÿ)	Disease	0	include	0.0385	0.728	0.077	0.1
train	Anthracnose (237)	Anthracnose (237).txt	1	1	Anthracnose	0.192442	0.221869	0.143003	0.137142	box_missing	fix	¿±ø¯≈√	»≠∏È »∏¿¸ πÆ¡¶	Disease	0	include	0.192442	0.221869	0.143003	0.137142
train	Anthracnose (237)	Anthracnose (237).txt	2	1	Anthracnose	0.621448	0.66494	0.199263	0.19692	box_missing	fix	¿±ø¯≈√	»≠∏È »∏¿¸ πÆ¡¶	Disease	0	include	0.621448	0.66494	0.199263	0.19692
train	Anthracnose (237)	Anthracnose (237).txt	3	1	Anthracnose	0.337788	0.593732	0.208643	0.20923	box_missing	fix	¿±ø¯≈√	»≠∏È »∏¿¸ πÆ¡¶	Disease	0	include	0.337788	0.593732	0.208643	0.20923
train	Anthracnose (237)	Anthracnose (237).txt	4	1	Anthracnose	0.198302	0.126045	0.12659	0.124835	box_missing	fix	¿±ø¯≈√	»≠∏È »∏¿¸ πÆ¡¶	Disease	0	include	0.198302	0.126045	0.12659	0.124835
train	Anthracnose (237)	Anthracnose (237).txt	5	1	Anthracnose					box_missing	add	Codex	ø¯∫ª ¿ÃπÃ¡ˆ »Æ¿Œ »ƒ ¥©∂Ù bbox √ﬂ∞° (EXIF ¡§πÊ«‚ ±‚¡ÿ)	Disease	0	include	0.4375	0.23	0.019	0.028
train	Anthracnose (24)	Anthracnose (24).txt	1	1	Anthracnose	0.482377	0.632248	0.541178	0.529492	none	keep	¿±ø¯≈√		Disease	0	include	0.482377	0.632248	0.541178	0.529492
train	Anthracnose (240)	Anthracnose (240).txt	1	1	Anthracnose	0.402095	0.591869	0.365043	0.376233	box_missing	fix	¿±ø¯≈√	»≠∏È »∏¿¸ πÆ¡¶	Disease	0	include	0.402095	0.591869	0.365043	0.376233
train	Anthracnose (241)	Anthracnose (241).txt	1	1	Anthracnose	0.512785	0.640001	0.36269	0.393013	box_missing	fix	¿±ø¯≈√	»≠∏È »∏¿¸ πÆ¡¶	Disease	0	include	0.512785	0.640001	0.36269	0.393013
train	Anthracnose (242)	Anthracnose (242).txt	1	1	Anthracnose	0.530447	0.665171	0.325007	0.344438	box_missing	fix	¿±ø¯≈√	»≠∏È »∏¿¸ πÆ¡¶	Disease	0	include	0.530447	0.665171	0.325007	0.344438
train	Anthracnose (242)	Anthracnose (242).txt	2	1	Anthracnose	0.390262	0.375801	0.305677	0.286573	box_missing	fix	¿±ø¯≈√	»≠∏È »∏¿¸ πÆ¡¶	Disease	0	include	0.390262	0.375801	0.305677	0.286573
train	Anthracnose (243)	Anthracnose (243).txt	1	1	Anthracnose	0.51368	0.462933	0.473633	0.3994	box_missing	fix	¿±ø¯≈√	»≠∏È »∏¿¸ πÆ¡¶	Disease	0	include	0.51368	0.462933	0.473633	0.3994
train	Anthracnose (243)	Anthracnose (243).txt	2	1	Anthracnose					box_missing	add	Codex	ø¯∫ª ¿ÃπÃ¡ˆ »Æ¿Œ »ƒ ¥©∂Ù bbox √ﬂ∞° (EXIF ¡§πÊ«‚ ±‚¡ÿ)	Disease	0	include	0.025	0.605	0.05	0.13
train	Anthracnose (244)	Anthracnose (244).txt	1	1	Anthracnose	0.460917	0.607415	0.402467	0.456455	box_missing	fix	¿±ø¯≈√	»≠∏È »∏¿¸ πÆ¡¶	Disease	0	include	0.460917	0.607415	0.402467	0.456455
train	Anthracnose (244)	Anthracnose (244).txt	2	1	Anthracnose	0.107755	0.429801	0.21551	0.263197	box_missing	fix	¿±ø¯≈√	»≠∏È »∏¿¸ πÆ¡¶	Disease	0	include	0.107755	0.429801	0.21551	0.263197
train	Anthracnose (244)	Anthracnose (244).txt	3	1	Anthracnose	0.676877	0.590849	0.225773	0.342342	box_missing	fix	¿±ø¯≈√	»≠∏È »∏¿¸ πÆ¡¶	Disease	0	include	0.676877	0.590849	0.225773	0.342342
train	Anthracnose (245)	Anthracnose (245).txt	1	1	Anthracnose	0.442513	0.471214	0.24786	0.331297	box_missing	fix	¿±ø¯≈√	»≠∏È »∏¿¸ πÆ¡¶	Disease	0	include	0.442513	0.471214	0.24786	0.331297
train	Anthracnose (245)	Anthracnose (245).txt	2	1	Anthracnose	0.746707	0.442653	0.40992	0.32271	box_missing	fix	¿±ø¯≈√	»≠∏È »∏¿¸ πÆ¡¶	Disease	0	include	0.746707	0.442653	0.40992	0.32271
train	Anthracnose (245)	Anthracnose (245).txt	3	1	Anthracnose	0.58157	0.771496	0.393867	0.424737	box_missing	fix	¿±ø¯≈√	»≠∏È »∏¿¸ πÆ¡¶	Disease	0	include	0.58157	0.771496	0.393867	0.424737
train	Anthracnose (245)	Anthracnose (245).txt	4	1	Anthracnose	0.703987	0.650941	0.30658	0.333723	box_missing	fix	¿±ø¯≈√	»≠∏È »∏¿¸ πÆ¡¶	Disease	0	include	0.703987	0.650941	0.30658	0.333723
train	Anthracnose (246)	Anthracnose (246).txt	1	1	Anthracnose	0.662472	0.643755	0.25761	0.25548	box_missing	fix	¿±ø¯≈√	»≠∏È »∏¿¸ πÆ¡¶	Disease	0	include	0.662472	0.643755	0.25761	0.25548
train	Anthracnose (246)	Anthracnose (246).txt	2	1	Anthracnose	0.292023	0.543159	0.261867	0.271448	box_missing	fix	¿±ø¯≈√	»≠∏È »∏¿¸ πÆ¡¶	Disease	0	include	0.292023	0.543159	0.261867	0.271448
train	Anthracnose (246)	Anthracnose (246).txt	3	1	Anthracnose	0.135162	0.072647	0.179337	0.145295	box_missing	fix	¿±ø¯≈√	»≠∏È »∏¿¸ πÆ¡¶	Disease	0	include	0.135162	0.072647	0.179337	0.145295
train	Anthracnose (247)	Anthracnose (247).txt	1	1	Anthracnose	0.752867	0.686374	0.23838	0.227952	box_missing	fix	¿±ø¯≈√	»≠∏È »∏¿¸ πÆ¡¶	Disease	0	include	0.752867	0.686374	0.23838	0.227952
train	Anthracnose (247)	Anthracnose (247).txt	2	1	Anthracnose	0.303913	0.529935	0.290033	0.326285	box_missing	fix	¿±ø¯≈√	»≠∏È »∏¿¸ πÆ¡¶	Disease	0	include	0.303913	0.529935	0.290033	0.326285
train	Anthracnose (247)	Anthracnose (247).txt	3	1	Anthracnose	0.33669	0.284849	0.264207	0.241362	box_missing	fix	¿±ø¯≈√	»≠∏È »∏¿¸ πÆ¡¶	Disease	0	include	0.33669	0.284849	0.264207	0.241362
train	Anthracnose (247)	Anthracnose (247).txt	4	1	Anthracnose	0.161137	0.108361	0.14484	0.156773	box_missing	fix	¿±ø¯≈√	»≠∏È »∏¿¸ πÆ¡¶	Disease	0	include	0.161137	0.108361	0.14484	0.156773
train	Anthracnose (247)	Anthracnose (247).txt	5	1	Anthracnose	0.057638	0.14372	0.115277	0.14661	box_missing	fix	¿±ø¯≈√	»≠∏È »∏¿¸ πÆ¡¶	Disease	0	include	0.057638	0.14372	0.115277	0.14661
train	Anthracnose (247)	Anthracnose (247).txt	6	1	Anthracnose	0.542617	0.457674	0.06166	0.055598	box_missing	fix	¿±ø¯≈√	»≠∏È »∏¿¸ πÆ¡¶	Disease	0	include	0.542617	0.457674	0.06166	0.055598
train	Anthracnose (248)	Anthracnose (248).txt	1	0	Alternaria	0.140337	0.186749	0.141733	0.161223	box_missing	fix	¿±ø¯≈√	»≠∏È »∏¿¸ πÆ¡¶	Disease	0	include	0.140337	0.186749	0.141733	0.161223
train	Anthracnose (248)	Anthracnose (248).txt	2	0	Alternaria	0.704908	0.744826	0.22205	0.217918	box_missing	fix	¿±ø¯≈√	»≠∏È »∏¿¸ πÆ¡¶	Disease	0	include	0.704908	0.744826	0.22205	0.217918
train	Anthracnose (248)	Anthracnose (248).txt	3	0	Alternaria	0.293882	0.594234	0.278743	0.310042	box_missing	fix	¿±ø¯≈√	»≠∏È »∏¿¸ πÆ¡¶	Disease	0	include	0.293882	0.594234	0.278743	0.310042
train	Anthracnose (248)	Anthracnose (248).txt	4	0	Alternaria	0.323408	0.363031	0.24331	0.209058	box_missing	fix	¿±ø¯≈√	»≠∏È »∏¿¸ πÆ¡¶	Disease	0	include	0.323408	0.363031	0.24331	0.209058
train	Anthracnose (248)	Anthracnose (248).txt	5	0	Alternaria	0.05009	0.21864	0.10018	0.143505	box_missing	fix	¿±ø¯≈√	»≠∏È »∏¿¸ πÆ¡¶	Disease	0	include	0.05009	0.21864	0.10018	0.143505
train	Anthracnose (248)	Anthracnose (248).txt	6	0	Alternaria	0.479317	0.521596	0.068507	0.054923	box_missing	fix	¿±ø¯≈√	»≠∏È »∏¿¸ πÆ¡¶	Disease	0	include	0.479317	0.521596	0.068507	0.054923
train	Anthracnose (249)	Anthracnose (249).txt	1	0	Alternaria	0.466325	0.524252	0.39213	0.396855	box_missing	fix	¿±ø¯≈√	»≠∏È »∏¿¸ πÆ¡¶	Disease	0	include	0.466325	0.524252	0.39213	0.396855
train	Anthracnose (25)	Anthracnose (25).txt	1	1	Anthracnose	0.62874	0.608265	0.47476	0.452007	none	keep	¿±ø¯≈√		Disease	0	include	0.62874	0.608265	0.47476	0.452007
train	Anthracnose (25)	Anthracnose (25).txt	2	1	Anthracnose	0.338474	0.745556	0.602677	0.508889	none	keep	¿±ø¯≈√		Disease	0	include	0.338474	0.745556	0.602677	0.508889
train	Anthracnose (250)	Anthracnose (250).txt	1	0	Alternaria	0.427307	0.824996	0.086853	0.097707	box_missing	fix	¿±ø¯≈√	»≠∏È »∏¿¸ πÆ¡¶	Disease	0	include	0.427307	0.824996	0.086853	0.097707
train	Anthracnose (250)	Anthracnose (250).txt	2	0	Alternaria	0.205527	0.35718	0.08936	0.10053	box_missing	fix	¿±ø¯≈√	»≠∏È »∏¿¸ πÆ¡¶	Disease	0	include	0.205527	0.35718	0.08936	0.10053
train	Anthracnose (250)	Anthracnose (250).txt	3	0	Alternaria	0.54931	0.573425	0.03782	0.044605	box_missing	fix	¿±ø¯≈√	»≠∏È »∏¿¸ πÆ¡¶	Disease	0	include	0.54931	0.573425	0.03782	0.044605
train	Anthracnose (250)	Anthracnose (250).txt	4	0	Alternaria	0.617208	0.597371	0.039717	0.044683	box_missing	fix	¿±ø¯≈√	»≠∏È »∏¿¸ πÆ¡¶	Disease	0	include	0.617208	0.597371	0.039717	0.044683
train	Anthracnose (250)	Anthracnose (250).txt	5	0	Alternaria	0.494745	0.566929	0.03449	0.041808	box_missing	fix	¿±ø¯≈√	»≠∏È »∏¿¸ πÆ¡¶	Disease	0	include	0.494745	0.566929	0.03449	0.041808
train	Anthracnose (250)	Anthracnose (250).txt	6	0	Alternaria	0.506417	0.50487	0.03972	0.04625	box_missing	fix	¿±ø¯≈√	»≠∏È »∏¿¸ πÆ¡¶	Disease	0	include	0.506417	0.50487	0.03972	0.04625
train	Anthracnose (250)	Anthracnose (250).txt	7	0	Alternaria	0.901758	0.602306	0.04201	0.040903	box_missing	fix	¿±ø¯≈√	»≠∏È »∏¿¸ πÆ¡¶	Disease	0	include	0.901758	0.602306	0.04201	0.040903
train	Anthracnose (250)	Anthracnose (250).txt	8	1	Anthracnose	0.865217	0.368281	0.068607	0.076153	box_missing	fix	¿±ø¯≈√	»≠∏È »∏¿¸ πÆ¡¶	Disease	0	include	0.865217	0.368281	0.068607	0.076153
train	Anthracnose (250)	Anthracnose (250).txt	9	0	Alternaria	0.731435	0.651195	0.091117	0.107715	box_missing	fix	¿±ø¯≈√	»≠∏È »∏¿¸ πÆ¡¶	Disease	0	include	0.731435	0.651195	0.091117	0.107715
train	Anthracnose (250)	Anthracnose (250).txt	10	0	Alternaria					box_missing	add	Codex	ø¯∫ª ¿ÃπÃ¡ˆ »Æ¿Œ »ƒ ¥©∂Ù bbox √ﬂ∞° (EXIF ¡§πÊ«‚ ±‚¡ÿ)	Disease	0	include	0.1875	0.753	0.015	0.018
train	Anthracnose (250)	Anthracnose (250).txt	11	0	Alternaria					box_missing	add	Codex	ø¯∫ª ¿ÃπÃ¡ˆ »Æ¿Œ »ƒ ¥©∂Ù bbox √ﬂ∞° (EXIF ¡§πÊ«‚ ±‚¡ÿ)	Disease	0	include	0.8655	0.509	0.015	0.014
train	Anthracnose (250)	Anthracnose (250).txt	12	0	Alternaria					box_missing	add	Codex	ø¯∫ª ¿ÃπÃ¡ˆ »Æ¿Œ »ƒ ¥©∂Ù bbox √ﬂ∞° (EXIF ¡§πÊ«‚ ±‚¡ÿ)	Disease	0	include	0.974	0.7075	0.016	0.017
train	Anthracnose (250)	Anthracnose (250).txt	13	0	Alternaria					box_missing	add	Codex	ø¯∫ª ¿ÃπÃ¡ˆ »Æ¿Œ »ƒ ¥©∂Ù bbox √ﬂ∞° (EXIF ¡§πÊ«‚ ±‚¡ÿ)	Disease	0	include	0.832	0.982	0.04	0.036
train	Anthracnose (252)	Anthracnose (252).txt	1	1	Anthracnose	0.93304	0.339058	0.13392	0.14812	box_missing	fix	¿±ø¯≈√	»≠∏È »∏¿¸ πÆ¡¶	Disease	0	include	0.93304	0.339058	0.13392	0.14812
train	Anthracnose (252)	Anthracnose (252).txt	2	1	Anthracnose	0.541802	0.619753	0.370603	0.47179	box_missing	fix	¿±ø¯≈√	»≠∏È »∏¿¸ πÆ¡¶	Disease	0	include	0.541802	0.619753	0.370603	0.47179
train	Anthracnose (252)	Anthracnose (252).txt	3	1	Anthracnose	0.411357	0.484432	0.251133	0.25601	box_missing	fix	¿±ø¯≈√	»≠∏È »∏¿¸ πÆ¡¶	Disease	0	include	0.411357	0.484432	0.251133	0.25601
train	Anthracnose (252)	Anthracnose (252).txt	4	1	Anthracnose					box_missing	add	Codex	ø¯∫ª ¿ÃπÃ¡ˆ »Æ¿Œ »ƒ ¥©∂Ù bbox √ﬂ∞° (EXIF ¡§πÊ«‚ ±‚¡ÿ)	Disease	0	include	0.04	0.4	0.08	0.22
train	Anthracnose (253)	Anthracnose (253).txt	1	1	Anthracnose	0.438178	0.538379	0.33891	0.367557	box_missing	fix	¿±ø¯≈√	»≠∏È »∏¿¸ πÆ¡¶	Disease	0	include	0.438178	0.538379	0.33891	0.367557
train	Anthracnose (254)	Anthracnose (254).txt	1	1	Anthracnose	0.44915	0.511864	0.419367	0.398642	box_missing	fix	¿±ø¯≈√	»≠∏È »∏¿¸ πÆ¡¶	Disease	0	include	0.44915	0.511864	0.419367	0.398642
train	Anthracnose (254)	Anthracnose (254).txt	2	1	Anthracnose					box_missing	add	Codex	ø¯∫ª ¿ÃπÃ¡ˆ »Æ¿Œ »ƒ ¥©∂Ù bbox √ﬂ∞° (EXIF ¡§πÊ«‚ ±‚¡ÿ)	Disease	0	include	0.74	0.255	0.06	0.07
train	Anthracnose (256)	Anthracnose (256).txt	1	1	Anthracnose	0.499952	0.50366	0.39227	0.32029	box_missing	fix	¿±ø¯≈√	»≠∏È »∏¿¸ πÆ¡¶	Disease	0	include	0.499952	0.50366	0.39227	0.32029
train	Anthracnose (257)	Anthracnose (257).txt	1	1	Anthracnose	0.940797	0.318877	0.118407	0.24058	box_missing	fix	¿±ø¯≈√	»≠∏È »∏¿¸ πÆ¡¶	Disease	0	include	0.940797	0.318877	0.118407	0.24058
train	Anthracnose (257)	Anthracnose (257).txt	2	1	Anthracnose	0.415893	0.402935	0.282127	0.333335	box_missing	fix	¿±ø¯≈√	»≠∏È »∏¿¸ πÆ¡¶	Disease	0	include	0.415893	0.402935	0.282127	0.333335
train	Anthracnose (257)	Anthracnose (257).txt	3	1	Anthracnose	0.7357	0.381195	0.411593	0.32174	box_missing	fix	¿±ø¯≈√	»≠∏È »∏¿¸ πÆ¡¶	Disease	0	include	0.7357	0.381195	0.411593	0.32174
train	Anthracnose (257)	Anthracnose (257).txt	4	1	Anthracnose	0.577247	0.712355	0.423187	0.433335	box_missing	fix	¿±ø¯≈√	»≠∏È »∏¿¸ πÆ¡¶	Disease	0	include	0.577247	0.712355	0.423187	0.433335
train	Anthracnose (257)	Anthracnose (257).txt	5	1	Anthracnose					box_missing	add	Codex	ø¯∫ª ¿ÃπÃ¡ˆ »Æ¿Œ »ƒ ¥©∂Ù bbox √ﬂ∞° (EXIF ¡§πÊ«‚ ±‚¡ÿ)	Disease	0	include	0.17	0.4725	0.07	0.115
train	Anthracnose (258)	Anthracnose (258).txt	1	1	Anthracnose	0.434252	0.638443	0.322703	0.331885	box_missing	fix	¿±ø¯≈√	»≠∏È »∏¿¸ πÆ¡¶	Disease	0	include	0.434252	0.638443	0.322703	0.331885
train	Anthracnose (259)	Anthracnose (259).txt	1	1	Anthracnose	0.450677	0.632645	0.42512	0.45942	box_missing	fix	¿±ø¯≈√	»≠∏È »∏¿¸ πÆ¡¶	Disease	0	include	0.450677	0.632645	0.42512	0.45942
train	Anthracnose (26)	Anthracnose (26).txt	1	1	Anthracnose	0.566014	0.712503	0.551016	0.542407	none	keep	¿±ø¯≈√		Disease	0	include	0.566014	0.712503	0.551016	0.542407
train	Anthracnose (26)	Anthracnose (26).txt	2	1	Anthracnose	0.653339	0.528011	0.415723	0.302567	none	keep	¿±ø¯≈√		Disease	0	include	0.653339	0.528011	0.415723	0.302567
train	Anthracnose (260)	Anthracnose (260).txt	1	1	Anthracnose	0.421692	0.500036	0.36715	0.417392	box_missing	fix	¿±ø¯≈√		Disease	0	include	0.421692	0.500036	0.36715	0.417392
train	Anthracnose (261)	Anthracnose (261).txt	1	1	Anthracnose	0.464203	0.571051	0.401933	0.414492	box_missing	fix	¿±ø¯≈√		Disease	0	include	0.464203	0.571051	0.401933	0.414492
train	Anthracnose (261)	Anthracnose (261).txt	2	1	Anthracnose					box_missing	add	Codex	ø¯∫ª ¿ÃπÃ¡ˆ »Æ¿Œ »ƒ ¥©∂Ù bbox √ﬂ∞° (EXIF ¡§πÊ«‚ ±‚¡ÿ)	Disease	0	include	0.25	0.378	0.07	0.095
train	Anthracnose (262)	Anthracnose (262).txt	1	1	Anthracnose	0.469033	0.573225	0.34976	0.386955	box_missing	fix	¿±ø¯≈√		Disease	0	include	0.469033	0.573225	0.34976	0.386955
train	Anthracnose (263)	Anthracnose (263).txt	1	1	Anthracnose	0.228455	0.121777	0.208697	0.214495	box_missing	fix	¿±ø¯≈√		Disease	0	include	0.228455	0.121777	0.208697	0.214495
train	Anthracnose (263)	Anthracnose (263).txt	2	1	Anthracnose	0.348262	0.605109	0.231883	0.207247	box_missing	fix	¿±ø¯≈√		Disease	0	include	0.348262	0.605109	0.231883	0.207247
train	Anthracnose (263)	Anthracnose (263).txt	3	1	Anthracnose	0.580145	0.571775	0.28599	0.27681	box_missing	fix	¿±ø¯≈√		Disease	0	include	0.580145	0.571775	0.28599	0.27681
train	Anthracnose (264)	Anthracnose (264).txt	1	1	Anthracnose	0.108158	0.341241	0.08273	0.059618	box_missing	fix	¿±ø¯≈√		Disease	0	include	0.108158	0.341241	0.08273	0.059618
train	Anthracnose (264)	Anthracnose (264).txt	2	1	Anthracnose	0.512422	0.11686	0.172603	0.168535	box_missing	fix	¿±ø¯≈√		Disease	0	include	0.512422	0.11686	0.172603	0.168535
train	Anthracnose (264)	Anthracnose (264).txt	3	1	Anthracnose	0.300355	0.916569	0.122897	0.148707	box_missing	fix	¿±ø¯≈√		Disease	0	include	0.300355	0.916569	0.122897	0.148707
train	Anthracnose (264)	Anthracnose (264).txt	4	1	Anthracnose	0.554093	0.575573	0.084753	0.09143	box_missing	fix	¿±ø¯≈√		Disease	0	include	0.554093	0.575573	0.084753	0.09143
train	Anthracnose (264)	Anthracnose (264).txt	5	1	Anthracnose	0.68877	0.554456	0.04644	0.053553	box_missing	fix	¿±ø¯≈√		Disease	0	include	0.68877	0.554456	0.04644	0.053553
train	Anthracnose (264)	Anthracnose (264).txt	6	1	Anthracnose	0.827132	0.303687	0.060443	0.065235	box_missing	fix	¿±ø¯≈√		Disease	0	include	0.827132	0.303687	0.060443	0.065235
train	Anthracnose (264)	Anthracnose (264).txt	7	1	Anthracnose	0.188323	0.704493	0.044913	0.05021	box_missing	fix	¿±ø¯≈√		Disease	0	include	0.188323	0.704493	0.044913	0.05021
train	Anthracnose (264)	Anthracnose (264).txt	8	1	Anthracnose	0.378997	0.702269	0.046607	0.057202	box_missing	fix	¿±ø¯≈√		Disease	0	include	0.378997	0.702269	0.046607	0.057202
train	Anthracnose (264)	Anthracnose (264).txt	9	1	Anthracnose					box_missing	add	Codex	ø¯∫ª ¿ÃπÃ¡ˆ »Æ¿Œ »ƒ ¥©∂Ù bbox √ﬂ∞° (EXIF ¡§πÊ«‚ ±‚¡ÿ)	Disease	0	include	0.4155	0.712	0.035	0.076
train	Anthracnose (265)	Anthracnose (265).txt	1	1	Anthracnose	0.474925	0.59331	0.328617	0.373945	box_missing	fix	¿±ø¯≈√		Disease	0	include	0.474925	0.59331	0.328617	0.373945
train	Anthracnose (266)	Anthracnose (266).txt	1	1	Anthracnose	0.464727	0.616256	0.417007	0.358648	box_missing	fix	¿±ø¯≈√		Disease	0	include	0.464727	0.616256	0.417007	0.358648
train	Anthracnose (266)	Anthracnose (266).txt	2	1	Anthracnose					box_missing	add	Codex	ø¯∫ª ¿ÃπÃ¡ˆ »Æ¿Œ »ƒ ¥©∂Ù bbox √ﬂ∞° (EXIF ¡§πÊ«‚ ±‚¡ÿ)	Disease	0	include	0.865	0.77	0.09	0.12
train	Anthracnose (267)	Anthracnose (267).txt	1	1	Anthracnose	0.459062	0.58481	0.36941	0.312755	box_missing	fix	¿±ø¯≈√		Disease	0	include	0.459062	0.58481	0.36941	0.312755
train	Anthracnose (268)	Anthracnose (268).txt	1	1	Anthracnose	0.525917	0.810876	0.362613	0.346747	box_missing	fix	¿±ø¯≈√		Disease	0	include	0.525917	0.810876	0.362613	0.346747
train	Anthracnose (268)	Anthracnose (268).txt	2	1	Anthracnose	0.377473	0.237211	0.274227	0.246462	box_missing	fix	¿±ø¯≈√		Disease	0	include	0.377473	0.237211	0.274227	0.246462
train	Anthracnose (269)	Anthracnose (269).txt	1	1	Anthracnose	0.461328	0.58481	0.564317	0.513325	box_missing	fix	¿±ø¯≈√		Disease	0	include	0.461328	0.58481	0.564317	0.513325
train	Anthracnose (27)	Anthracnose (27).txt	1	1	Anthracnose	0.735747	0.546461	0.137755	0.180803	none	keep	¿±ø¯≈√		Disease	0	include	0.735747	0.546461	0.137755	0.180803
train	Anthracnose (27)	Anthracnose (27).txt	2	1	Anthracnose	0.486068	0.580591	0.420642	0.488904	none	keep	¿±ø¯≈√		Disease	0	include	0.486068	0.580591	0.420642	0.488904
train	Anthracnose (270)	Anthracnose (270).txt	1	1	Anthracnose	0.47266	0.565263	0.360347	0.33145	box_missing	fix	¿±ø¯≈√		Disease	0	include	0.47266	0.565263	0.360347	0.33145
train	Anthracnose (272)	Anthracnose (272).txt	1	1	Anthracnose	0.350277	0.289054	0.233433	0.275358	box_missing	fix	¿±ø¯≈√		Disease	0	include	0.350277	0.289054	0.233433	0.275358
train	Anthracnose (272)	Anthracnose (272).txt	2	1	Anthracnose	0.593907	0.623054	0.231167	0.219268	box_missing	fix	¿±ø¯≈√		Disease	0	include	0.593907	0.623054	0.231167	0.219268
train	Anthracnose (273)	Anthracnose (273).txt	1	1	Anthracnose	0.366142	0.418235	0.301423	0.28216	box_missing	fix	¿±ø¯≈√		Disease	0	include	0.366142	0.418235	0.301423	0.28216
train	Anthracnose (273)	Anthracnose (273).txt	2	1	Anthracnose	0.575778	0.663849	0.294623	0.229467	box_missing	fix	¿±ø¯≈√		Disease	0	include	0.575778	0.663849	0.294623	0.229467
train	Anthracnose (276)	Anthracnose (276).txt	1	1	Anthracnose	0.485125	0.464129	0.38981	0.326352	box_missing	fix	¿±ø¯≈√		Disease	0	include	0.485125	0.464129	0.38981	0.326352
train	Anthracnose (276)	Anthracnose (276).txt	2	1	Anthracnose					box_missing	add	Codex	ø¯∫ª ¿ÃπÃ¡ˆ »Æ¿Œ »ƒ ¥©∂Ù bbox √ﬂ∞° (EXIF ¡§πÊ«‚ ±‚¡ÿ)	Disease	0	include	0.238	0.4495	0.068	0.113
train	Anthracnose (278)	Anthracnose (278).txt	1	2	Healthy	0.944445	0.277353	0.11111	0.186885	box_missing	fix	¿±ø¯≈√		Healthy	0	include	0.944445	0.277353	0.11111	0.186885
train	Anthracnose (278)	Anthracnose (278).txt	2	1	Anthracnose	0.487557	0.566775	0.485127	0.441575	box_missing	fix	¿±ø¯≈√		Disease	0	include	0.487557	0.566775	0.485127	0.441575
train	Anthracnose (278)	Anthracnose (278).txt	3	2	Healthy	0.138043	0.92107	0.209487	0.15786	box_missing	fix	¿±ø¯≈√		Healthy	0	include	0.138043	0.92107	0.209487	0.15786
train	Anthracnose (278)	Anthracnose (278).txt	4	2	Healthy	0.572455	0.886794	0.147743	0.132307	box_missing	fix	¿±ø¯≈√		Healthy	0	include	0.572455	0.886794	0.147743	0.132307
train	Anthracnose (278)	Anthracnose (278).txt	5	2	Healthy					box_missing	add	Codex	ø¯∫ª ¿ÃπÃ¡ˆ »Æ¿Œ »ƒ ¥©∂Ù bbox √ﬂ∞° (EXIF ¡§πÊ«‚ ±‚¡ÿ)	Healthy	0	include	0.91	0.91	0.18	0.18
train	Anthracnose (280)	Anthracnose (280).txt	1	1	Anthracnose	0.535382	0.602076	0.350217	0.407278	box_missing	fix	¿±ø¯≈√		Disease	0	include	0.535382	0.602076	0.350217	0.407278
train	Anthracnose (282)	Anthracnose (282).txt	1	1	Anthracnose	0.527677	0.546261	0.461827	0.441312	box_offset	fix	¿±ø¯≈√		Disease	0	include	0.525	0.558	0.43	0.418
train	Anthracnose (283)	Anthracnose (283).txt	1	1	Anthracnose	0.525332	0.5278	0.396183	0.37626	box_offset	fix	¿±ø¯≈√		Disease	0	include	0.518	0.53	0.358	0.34
train	Anthracnose (29)	Anthracnose (29).txt	1	1	Anthracnose	0.467617	0.664535	0.4723	0.413262	none	keep	¿±ø¯≈√		Disease	0	include	0.467617	0.664535	0.4723	0.413262
train	Anthracnose (3)	Anthracnose (3).txt	1	1	Anthracnose	0.524196	0.568598	0.639572	0.546098	none	keep	¿±ø¯≈√		Disease	0	include	0.524196	0.568598	0.639572	0.546098
train	Anthracnose (31)	Anthracnose (31).txt	1	1	Anthracnose	0.296655	0.269721	0.420642	0.409572	none	keep	¿±ø¯≈√		Disease	0	include	0.296655	0.269721	0.420642	0.409572
train	Anthracnose (31)	Anthracnose (31).txt	2	1	Anthracnose	0.690239	0.343518	0.47476	0.553477	none	keep	¿±ø¯≈√		Disease	0	include	0.690239	0.343518	0.47476	0.553477
train	Anthracnose (31)	Anthracnose (31).txt	3	1	Anthracnose	0.425799	0.694976	0.526418	0.592222	none	keep	¿±ø¯≈√		Disease	0	include	0.425799	0.694976	0.526418	0.592222
train	Anthracnose (33)	Anthracnose (33).txt	1	1	Anthracnose	0.851363	0.252748	0.211551	0.250909	ambiguous	hold	¿±ø¯≈√		Disease	0	include	0.851363	0.252748	0.211551	0.250909
train	Anthracnose (33)	Anthracnose (33).txt	2	1	Anthracnose	0.525425	0.712133	0.533796	0.553477	none	keep	¿±ø¯≈√		Disease	0	include	0.525425	0.712133	0.533796	0.553477
train	Anthracnose (35)	Anthracnose (35).txt	1	1	Anthracnose	0.490987	0.619888	0.499358	0.568236	none	keep	¿±ø¯≈√		Disease	0	include	0.490987	0.619888	0.499358	0.568236
train	Anthracnose (37)	Anthracnose (37).txt	1	1	Anthracnose	0.529116	0.620811	0.610055	0.540562	none	keep	¿±ø¯≈√		Disease	0	include	0.529116	0.620811	0.610055	0.540562
train	Anthracnose (37)	Anthracnose (37).txt	2	1	Anthracnose	0.187189	0.412333	0.186953	0.208477	ambiguous	hold	¿±ø¯≈√		Disease	0	include	0.187189	0.412333	0.186953	0.208477
train	Anthracnose (38)	Anthracnose (38).txt	1	1	Anthracnose	0.532805	0.626344	0.514117	0.588531	none	keep	¿±ø¯≈√		Disease	0	include	0.532805	0.626344	0.514117	0.588531
train	Anthracnose (39)	Anthracnose (39).txt	1	1	Anthracnose	0.396282	0.645716	0.48706	0.49444	none	keep	¿±ø¯≈√		Disease	0	include	0.396282	0.645716	0.48706	0.49444
train	Anthracnose (4)	Anthracnose (4).txt	1	1	Anthracnose	0.659489	0.276732	0.167271	0.166042	none	keep	¿±ø¯≈√		Disease	0	include	0.659489	0.276732	0.167271	0.166042
train	Anthracnose (4)	Anthracnose (4).txt	2	1	Anthracnose	0.494676	0.57561	0.565775	0.450161	none	keep	¿±ø¯≈√		Disease	0	include	0.494676	0.57561	0.565775	0.450161
train	Anthracnose (40)	Anthracnose (40).txt	1	1	Anthracnose	0.430719	0.706599	0.467381	0.49444	none	keep	¿±ø¯≈√		Disease	0	include	0.430719	0.706599	0.467381	0.49444
train	Anthracnose (42)	Anthracnose (42).txt	1	1	Anthracnose	0.439329	0.548857	0.494439	0.514733	none	keep	¿±ø¯≈√		Disease	0	include	0.439329	0.548857	0.494439	0.514733
train	Anthracnose (43)	Anthracnose (43).txt	1	1	Anthracnose	0.472538	0.640182	0.482141	0.553477	none	keep	¿±ø¯≈√		Disease	0	include	0.472538	0.640182	0.482141	0.553477
train	Anthracnose (45)	Anthracnose (45).txt	1	1	Anthracnose	0.43318	0.594982	0.447703	0.514733	none	keep	πŒøµ¡ÿ		Disease	0	include	0.43318	0.594982	0.447703	0.514733
train	Anthracnose (46)	Anthracnose (46).txt	1	1	Anthracnose	0.450398	0.607896	0.462462	0.404039	none	keep	πŒøµ¡ÿ		Disease	0	include	0.450398	0.607896	0.462462	0.404039
train	Anthracnose (47)	Anthracnose (47).txt	1	1	Anthracnose	0.797766	0.108848	0.404468	0.217695	none	keep	πŒøµ¡ÿ		Disease	0	include	0.797766	0.108848	0.404468	0.217695
train	Anthracnose (47)	Anthracnose (47).txt	2	1	Anthracnose	0.43195	0.675235	0.450162	0.424334	ambiguous	hold	πŒøµ¡ÿ		Disease	0	include	0.43195	0.675235	0.450162	0.424334
train	Anthracnose (48)	Anthracnose (48).txt	1	1	Anthracnose	0.521735	0.671545	0.570697	0.623585	none	keep	πŒøµ¡ÿ		Disease	0	include	0.521735	0.671545	0.570697	0.623585
train	Anthracnose (49)	Anthracnose (49).txt	1	1	Anthracnose	0.376602	0.623577	0.619893	0.67893	none	keep	πŒøµ¡ÿ		Disease	0	include	0.376602	0.623577	0.619893	0.67893
train	Anthracnose (50)	Anthracnose (50).txt	1	1	Anthracnose	0.295425	0.534098	0.319786	0.330241	none	keep	πŒøµ¡ÿ		Disease	0	include	0.295425	0.534098	0.319786	0.330241
train	Anthracnose (50)	Anthracnose (50).txt	2	1	Anthracnose	0.476228	0.709367	0.440321	0.433557	none	keep	πŒøµ¡ÿ		Disease	0	include	0.476228	0.709367	0.440321	0.433557
train	Anthracnose (53)	Anthracnose (53).txt	1	1	Anthracnose	0.246227	0.772122	0.442784	0.455755	none	keep	πŒøµ¡ÿ		Disease	0	include	0.246227	0.772122	0.442784	0.455755
train	Anthracnose (53)	Anthracnose (53).txt	2	1	Anthracnose	0.509549	0.588108	0.326968	0.342882	none	keep	πŒøµ¡ÿ		Disease	0	include	0.509549	0.588108	0.326968	0.342882
train	Anthracnose (55)	Anthracnose (55).txt	1	1	Anthracnose	0.414062	0.639106	0.36169	0.401476	none	keep	πŒøµ¡ÿ		Disease	0	include	0.414062	0.639106	0.36169	0.401476
train	Anthracnose (56)	Anthracnose (56).txt	1	1	Anthracnose	0.700521	0.580512	0.471644	0.557726	none	keep	πŒøµ¡ÿ		Disease	0	include	0.700521	0.580512	0.471644	0.557726
train	Anthracnose (56)	Anthracnose (56).txt	2	1	Anthracnose	0.364873	0.664062	0.36169	0.434028	none	keep	πŒøµ¡ÿ		Disease	0	include	0.364873	0.664062	0.36169	0.434028
train	Anthracnose (56)	Anthracnose (56).txt	3	1	Anthracnose	0.858218	0.116102	0.283565	0.232205	none	keep	πŒøµ¡ÿ		Disease	0	include	0.858218	0.116102	0.283565	0.232205
train	Anthracnose (57)	Anthracnose (57).txt	1	1	Anthracnose	0.411169	0.634766	0.286458	0.31901	none	keep	πŒøµ¡ÿ		Disease	0	include	0.411169	0.634766	0.286458	0.31901
train	Anthracnose (58)	Anthracnose (58).txt	1	1	Anthracnose	0.222222	0.78125	0.444444	0.429688	none	keep	πŒøµ¡ÿ		Disease	0	include	0.222222	0.78125	0.444444	0.429688
train	Anthracnose (58)	Anthracnose (58).txt	2	1	Anthracnose	0.479167	0.614149	0.393519	0.429688	none	keep	πŒøµ¡ÿ		Disease	0	include	0.479167	0.614149	0.393519	0.429688
train	Anthracnose (6)	Anthracnose (6).txt	1	1	Anthracnose	0.445891	0.652127	0.633681	0.492622	none	keep	πŒøµ¡ÿ		Disease	0	include	0.445891	0.652127	0.633681	0.492622
train	Anthracnose (60)	Anthracnose (60).txt	1	1	Anthracnose	0.733796	0.788628	0.462963	0.422743	none	keep	πŒøµ¡ÿ		Disease	0	include	0.733796	0.788628	0.462963	0.422743
train	Anthracnose (60)	Anthracnose (60).txt	2	1	Anthracnose	0.406829	0.596788	0.393519	0.447049	none	keep	πŒøµ¡ÿ		Disease	0	include	0.406829	0.596788	0.393519	0.447049
train	Anthracnose (60)	Anthracnose (60).txt	3	1	Anthracnose	0.713542	0.538194	0.289352	0.203993	none	keep	πŒøµ¡ÿ		Disease	0	include	0.713542	0.538194	0.289352	0.203993
train	Anthracnose (61)	Anthracnose (61).txt	1	1	Anthracnose	0.456019	0.623915	0.52662	0.47526	none	keep	πŒøµ¡ÿ		Disease	0	include	0.456019	0.623915	0.52662	0.47526
train	Anthracnose (62)	Anthracnose (62).txt	1	1	Anthracnose	0.398148	0.713976	0.422454	0.46441	none	keep	πŒøµ¡ÿ		Disease	0	include	0.398148	0.713976	0.422454	0.46441
train	Anthracnose (63)	Anthracnose (63).txt	1	1	Anthracnose	0.41985	0.685764	0.500579	0.494792	none	keep	πŒøµ¡ÿ		Disease	0	include	0.41985	0.685764	0.500579	0.494792
train	Anthracnose (64)	Anthracnose (64).txt	1	1	Anthracnose	0.402488	0.666233	0.402199	0.342882	none	keep	πŒøµ¡ÿ		Disease	0	include	0.402488	0.666233	0.402199	0.342882
train	Anthracnose (65)	Anthracnose (65).txt	1	1	Anthracnose	0.581887	0.738715	0.535301	0.522569	none	keep	πŒøµ¡ÿ		Disease	0	include	0.581887	0.738715	0.535301	0.522569
train	Anthracnose (67)	Anthracnose (67).txt	1	1	Anthracnose	0.522569	0.598958	0.462963	0.512153	none	keep	πŒøµ¡ÿ		Disease	0	include	0.522569	0.598958	0.462963	0.512153
train	Anthracnose (68)	Anthracnose (68).txt	1	1	Anthracnose	0.42853	0.62934	0.593171	0.577257	none	keep	πŒøµ¡ÿ		Disease	0	include	0.42853	0.62934	0.593171	0.577257
train	Anthracnose (7)	Anthracnose (7).txt	1	1	Anthracnose	0.510995	0.684679	0.520833	0.588108	none	keep	πŒøµ¡ÿ		Disease	0	include	0.510995	0.684679	0.520833	0.588108
train	Anthracnose (70)	Anthracnose (70).txt	1	1	Anthracnose	0.53559	0.677083	0.326968	0.390625	none	keep	πŒøµ¡ÿ		Disease	0	include	0.53559	0.677083	0.326968	0.390625
train	Anthracnose (72)	Anthracnose (72).txt	1	1	Anthracnose	0.444444	0.582682	0.538194	0.527344	none	keep	πŒøµ¡ÿ		Disease	0	include	0.444444	0.582682	0.538194	0.527344
train	Anthracnose (73)	Anthracnose (73).txt	1	1	Anthracnose	0.451678	0.5523	0.57581	0.566406	none	keep	πŒøµ¡ÿ		Disease	0	include	0.451678	0.5523	0.57581	0.566406
train	Anthracnose (75)	Anthracnose (75).txt	1	1	Anthracnose	0.496528	0.705295	0.457176	0.525174	none	keep	πŒøµ¡ÿ		Disease	0	include	0.496528	0.705295	0.457176	0.525174
train	Anthracnose (76)	Anthracnose (76).txt	1	1	Anthracnose	0.911748	0.343967	0.176505	0.292969	ambiguous	hold	πŒøµ¡ÿ		Disease	0	include	0.911748	0.343967	0.176505	0.292969
train	Anthracnose (76)	Anthracnose (76).txt	2	1	Anthracnose	0.43287	0.619575	0.549769	0.640191	none	keep	πŒøµ¡ÿ		Disease	0	include	0.43287	0.619575	0.549769	0.640191
train	Anthracnose (76)	Anthracnose (76).txt	3	1	Anthracnose	0.668692	0.719401	0.228588	0.397135	none	keep	πŒøµ¡ÿ		Disease	0	include	0.668692	0.719401	0.228588	0.397135
train	Anthracnose (77)	Anthracnose (77).txt	1	1	Anthracnose	0.497975	0.714844	0.529514	0.570312	none	keep	πŒøµ¡ÿ		Disease	0	include	0.497975	0.714844	0.529514	0.570312
train	Anthracnose (79)	Anthracnose (79).txt	1	1	Anthracnose	0.437211	0.688802	0.546875	0.622396	none	keep	πŒøµ¡ÿ		Disease	0	include	0.437211	0.688802	0.546875	0.622396
train	Anthracnose (79)	Anthracnose (79).txt	2	1	Anthracnose	0.804688	0.81901	0.384838	0.361979	none	keep	πŒøµ¡ÿ		Disease	0	include	0.804688	0.81901	0.384838	0.361979
train	Anthracnose (8)	Anthracnose (8).txt	1	1	Anthracnose	0.456019	0.664062	0.503472	0.486111	none	keep	πŒøµ¡ÿ		Disease	0	include	0.456019	0.664062	0.503472	0.486111
train	Anthracnose (80)	Anthracnose (80).txt	1	1	Anthracnose	0.460359	0.664931	0.668403	0.670139	none	keep	πŒøµ¡ÿ		Disease	0	include	0.460359	0.664931	0.668403	0.670139
train	Anthracnose (82)	Anthracnose (82).txt	1	1	Anthracnose	0.512442	0.628255	0.587384	0.614149	none	keep	πŒøµ¡ÿ		Disease	0	include	0.512442	0.628255	0.587384	0.614149
train	Anthracnose (83)	Anthracnose (83).txt	1	1	Anthracnose	0.458912	0.657335	0.758102	0.68533	none	keep	πŒøµ¡ÿ		Disease	0	include	0.458912	0.657335	0.758102	0.68533
train	Anthracnose (84)	Anthracnose (84).txt	1	1	Anthracnose	0.544271	0.688802	0.460069	0.622396	none	keep	πŒøµ¡ÿ		Disease	0	include	0.544271	0.688802	0.460069	0.622396
train	Anthracnose (86)	Anthracnose (86).txt	1	1	Anthracnose	0.466146	0.625	0.587384	0.633681	none	keep	πŒøµ¡ÿ		Disease	0	include	0.466146	0.625	0.587384	0.633681
train	Anthracnose (88)	Anthracnose (88).txt	1	1	Anthracnose	0.487847	0.646701	0.625	0.551215	none	keep	πŒøµ¡ÿ		Disease	0	include	0.487847	0.646701	0.625	0.551215
train	Anthracnose (9)	Anthracnose (9).txt	1	1	Anthracnose	0.463252	0.667318	0.500579	0.492622	none	keep	πŒøµ¡ÿ		Disease	0	include	0.463252	0.667318	0.500579	0.492622
train	Anthracnose (91)	Anthracnose (91).txt	1	1	Anthracnose	0.466146	0.718099	0.512153	0.563802	none	keep	πŒøµ¡ÿ		Disease	0	include	0.466146	0.718099	0.512153	0.563802
train	Anthracnose (92)	Anthracnose (92).txt	1	1	Anthracnose	0.471933	0.632378	0.627894	0.735243	none	keep	πŒøµ¡ÿ		Disease	0	include	0.471933	0.632378	0.627894	0.735243
train	Anthracnose (94)	Anthracnose (94).txt	1	1	Anthracnose	0.122396	0.431858	0.244792	0.290799	none	keep	πŒøµ¡ÿ		Disease	0	include	0.122396	0.431858	0.244792	0.290799
train	Anthracnose (94)	Anthracnose (94).txt	2	1	Anthracnose	0.434317	0.587023	0.460069	0.592448	none	keep	πŒøµ¡ÿ		Disease	0	include	0.434317	0.587023	0.460069	0.592448
train	Anthracnose (95)	Anthracnose (95).txt	1	1	Anthracnose	0.453125	0.526259	0.439815	0.536024	none	keep	πŒøµ¡ÿ		Disease	0	include	0.453125	0.526259	0.439815	0.536024
train	Anthracnose (96)	Anthracnose (96).txt	1	1	Anthracnose	0.403935	0.544705	0.399306	0.490451	none	keep	πŒøµ¡ÿ		Disease	0	include	0.403935	0.544705	0.399306	0.490451
train	Anthracnose (97)	Anthracnose (97).txt	1	1	Anthracnose	0.425637	0.639106	0.564236	0.575087	none	keep	πŒøµ¡ÿ		Disease	0	include	0.425637	0.639106	0.564236	0.575087
train	Anthracnose (98)	Anthracnose (98).txt	1	1	Anthracnose	0.558738	0.686849	0.598958	0.557726	none	keep	πŒøµ¡ÿ		Disease	0	include	0.558738	0.686849	0.598958	0.557726
train	Anthracnose (99)	Anthracnose (99).txt	1	1	Anthracnose	0.466146	0.657552	0.558449	0.611979	none	keep	πŒøµ¡ÿ		Disease	0	include	0.466146	0.657552	0.558449	0.611979
train	Healthy (1)	Healthy (1).txt	1	2	Healthy	0.437211	0.600043	0.633681	0.544705	none	keep	πŒøµ¡ÿ	.	Healthy	0	include	0.437211	0.600043	0.633681	0.544705
train	Healthy (100)	Healthy (100).txt	1	2	Healthy	0.437211	0.672743	0.489005	0.529514	none	keep	πŒøµ¡ÿ		Healthy	0	include	0.437211	0.672743	0.489005	0.529514
train	Healthy (100)	Healthy (100).txt	2	2	Healthy	0.837963	0.287543	0.324074	0.47526	none	keep	πŒøµ¡ÿ		Healthy	0	include	0.837963	0.287543	0.324074	0.47526
train	Healthy (102)	Healthy (102).txt	1	2	Healthy	0.483507	0.605469	0.598958	0.559896	none	keep	πŒøµ¡ÿ		Healthy	0	include	0.483507	0.605469	0.598958	0.559896
train	Healthy (103)	Healthy (103).txt	1	2	Healthy	0.469039	0.582682	0.697338	0.683594	none	keep	πŒøµ¡ÿ		Healthy	0	include	0.469039	0.582682	0.697338	0.683594
train	Healthy (104)	Healthy (104).txt	1	2	Healthy	0.551505	0.616319	0.68287	0.555556	none	keep	πŒøµ¡ÿ		Healthy	0	include	0.551505	0.616319	0.68287	0.555556
train	Healthy (106)	Healthy (106).txt	1	2	Healthy	0.487847	0.632595	0.439815	0.540365	none	keep	πŒøµ¡ÿ		Healthy	0	include	0.487847	0.632595	0.439815	0.540365
train	Healthy (107)	Healthy (107).txt	1	2	Healthy	0.445891	0.707465	0.483218	0.503472	none	keep	πŒøµ¡ÿ		Healthy	0	include	0.445891	0.707465	0.483218	0.503472
train	Healthy (108)	Healthy (108).txt	1	2	Healthy	0.480613	0.634766	0.407986	0.444878	none	keep	πŒøµ¡ÿ		Healthy	0	include	0.480613	0.634766	0.407986	0.444878
train	Healthy (108)	Healthy (108).txt	2	2	Healthy	0.456019	0.931858	0.190972	0.136285	none	keep	πŒøµ¡ÿ		Healthy	0	include	0.456019	0.931858	0.190972	0.136285
train	Healthy (109)	Healthy (109).txt	1	2	Healthy	0.583333	0.699653	0.491898	0.600694	none	keep	πŒøµ¡ÿ		Healthy	0	include	0.583333	0.699653	0.491898	0.600694
train	Healthy (109)	Healthy (109).txt	2	2	Healthy	0.348958	0.508898	0.428241	0.46658	none	keep	πŒøµ¡ÿ		Healthy	0	include	0.348958	0.508898	0.428241	0.46658
train	Healthy (109)	Healthy (109).txt	3	2	Healthy	0.071759	0.406901	0.143519	0.271267	none	keep	πŒøµ¡ÿ		Healthy	0	include	0.071759	0.406901	0.143519	0.271267
train	Healthy (11)	Healthy (11).txt	1	2	Healthy	0.43287	0.523003	0.758102	0.62934	none	keep	πŒøµ¡ÿ		Healthy	1	exclude				
train	Healthy (110)	Healthy (110).txt	1	2	Healthy	0.260706	0.54796	0.315394	0.375434	none	keep	πŒøµ¡ÿ		Healthy	0	include	0.260706	0.54796	0.315394	0.375434
train	Healthy (110)	Healthy (110).txt	2	2	Healthy	0.16522	0.381944	0.217014	0.182292	ambiguous	hold	πŒøµ¡ÿ		Healthy	0	include	0.16522	0.381944	0.217014	0.182292
train	Healthy (110)	Healthy (110).txt	3	2	Healthy	0.522569	0.671658	0.532407	0.566406	none	keep	πŒøµ¡ÿ		Healthy	0	include	0.522569	0.671658	0.532407	0.566406
train	Healthy (111)	Healthy (111).txt	1	2	Healthy	0.388021	0.525174	0.477431	0.503472	none	keep	πŒøµ¡ÿ		Healthy	0	include	0.388021	0.525174	0.477431	0.503472
train	Healthy (111)	Healthy (111).txt	2	2	Healthy	0.671586	0.689019	0.118634	0.106337	none	keep	πŒøµ¡ÿ		Healthy	0	include	0.671586	0.689019	0.118634	0.106337
train	Healthy (112)	Healthy (112).txt	1	2	Healthy	0.456019	0.544705	0.630787	0.651042	none	keep	πŒøµ¡ÿ		Healthy	0	include	0.456019	0.544705	0.630787	0.651042
train	Healthy (112)	Healthy (112).txt	2	2	Healthy	0.836516	0.761502	0.326968	0.476997	none	keep	πŒøµ¡ÿ		Healthy	0	include	0.836516	0.761502	0.326968	0.476997
train	Healthy (113)	Healthy (113).txt	1	2	Healthy	0.900174	0.084635	0.199653	0.169271	none	keep	πŒøµ¡ÿ		Healthy	0	include	0.900174	0.084635	0.199653	0.169271
train	Healthy (113)	Healthy (113).txt	2	2	Healthy	0.829282	0.519748	0.295139	0.301649	none	keep	πŒøµ¡ÿ		Healthy	0	include	0.829282	0.519748	0.295139	0.301649
train	Healthy (113)	Healthy (113).txt	3	2	Healthy	0.382234	0.647786	0.512153	0.536024	none	keep	πŒøµ¡ÿ		Healthy	0	include	0.382234	0.647786	0.512153	0.536024
train	Healthy (113)	Healthy (113).txt	4	2	Healthy	0.680266	0.3852	0.448495	0.518663	none	keep	πŒøµ¡ÿ		Healthy	0	include	0.680266	0.3852	0.448495	0.518663
train	Healthy (113)	Healthy (113).txt	5	2	Healthy	0.299769	0.073785	0.341435	0.147569	none	keep	πŒøµ¡ÿ		Healthy	0	include	0.299769	0.073785	0.341435	0.147569
train	Healthy (114)	Healthy (114).txt	1	2	Healthy	0.496528	0.604384	0.561343	0.601128	none	keep	πŒøµ¡ÿ		Healthy	0	include	0.496528	0.604384	0.561343	0.601128
train	Healthy (114)	Healthy (114).txt	2	2	Healthy	0.781539	0.696615	0.286458	0.407986	none	keep	πŒøµ¡ÿ		Healthy	0	include	0.781539	0.696615	0.286458	0.407986
train	Healthy (116)	Healthy (116).txt	1	2	Healthy	0.493634	0.645616	0.428241	0.523003	none	keep	πŒøµ¡ÿ		Healthy	0	include	0.493634	0.645616	0.428241	0.523003
train	Healthy (116)	Healthy (116).txt	2	2	Healthy	0.58478	0.175781	0.309606	0.351562	none	keep	πŒøµ¡ÿ		Healthy	0	include	0.58478	0.175781	0.309606	0.351562
train	Healthy (117)	Healthy (117).txt	1	2	Healthy	0.418403	0.69987	0.445602	0.540365	none	keep	πŒøµ¡ÿ		Healthy	0	include	0.418403	0.69987	0.445602	0.540365
train	Healthy (118)	Healthy (118).txt	1	2	Healthy	0.534144	0.799479	0.393519	0.401042	none	keep	πŒøµ¡ÿ		Healthy	0	include	0.534144	0.799479	0.393519	0.401042
train	Healthy (118)	Healthy (118).txt	2	2	Healthy	0.314236	0.506727	0.37037	0.449219	none	keep	πŒøµ¡ÿ		Healthy	0	include	0.314236	0.506727	0.37037	0.449219
train	Healthy (119)	Healthy (119).txt	1	2	Healthy	0.466146	0.655382	0.460069	0.533854	none	keep	πŒøµ¡ÿ		Healthy	0	include	0.466146	0.655382	0.460069	0.533854
train	Healthy (12)	Healthy (12).txt	1	2	Healthy	0.434317	0.516493	0.755208	0.642361	none	keep	πŒøµ¡ÿ		Healthy	0	include	0.434317	0.516493	0.755208	0.642361
train	Healthy (122)	Healthy (122).txt	1	2	Healthy	0.467593	0.597873	0.52662	0.614149	none	keep	πŒøµ¡ÿ		Healthy	0	include	0.467593	0.597873	0.52662	0.614149
train	Healthy (122)	Healthy (122).txt	2	2	Healthy	0.849537	0.411241	0.179398	0.210503	none	keep	πŒøµ¡ÿ		Healthy	0	include	0.849537	0.411241	0.179398	0.210503
train	Healthy (122)	Healthy (122).txt	3	2	Healthy	0.754051	0.571832	0.138889	0.180122	none	keep	πŒøµ¡ÿ		Healthy	0	include	0.754051	0.571832	0.138889	0.180122
train	Healthy (122)	Healthy (122).txt	4	2	Healthy	0.881366	0.54145	0.115741	0.184462	none	keep	πŒøµ¡ÿ		Healthy	0	include	0.881366	0.54145	0.115741	0.184462
train	Healthy (123)	Healthy (123).txt	1	2	Healthy	0.448785	0.591363	0.564236	0.62717	none	keep	πŒøµ¡ÿ		Healthy	0	include	0.448785	0.591363	0.564236	0.62717
train	Healthy (123)	Healthy (123).txt	2	2	Healthy	0.239005	0.872179	0.451389	0.255642	none	keep	πŒøµ¡ÿ		Healthy	0	include	0.239005	0.872179	0.451389	0.255642
train	Healthy (123)	Healthy (123).txt	3	2	Healthy	0.619502	0.790799	0.379051	0.418403	none	keep	πŒøµ¡ÿ		Healthy	0	include	0.619502	0.790799	0.379051	0.418403
train	Healthy (124)	Healthy (124).txt	1	2	Healthy	0.401042	0.70638	0.543981	0.514323	none	keep	πŒøµ¡ÿ		Healthy	0	include	0.401042	0.70638	0.543981	0.514323
train	Healthy (125)	Healthy (125).txt	1	2	Healthy	0.470486	0.679253	0.422454	0.47309	none	keep	πŒøµ¡ÿ		Healthy	0	include	0.470486	0.679253	0.422454	0.47309
train	Healthy (125)	Healthy (125).txt	2	2	Healthy	0.202836	0.457899	0.355903	0.360243	none	keep	πŒøµ¡ÿ		Healthy	0	include	0.202836	0.457899	0.355903	0.360243
train	Healthy (126)	Healthy (126).txt	1	2	Healthy	0.720775	0.796224	0.506366	0.407552	none	keep	πŒøµ¡ÿ		Healthy	0	include	0.720775	0.796224	0.506366	0.407552
train	Healthy (126)	Healthy (126).txt	2	2	Healthy	0.305556	0.632595	0.549769	0.427517	none	keep	πŒøµ¡ÿ		Healthy	0	include	0.305556	0.632595	0.549769	0.427517
train	Healthy (127)	Healthy (127).txt	1	2	Healthy	0.510995	0.615234	0.509259	0.501302	none	keep	πŒøµ¡ÿ		Healthy	0	include	0.510995	0.615234	0.509259	0.501302
train	Healthy (128)	Healthy (128).txt	1	2	Healthy	0.418403	0.636936	0.439815	0.453559	none	keep	πŒøµ¡ÿ		Healthy	0	include	0.418403	0.636936	0.439815	0.453559
train	Healthy (129)	Healthy (129).txt	1	2	Healthy	0.567419	0.523003	0.691551	0.681424	none	keep	πŒøµ¡ÿ		Healthy	0	include	0.567419	0.523003	0.691551	0.681424
train	Healthy (13)	Healthy (13).txt	1	2	Healthy	0.469039	0.623698	0.772569	0.752604	none	keep	πŒøµ¡ÿ		Healthy	0	include	0.469039	0.623698	0.772569	0.752604
train	Healthy (130)	Healthy (130).txt	1	2	Healthy	0.442998	0.630425	0.697338	0.657552	none	keep	πŒøµ¡ÿ		Healthy	0	include	0.442998	0.630425	0.697338	0.657552
train	Healthy (131)	Healthy (131).txt	1	2	Healthy	0.512442	0.555556	0.598958	0.564236	none	keep	πŒøµ¡ÿ		Healthy	0	include	0.512442	0.555556	0.598958	0.564236
train	Healthy (132)	Healthy (132).txt	1	2	Healthy	0.347512	0.634766	0.465856	0.501302	none	keep	πŒøµ¡ÿ		Healthy	0	include	0.347512	0.634766	0.465856	0.501302
train	Healthy (133)	Healthy (133).txt	1	2	Healthy	0.171973	0.439527	0.302831	0.293249	box_missing	fix	πŒøµ¡ÿ	πÿø° ∏¡∞Ì∞° æ» ¿‚»˚	Healthy	0	include	0.171973	0.439527	0.302831	0.293249
train	Healthy (133)	Healthy (133).txt	2	2	Healthy	0.357235	0.638137	0.320645	0.290583	box_missing	fix	πŒøµ¡ÿ		Healthy	0	include	0.357235	0.638137	0.320645	0.290583
train	Healthy (133)	Healthy (133).txt	3	2	Healthy	0.62622	0.6508	0.29927	0.270589	box_missing	fix	πŒøµ¡ÿ		Healthy	0	include	0.62622	0.6508	0.29927	0.270589
train	Healthy (133)	Healthy (133).txt	4	2	Healthy					box_missing	add	Codex	ø¯∫ª ¿ÃπÃ¡ˆ »Æ¿Œ »ƒ ¥©∂Ù bbox √ﬂ∞° (EXIF ¡§πÊ«‚ ±‚¡ÿ)	Healthy	0	include	0.13	0.855	0.22	0.27
train	Healthy (135)	Healthy (135).txt	1	2	Healthy	0.386574	0.827908	0.306713	0.336372	none	keep	πŒøµ¡ÿ		Healthy	0	include	0.386574	0.827908	0.306713	0.336372
train	Healthy (135)	Healthy (135).txt	2	2	Healthy	0.551505	0.560981	0.543981	0.483941	none	keep	πŒøµ¡ÿ		Healthy	0	include	0.551505	0.560981	0.543981	0.483941
train	Healthy (136)	Healthy (136).txt	1	2	Healthy	0.43287	0.592448	0.503472	0.542535	none	keep	πŒøµ¡ÿ		Healthy	0	include	0.43287	0.592448	0.503472	0.542535
train	Healthy (136)	Healthy (136).txt	2	2	Healthy	0.340278	0.845269	0.318287	0.297309	none	keep	πŒøµ¡ÿ		Healthy	0	include	0.340278	0.845269	0.318287	0.297309
train	Healthy (137)	Healthy (137).txt	1	2	Healthy	0.63397	0.530599	0.41956	0.449219	none	keep	πŒøµ¡ÿ		Healthy	0	include	0.63397	0.530599	0.41956	0.449219
train	Healthy (137)	Healthy (137).txt	2	2	Healthy	0.363426	0.729167	0.381944	0.373264	none	keep	πŒøµ¡ÿ		Healthy	0	include	0.363426	0.729167	0.381944	0.373264
train	Healthy (138)	Healthy (138).txt	1	2	Healthy	0.334491	0.726997	0.434028	0.421007	none	keep	πŒøµ¡ÿ		Healthy	0	include	0.334491	0.726997	0.434028	0.421007
train	Healthy (138)	Healthy (138).txt	2	2	Healthy	0.513889	0.46224	0.376157	0.273438	none	keep	πŒøµ¡ÿ		Healthy	0	include	0.513889	0.46224	0.376157	0.273438
train	Healthy (139)	Healthy (139).txt	1	2	Healthy	0.467593	0.589193	0.520833	0.518663	box_duplicate	fix	πŒøµ¡ÿ		Healthy	0	include	0.467593	0.589193	0.520833	0.518663
train	Healthy (139)	Healthy (139).txt	2	2	Healthy	0.73235	0.236545	0.535301	0.47309	none	keep	πŒøµ¡ÿ		Healthy	0	include	0.73235	0.236545	0.535301	0.47309
train	Healthy (139)	Healthy (139).txt	3	2	Healthy	0.532697	0.07053	0.535301	0.141059	none	keep	πŒøµ¡ÿ		Healthy	0	include	0.532697	0.07053	0.535301	0.141059
train	Healthy (14)	Healthy (14).txt	1	2	Healthy	0.524016	0.521918	0.772569	0.726997	none	keep	πŒøµ¡ÿ		Healthy	0	include	0.524016	0.521918	0.772569	0.726997
train	Healthy (140)	Healthy (140).txt	1	2	Healthy	0.499421	0.625868	0.694444	0.748264	none	keep	πŒøµ¡ÿ		Healthy	0	include	0.499421	0.625868	0.694444	0.748264
train	Healthy (140)	Healthy (140).txt	2	2	Healthy	0.141204	0.711589	0.282407	0.576823	none	keep	πŒøµ¡ÿ		Healthy	0	include	0.141204	0.711589	0.282407	0.576823
train	Healthy (142)	Healthy (142).txt	1	2	Healthy	0.461806	0.566406	0.515046	0.447049	none	keep	πŒøµ¡ÿ		Healthy	0	include	0.461806	0.566406	0.515046	0.447049
train	Healthy (143)	Healthy (143).txt	1	2	Healthy	0.539931	0.559896	0.688657	0.607639	none	keep	πŒøµ¡ÿ		Healthy	0	include	0.539931	0.559896	0.688657	0.607639
train	Healthy (144)	Healthy (144).txt	1	2	Healthy	0.458912	0.536024	0.520833	0.655382	none	keep	πŒøµ¡ÿ		Healthy	0	include	0.458912	0.536024	0.520833	0.655382
train	Healthy (145)	Healthy (145).txt	1	2	Healthy	0.522569	0.609809	0.416667	0.429688	none	keep	πŒøµ¡ÿ		Healthy	0	include	0.522569	0.609809	0.416667	0.429688
train	Healthy (146)	Healthy (146).txt	1	2	Healthy	0.528356	0.677083	0.451389	0.559896	none	keep	πŒøµ¡ÿ		Healthy	0	include	0.528356	0.677083	0.451389	0.559896
train	Healthy (147)	Healthy (147).txt	1	2	Healthy	0.458912	0.623915	0.393519	0.527344	none	keep	πŒøµ¡ÿ		Healthy	0	include	0.458912	0.623915	0.393519	0.527344
train	Healthy (148)	Healthy (148).txt	1	2	Healthy	0.547164	0.559896	0.645255	0.625	none	keep	πŒøµ¡ÿ		Healthy	0	include	0.547164	0.559896	0.645255	0.625
train	Healthy (150)	Healthy (150).txt	1	2	Healthy	0.509549	0.685764	0.460069	0.416667	none	keep	πŒøµ¡ÿ		Healthy	0	include	0.509549	0.685764	0.460069	0.416667
train	Healthy (151)	Healthy (151).txt	1	2	Healthy	0.425637	0.563151	0.587384	0.575087	none	keep	πŒøµ¡ÿ		Healthy	0	include	0.425637	0.563151	0.587384	0.575087
train	Healthy (151)	Healthy (151).txt	2	2	Healthy	0.298322	0.067274	0.269097	0.134549	none	keep	πŒøµ¡ÿ		Healthy	0	include	0.298322	0.067274	0.269097	0.134549
train	Healthy (151)	Healthy (151).txt	3	2	Healthy	0.454572	0.282118	0.373264	0.190972	none	keep	πŒøµ¡ÿ		Healthy	0	include	0.454572	0.282118	0.373264	0.190972
train	Healthy (152)	Healthy (152).txt	1	2	Healthy	0.515336	0.555556	0.616319	0.642361	none	keep	πŒøµ¡ÿ		Healthy	0	include	0.515336	0.555556	0.616319	0.642361
train	Healthy (153)	Healthy (153).txt	1	2	Healthy	0.484954	0.564236	0.619213	0.581597	none	keep	πŒøµ¡ÿ		Healthy	0	include	0.484954	0.564236	0.619213	0.581597
train	Healthy (154)	Healthy (154).txt	1	2	Healthy	0.496528	0.537109	0.462963	0.518663	none	keep	πŒøµ¡ÿ		Healthy	0	include	0.496528	0.537109	0.462963	0.518663
train	Healthy (156)	Healthy (156).txt	1	2	Healthy	0.406829	0.565321	0.653935	0.670573	none	keep	πŒøµ¡ÿ		Healthy	0	include	0.406829	0.565321	0.653935	0.670573
train	Healthy (157)	Healthy (157).txt	1	2	Healthy	0.940683	0.658637	0.118634	0.236545	none	keep	πŒøµ¡ÿ		Healthy	0	include	0.940683	0.658637	0.118634	0.236545
train	Healthy (157)	Healthy (157).txt	2	2	Healthy	0.197627	0.799479	0.395255	0.401042	none	keep	πŒøµ¡ÿ		Healthy	0	include	0.197627	0.799479	0.395255	0.401042
train	Healthy (157)	Healthy (157).txt	3	2	Healthy	0.415509	0.55013	0.584491	0.557726	none	keep	πŒøµ¡ÿ		Healthy	0	include	0.415509	0.55013	0.584491	0.557726
train	Healthy (158)	Healthy (158).txt	1	2	Healthy	0.661458	0.388455	0.549769	0.577257	none	keep	πŒøµ¡ÿ		Healthy	0	include	0.661458	0.388455	0.549769	0.577257
train	Healthy (158)	Healthy (158).txt	2	2	Healthy	0.347512	0.659722	0.57581	0.512153	none	keep	πŒøµ¡ÿ		Healthy	0	include	0.347512	0.659722	0.57581	0.512153
train	Healthy (16)	Healthy (16).txt	1	2	Healthy	0.561632	0.658637	0.627894	0.562066	none	keep	πŒøµ¡ÿ		Healthy	0	include	0.561632	0.658637	0.627894	0.562066
train	Healthy (16)	Healthy (16).txt	2	2	Healthy	0.275174	0.145399	0.355903	0.290799	none	keep	πŒøµ¡ÿ		Healthy	0	include	0.275174	0.145399	0.355903	0.290799
train	Healthy (160)	Healthy (160).txt	1	2	Healthy	0.484954	0.595703	0.607639	0.588108	none	keep	πŒøµ¡ÿ		Healthy	0	include	0.484954	0.595703	0.607639	0.588108
train	Healthy (161)	Healthy (161).txt	1	2	Healthy	0.438657	0.531684	0.578704	0.538194	none	keep	πŒøµ¡ÿ		Healthy	0	include	0.438657	0.531684	0.578704	0.538194
train	Healthy (162)	Healthy (162).txt	1	2	Healthy	0.490741	0.537109	0.642361	0.596788	none	keep	πŒøµ¡ÿ		Healthy	0	include	0.490741	0.537109	0.642361	0.596788
train	Healthy (162)	Healthy (162).txt	2	2	Healthy	0.299769	0.856988	0.549769	0.286024	none	keep	πŒøµ¡ÿ		Healthy	0	include	0.299769	0.856988	0.549769	0.286024
train	Healthy (163)	Healthy (163).txt	1	2	Healthy	0.512442	0.15408	0.668403	0.30816	none	keep	πŒøµ¡ÿ		Healthy	0	include	0.512442	0.15408	0.668403	0.30816
train	Healthy (163)	Healthy (163).txt	2	2	Healthy	0.401042	0.583767	0.636574	0.594618	none	keep	πŒøµ¡ÿ		Healthy	0	include	0.401042	0.583767	0.636574	0.594618
train	Healthy (163)	Healthy (163).txt	3	2	Healthy	0.194734	0.855903	0.389468	0.288194	none	keep	πŒøµ¡ÿ		Healthy	0	include	0.194734	0.855903	0.389468	0.288194
train	Healthy (164)	Healthy (164).txt	1	2	Healthy	0.444444	0.626085	0.584491	0.562066	none	keep	πŒøµ¡ÿ		Healthy	0	include	0.444444	0.626085	0.584491	0.562066
train	Healthy (164)	Healthy (164).txt	2	2	Healthy	0.340278	0.929688	0.306713	0.140625	none	keep	πŒøµ¡ÿ		Healthy	0	include	0.340278	0.929688	0.306713	0.140625
train	Healthy (165)	Healthy (165).txt	1	2	Healthy	0.464699	0.504557	0.769676	0.748698	none	keep	πŒøµ¡ÿ		Healthy	0	include	0.464699	0.504557	0.769676	0.748698
train	Healthy (166)	Healthy (166).txt	1	2	Healthy	0.509549	0.549045	0.616319	0.659722	ambiguous	hold	πŒøµ¡ÿ		Healthy	0	include	0.509549	0.549045	0.616319	0.659722
train	Healthy (167)	Healthy (167).txt	1	2	Healthy	0.469039	0.540365	0.587384	0.668403	ambiguous	hold	πŒøµ¡ÿ		Healthy	0	include	0.469039	0.540365	0.587384	0.668403
train	Healthy (167)	Healthy (167).txt	2	2	Healthy	0.147859	0.476345	0.222801	0.405816	ambiguous	hold	πŒøµ¡ÿ		Healthy	0	include	0.147859	0.476345	0.222801	0.405816
train	Healthy (168)	Healthy (168).txt	1	2	Healthy	0.254919	0.790799	0.471644	0.418403	ambiguous	hold	πŒøµ¡ÿ		Healthy	0	include	0.254919	0.790799	0.471644	0.418403
train	Healthy (168)	Healthy (168).txt	2	2	Healthy	0.418403	0.551215	0.717593	0.659722	none	keep	πŒøµ¡ÿ		Healthy	0	include	0.418403	0.551215	0.717593	0.659722
train	Healthy (169)	Healthy (169).txt	1	2	Healthy	0.429977	0.556641	0.601852	0.579427	ambiguous	hold	πŒøµ¡ÿ		Healthy	0	include	0.429977	0.556641	0.601852	0.579427
train	Healthy (17)	Healthy (17).txt	1	2	Healthy	0.164352	0.744358	0.328704	0.442708	none	keep	πŒøµ¡ÿ		Healthy	0	include	0.164352	0.744358	0.328704	0.442708
train	Healthy (17)	Healthy (17).txt	2	2	Healthy	0.555845	0.596788	0.622106	0.507812	none	keep	πŒøµ¡ÿ		Healthy	0	include	0.555845	0.596788	0.622106	0.507812
train	Healthy (17)	Healthy (17).txt	3	2	Healthy	0.680266	0.166016	0.257523	0.249566	none	keep	πŒøµ¡ÿ		Healthy	0	include	0.680266	0.166016	0.257523	0.249566
train	Healthy (170)	Healthy (170).txt	1	2	Healthy	0.47338	0.53928	0.671296	0.709635	none	keep	πŒøµ¡ÿ		Healthy	0	include	0.47338	0.53928	0.671296	0.709635
train	Healthy (171)	Healthy (171).txt	1	2	Healthy	0.463252	0.511068	0.477431	0.553385	none	keep	πŒøµ¡ÿ		Healthy	0	include	0.463252	0.511068	0.477431	0.553385
train	Healthy (172)	Healthy (172).txt	1	2	Healthy	0.43287	0.54579	0.619213	0.726997	none	keep	πŒøµ¡ÿ		Healthy	0	include	0.43287	0.54579	0.619213	0.726997
train	Healthy (173)	Healthy (173).txt	1	2	Healthy	0.493634	0.536024	0.543981	0.594618	none	keep	πŒøµ¡ÿ		Healthy	0	include	0.493634	0.536024	0.543981	0.594618
train	Healthy (174)	Healthy (174).txt	1	2	Healthy	0.458912	0.54145	0.752315	0.744358	none	keep	πŒøµ¡ÿ		Healthy	0	include	0.458912	0.54145	0.752315	0.744358
train	Healthy (176)	Healthy (176).txt	1	2	Healthy	0.447338	0.738715	0.56713	0.522569	none	keep	πŒøµ¡ÿ		Healthy	0	include	0.447338	0.738715	0.56713	0.522569
train	Healthy (177)	Healthy (177).txt	1	2	Healthy	0.447338	0.626085	0.543981	0.492622	none	keep	πŒøµ¡ÿ		Healthy	0	include	0.447338	0.626085	0.543981	0.492622
train	Healthy (178)	Healthy (178).txt	1	2	Healthy	0.518229	0.670573	0.483218	0.499132	none	keep	πŒøµ¡ÿ		Healthy	0	include	0.518229	0.670573	0.483218	0.499132
train	Healthy (179)	Healthy (179).txt	1	2	Healthy	0.471933	0.524089	0.679977	0.609809	none	keep	πŒøµ¡ÿ		Healthy	0	include	0.471933	0.524089	0.679977	0.609809
train	Healthy (18)	Healthy (18).txt	1	2	Healthy	0.542824	0.55447	0.630787	0.601128	none	keep	πŒøµ¡ÿ		Healthy	0	include	0.542824	0.55447	0.630787	0.601128
train	Healthy (18)	Healthy (18).txt	2	2	Healthy	0.911748	0.456814	0.176505	0.531684	none	keep	πŒøµ¡ÿ		Healthy	0	include	0.911748	0.456814	0.176505	0.531684
train	Healthy (180)	Healthy (180).txt	1	2	Healthy	0.547164	0.606554	0.784144	0.761719	none	keep	πŒøµ¡ÿ		Healthy	0	include	0.547164	0.606554	0.784144	0.761719
train	Healthy (181)	Healthy (181).txt	1	2	Healthy	0.496528	0.592448	0.549769	0.542535	none	keep	πŒøµ¡ÿ		Healthy	0	include	0.496528	0.592448	0.549769	0.542535
train	Healthy (182)	Healthy (182).txt	1	2	Healthy	0.490741	0.601128	0.619213	0.668403	none	keep	πŒøµ¡ÿ		Healthy	0	include	0.490741	0.601128	0.619213	0.668403
train	Healthy (184)	Healthy (184).txt	1	2	Healthy	0.390914	0.5523	0.778356	0.713976	none	keep	πŒøµ¡ÿ		Healthy	0	include	0.390914	0.5523	0.778356	0.713976
train	Healthy (185)	Healthy (185).txt	1	2	Healthy	0.499421	0.526259	0.607639	0.566406	none	keep	πŒøµ¡ÿ		Healthy	0	include	0.499421	0.526259	0.607639	0.566406
train	Healthy (186)	Healthy (186).txt	1	2	Healthy	0.493634	0.54796	0.68287	0.592448	none	keep	πŒøµ¡ÿ		Healthy	0	include	0.493634	0.54796	0.68287	0.592448
train	Healthy (188)	Healthy (188).txt	1	2	Healthy	0.427083	0.499132	0.561343	0.681424	none	keep	πŒøµ¡ÿ		Healthy	0	include	0.427083	0.499132	0.561343	0.681424
train	Healthy (19)	Healthy (19).txt	1	2	Healthy	0.438657	0.62283	0.653935	0.607639	none	keep	πŒøµ¡ÿ		Healthy	0	include	0.438657	0.62283	0.653935	0.607639
train	Healthy (191)	Healthy (191).txt	1	2	Healthy	0.444444	0.565321	0.515046	0.531684	none	keep	πŒøµ¡ÿ		Healthy	0	include	0.444444	0.565321	0.515046	0.531684
train	Healthy (191)	Healthy (191).txt	2	2	Healthy	0.209201	0.838759	0.418403	0.31467	none	keep	πŒøµ¡ÿ		Healthy	0	include	0.209201	0.838759	0.418403	0.31467
train	Healthy (192)	Healthy (192).txt	1	2	Healthy	0.522569	0.518663	0.665509	0.811632	none	keep	πŒøµ¡ÿ		Healthy	0	include	0.522569	0.518663	0.665509	0.811632
train	Healthy (193)	Healthy (193).txt	1	2	Healthy	0.492188	0.530599	0.668403	0.687934	none	keep	πŒøµ¡ÿ		Healthy	0	include	0.492188	0.530599	0.668403	0.687934
train	Healthy (193)	Healthy (193).txt	2	2	Healthy	0.398148	0.096571	0.190972	0.167101	none	keep	πŒøµ¡ÿ		Healthy	0	include	0.398148	0.096571	0.190972	0.167101
train	Healthy (193)	Healthy (193).txt	3	2	Healthy	0.073206	0.130208	0.146412	0.173611	none	keep	πŒøµ¡ÿ		Healthy	0	include	0.073206	0.130208	0.146412	0.173611
train	Healthy (194)	Healthy (194).txt	1	2	Healthy	0.385127	0.486111	0.691551	0.720486	none	keep	πŒøµ¡ÿ		Healthy	0	include	0.385127	0.486111	0.691551	0.720486
train	Healthy (194)	Healthy (194).txt	2	2	Healthy	0.677373	0.89171	0.407986	0.21658	none	keep	πŒøµ¡ÿ		Healthy	0	include	0.677373	0.89171	0.407986	0.21658
train	Healthy (195)	Healthy (195).txt	1	2	Healthy	0.52691	0.449219	0.471644	0.533854	none	keep	πŒøµ¡ÿ		Healthy	0	include	0.52691	0.449219	0.471644	0.533854
train	Healthy (196)	Healthy (196).txt	1	2	Healthy	0.444444	0.635851	0.700231	0.698785	none	keep	πŒøµ¡ÿ		Healthy	0	include	0.444444	0.635851	0.700231	0.698785
train	Healthy (197)	Healthy (197).txt	1	2	Healthy	0.544271	0.913411	0.494792	0.173177	none	keep	πŒøµ¡ÿ		Healthy	0	include	0.544271	0.913411	0.494792	0.173177
train	Healthy (197)	Healthy (197).txt	2	2	Healthy	0.493634	0.62934	0.422454	0.494792	none	keep	πŒøµ¡ÿ		Healthy	0	include	0.493634	0.62934	0.422454	0.494792
train	Healthy (198)	Healthy (198).txt	1	2	Healthy	0.564525	0.915582	0.431134	0.168837	ambiguous	hold	πŒøµ¡ÿ		Healthy	0	include	0.564525	0.915582	0.431134	0.168837
train	Healthy (198)	Healthy (198).txt	2	2	Healthy	0.469039	0.604384	0.645255	0.553385	none	keep	πŒøµ¡ÿ		Healthy	0	include	0.469039	0.604384	0.645255	0.553385
train	Healthy (199)	Healthy (199).txt	1	2	Healthy	0.824942	0.152995	0.350116	0.30599	none	keep	πŒøµ¡ÿ		Healthy	0	include	0.824942	0.152995	0.350116	0.30599
train	Healthy (199)	Healthy (199).txt	2	2	Healthy	0.500868	0.641276	0.604745	0.579427	none	keep	πŒøµ¡ÿ		Healthy	0	include	0.500868	0.641276	0.604745	0.579427
train	Healthy (2)	Healthy (2).txt	1	2	Healthy	0.437211	0.616319	0.755208	0.733507	none	keep	πŒøµ¡ÿ		Healthy	0	include	0.437211	0.616319	0.755208	0.733507
train	Healthy (20)	Healthy (20).txt	1	2	Healthy	0.157118	0.862413	0.314236	0.275174	ambiguous	hold	πŒøµ¡ÿ		Healthy	0	include	0.157118	0.862413	0.314236	0.275174
train	Healthy (20)	Healthy (20).txt	2	2	Healthy	0.43287	0.615234	0.532407	0.440538	none	keep	πŒøµ¡ÿ		Healthy	0	include	0.43287	0.615234	0.532407	0.440538
train	Healthy (200)	Healthy (200).txt	1	2	Healthy	0.538484	0.616319	0.749421	0.750868	none	keep	πŒøµ¡ÿ		Healthy	0	include	0.538484	0.616319	0.749421	0.750868
train	Healthy (201)	Healthy (201).txt	1	2	Healthy	0.499421	0.664062	0.422454	0.538194	none	keep	πŒøµ¡ÿ		Healthy	0	include	0.499421	0.664062	0.422454	0.538194
train	Healthy (202)	Healthy (202).txt	1	2	Healthy	0.474826	0.575087	0.570023	0.585938	none	keep	πŒøµ¡ÿ		Healthy	0	include	0.474826	0.575087	0.570023	0.585938
train	Healthy (203)	Healthy (203).txt	1	2	Healthy	0.661458	0.88954	0.439815	0.22092	none	keep	πŒøµ¡ÿ		Healthy	0	include	0.661458	0.88954	0.439815	0.22092
train	Healthy (203)	Healthy (203).txt	2	2	Healthy	0.437211	0.581597	0.639468	0.62066	none	keep	πŒøµ¡ÿ		Healthy	0	include	0.437211	0.581597	0.639468	0.62066
train	Healthy (203)	Healthy (203).txt	3	2	Healthy	0.266493	0.903646	0.523727	0.192708	none	keep	πŒøµ¡ÿ		Healthy	0	include	0.266493	0.903646	0.523727	0.192708
train	Healthy (204)	Healthy (204).txt	1	2	Healthy	0.414062	0.536024	0.801505	0.833333	none	keep	πŒøµ¡ÿ		Healthy	0	include	0.414062	0.536024	0.801505	0.833333
train	Healthy (207)	Healthy (207).txt	1	2	Healthy	0.515336	0.563151	0.51794	0.562066	none	keep	πŒøµ¡ÿ		Healthy	0	include	0.515336	0.563151	0.51794	0.562066
train	Healthy (208)	Healthy (208).txt	1	2	Healthy	0.492188	0.546875	0.598958	0.559896	none	keep	πŒøµ¡ÿ		Healthy	0	include	0.492188	0.546875	0.598958	0.559896
train	Healthy (209)	Healthy (209).txt	1	2	Healthy	0.402488	0.590278	0.737847	0.720486	none	keep	πŒøµ¡ÿ		Healthy	0	include	0.402488	0.590278	0.737847	0.720486
train	Healthy (21)	Healthy (21).txt	1	2	Healthy	0.505208	0.61849	0.486111	0.429688	none	keep	πŒøµ¡ÿ		Healthy	0	include	0.505208	0.61849	0.486111	0.429688
train	Healthy (21)	Healthy (21).txt	2	2	Healthy	0.346065	0.88737	0.329861	0.22526	none	keep	πŒøµ¡ÿ		Healthy	0	include	0.346065	0.88737	0.329861	0.22526
train	Healthy (210)	Healthy (210).txt	1	2	Healthy	0.376447	0.721354	0.679977	0.557292	none	keep	πŒøµ¡ÿ		Healthy	0	include	0.376447	0.721354	0.679977	0.557292
train	Healthy (211)	Healthy (211).txt	1	2	Healthy	0.463252	0.634766	0.662616	0.635851	none	keep	πŒøµ¡ÿ		Healthy	0	include	0.463252	0.634766	0.662616	0.635851
train	Healthy (212)	Healthy (212).txt	1	2	Healthy	0.480613	0.62283	0.662616	0.733507	none	keep	πŒøµ¡ÿ		Healthy	0	include	0.480613	0.62283	0.662616	0.733507
train	Healthy (213)	Healthy (213).txt	1	2	Healthy	0.487847	0.646701	0.601852	0.655382	none	keep	πŒøµ¡ÿ		Healthy	0	include	0.487847	0.646701	0.601852	0.655382
train	Healthy (214)	Healthy (214).txt	1	2	Healthy	0.508102	0.590278	0.711806	0.737847	none	keep	πŒøµ¡ÿ		Healthy	0	include	0.508102	0.590278	0.711806	0.737847
train	Healthy (215)	Healthy (215).txt	1	2	Healthy	0.557292	0.588108	0.763889	0.690104	none	keep	πŒøµ¡ÿ		Healthy	0	include	0.557292	0.588108	0.763889	0.690104
train	Healthy (216)	Healthy (216).txt	1	2	Healthy	0.405382	0.603299	0.760995	0.698785	none	keep	πŒøµ¡ÿ		Healthy	0	include	0.405382	0.603299	0.760995	0.698785
train	Healthy (218)	Healthy (218).txt	1	2	Healthy	0.47338	0.61849	0.769676	0.729167	none	keep	πŒøµ¡ÿ		Healthy	0	include	0.47338	0.61849	0.769676	0.729167
train	Healthy (219)	Healthy (219).txt	1	2	Healthy	0.512442	0.578342	0.645255	0.635851	none	keep	πŒøµ¡ÿ		Healthy	0	include	0.512442	0.578342	0.645255	0.635851
train	Healthy (219)	Healthy (219).txt	2	2	Healthy	0.460359	0.879774	0.407986	0.240451	none	keep	πŒøµ¡ÿ		Healthy	0	include	0.460359	0.879774	0.407986	0.240451
train	Healthy (22)	Healthy (22).txt	1	2	Healthy	0.784433	0.232205	0.431134	0.46441	none	keep	πŒøµ¡ÿ		Healthy	0	include	0.784433	0.232205	0.431134	0.46441
train	Healthy (22)	Healthy (22).txt	2	2	Healthy	0.406829	0.598958	0.515046	0.529514	none	keep	πŒøµ¡ÿ		Healthy	0	include	0.406829	0.598958	0.515046	0.529514
train	Healthy (220)	Healthy (220).txt	1	2	Healthy	0.442998	0.658637	0.622106	0.562066	none	keep	πŒøµ¡ÿ		Healthy	0	include	0.442998	0.658637	0.622106	0.562066
train	Healthy (220)	Healthy (220).txt	2	2	Healthy	0.807581	0.210503	0.384838	0.421007	none	keep	πŒøµ¡ÿ		Healthy	0	include	0.807581	0.210503	0.384838	0.421007
train	Healthy (221)	Healthy (221).txt	1	2	Healthy	0.512442	0.556641	0.778356	0.718316	none	keep	πŒøµ¡ÿ		Healthy	0	include	0.512442	0.556641	0.778356	0.718316
train	Healthy (222)	Healthy (222).txt	1	2	Healthy	0.729456	0.336372	0.396412	0.321181	none	keep	πŒøµ¡ÿ		Healthy	0	include	0.729456	0.336372	0.396412	0.321181
train	Healthy (222)	Healthy (222).txt	2	2	Healthy	0.47338	0.652127	0.607639	0.579427	none	keep	πŒøµ¡ÿ		Healthy	0	include	0.47338	0.652127	0.607639	0.579427
train	Healthy (223)	Healthy (223).txt	1	2	Healthy	0.525463	0.565321	0.752315	0.757378	none	keep	πŒøµ¡ÿ		Healthy	0	include	0.525463	0.565321	0.752315	0.757378
train	Healthy (223)	Healthy (223).txt	2	2	Healthy	0.135417	0.325521	0.270833	0.651042	none	keep	πŒøµ¡ÿ		Healthy	0	include	0.135417	0.325521	0.270833	0.651042
train	Healthy (224)	Healthy (224).txt	1	2	Healthy	0.445891	0.588108	0.743634	0.664062	none	keep	πŒøµ¡ÿ		Healthy	0	include	0.445891	0.588108	0.743634	0.664062
train	Healthy (224)	Healthy (224).txt	2	2	Healthy	0.217303	0.830946	0.309606	0.338108	none	keep	πŒøµ¡ÿ		Healthy	0	include	0.217303	0.830946	0.309606	0.338108
train	Healthy (225)	Healthy (225).txt	1	2	Healthy	0.859664	0.481771	0.274884	0.373264	ambiguous	hold	πŒøµ¡ÿ		Healthy	0	include	0.859664	0.481771	0.274884	0.373264
train	Healthy (225)	Healthy (225).txt	2	2	Healthy	0.409722	0.501302	0.810185	0.711806	none	keep	πŒøµ¡ÿ		Healthy	0	include	0.409722	0.501302	0.810185	0.711806
train	Healthy (225)	Healthy (225).txt	3	2	Healthy	0.881366	0.190972	0.237269	0.381944	ambiguous	hold	πŒøµ¡ÿ		Healthy	0	include	0.881366	0.190972	0.237269	0.381944
train	Healthy (226)	Healthy (226).txt	1	2	Healthy	0.416956	0.610894	0.697338	0.588108	none	keep	πŒøµ¡ÿ		Healthy	0	include	0.416956	0.610894	0.697338	0.588108
train	Healthy (227)	Healthy (227).txt	1	2	Healthy	0.879919	0.371094	0.240162	0.225694	none	keep	πŒøµ¡ÿ		Healthy	0	include	0.879919	0.371094	0.240162	0.225694
train	Healthy (227)	Healthy (227).txt	2	2	Healthy	0.47772	0.683594	0.57581	0.525174	none	keep	πŒøµ¡ÿ		Healthy	0	include	0.47772	0.683594	0.57581	0.525174
train	Healthy (228)	Healthy (228).txt	1	2	Healthy	0.110822	0.824436	0.221644	0.351128	ambiguous	hold	πŒøµ¡ÿ		Healthy	0	include	0.110822	0.824436	0.221644	0.351128
train	Healthy (228)	Healthy (228).txt	2	2	Healthy	0.4864	0.574002	0.755208	0.700955	none	keep	πŒøµ¡ÿ		Healthy	0	include	0.4864	0.574002	0.755208	0.700955
train	Healthy (23)	Healthy (23).txt	1	2	Healthy	0.557292	0.642361	0.601852	0.499132	none	keep	πŒøµ¡ÿ		Healthy	0	include	0.557292	0.642361	0.601852	0.499132
train	Healthy (230)	Healthy (230).txt	1	2	Healthy	0.357639	0.607639	0.630787	0.659722	none	keep	πŒøµ¡ÿ		Healthy	0	include	0.357639	0.607639	0.630787	0.659722
train	Healthy (232)	Healthy (232).txt	1	2	Healthy	0.493634	0.609809	0.665509	0.62066	none	keep	πŒøµ¡ÿ		Healthy	0	include	0.493634	0.609809	0.665509	0.62066
train	Healthy (232)	Healthy (232).txt	2	2	Healthy	0.856771	0.372179	0.286458	0.744358	ambiguous	hold	πŒøµ¡ÿ		Healthy	0	include	0.856771	0.372179	0.286458	0.744358
train	Healthy (234)	Healthy (234).txt	1	2	Healthy	0.476273	0.594618	0.804398	0.763889	none	keep	πŒøµ¡ÿ		Healthy	0	include	0.476273	0.594618	0.804398	0.763889
train	Healthy (236)	Healthy (236).txt	1	2	Healthy	0.442998	0.596571	0.859375	0.806858	none	keep	πŒøµ¡ÿ		Healthy	0	include	0.442998	0.596571	0.859375	0.806858
train	Healthy (237)	Healthy (237).txt	1	2	Healthy	0.474826	0.576172	0.876736	0.796441	none	keep	πŒøµ¡ÿ		Healthy	0	include	0.474826	0.576172	0.876736	0.796441
train	Healthy (238)	Healthy (238).txt	1	2	Healthy	0.441551	0.593533	0.740741	0.726997	none	keep	πŒøµ¡ÿ		Healthy	0	include	0.441551	0.593533	0.740741	0.726997
train	Healthy (239)	Healthy (239).txt	1	2	Healthy	0.42853	0.605469	0.593171	0.603299	none	keep	πŒøµ¡ÿ		Healthy	0	include	0.42853	0.605469	0.593171	0.603299
train	Healthy (24)	Healthy (24).txt	1	2	Healthy	0.405961	0.538194	0.811921	0.720486	none	keep	πŒøµ¡ÿ		Healthy	0	include	0.405961	0.538194	0.811921	0.720486
train	Healthy (240)	Healthy (240).txt	1	2	Healthy	0.487847	0.621745	0.601852	0.562066	none	keep	πŒøµ¡ÿ		Healthy	0	include	0.487847	0.621745	0.601852	0.562066
train	Healthy (241)	Healthy (241).txt	1	2	Healthy	0.48206	0.634766	0.636574	0.614149	none	keep	πŒøµ¡ÿ		Healthy	0	include	0.48206	0.634766	0.636574	0.614149
train	Healthy (243)	Healthy (243).txt	1	2	Healthy	0.464699	0.655382	0.555556	0.390625	none	keep	πŒøµ¡ÿ		Healthy	0	include	0.464699	0.655382	0.555556	0.390625
train	Healthy (244)	Healthy (244).txt	1	2	Healthy	0.377025	0.536024	0.754051	0.707465	none	keep	πŒøµ¡ÿ		Healthy	0	include	0.377025	0.536024	0.754051	0.707465
train	Healthy (245)	Healthy (245).txt	1	2	Healthy	0.483507	0.594618	0.714699	0.659722	none	keep	πŒøµ¡ÿ		Healthy	0	include	0.483507	0.594618	0.714699	0.659722
train	Healthy (245)	Healthy (245).txt	2	2	Healthy	0.803241	0.141059	0.393519	0.282118	none	keep	πŒøµ¡ÿ		Healthy	0	include	0.803241	0.141059	0.393519	0.282118
train	Healthy (246)	Healthy (246).txt	1	2	Healthy	0.467593	0.602214	0.734954	0.674913	none	keep	πŒøµ¡ÿ		Healthy	0	include	0.467593	0.602214	0.734954	0.674913
train	Healthy (247)	Healthy (247).txt	1	2	Healthy	0.513889	0.648655	0.711806	0.702691	none	keep	πŒøµ¡ÿ		Healthy	0	include	0.513889	0.648655	0.711806	0.702691
train	Healthy (248)	Healthy (248).txt	1	2	Healthy	0.103588	0.583767	0.207176	0.455729	ambiguous	hold	πŒøµ¡ÿ		Healthy	0	include	0.103588	0.583767	0.207176	0.455729
train	Healthy (248)	Healthy (248).txt	2	2	Healthy	0.469039	0.596788	0.714699	0.698785	none	keep	πŒøµ¡ÿ		Healthy	0	include	0.469039	0.596788	0.714699	0.698785
train	Healthy (249)	Healthy (249).txt	1	2	Healthy	0.577546	0.598958	0.590278	0.616319	none	keep	πŒøµ¡ÿ		Healthy	0	include	0.577546	0.598958	0.590278	0.616319
train	Healthy (249)	Healthy (249).txt	2	2	Healthy	0.840856	0.483941	0.318287	0.447049	ambiguous	hold	πŒøµ¡ÿ		Healthy	0	include	0.840856	0.483941	0.318287	0.447049
train	Healthy (25)	Healthy (25).txt	1	2	Healthy	0.499421	0.534939	0.509259	0.523003	none	keep	πŒøµ¡ÿ		Healthy	0	include	0.499421	0.534939	0.509259	0.523003
train	Healthy (250)	Healthy (250).txt	1	2	Healthy	0.548611	0.582682	0.740741	0.661892	none	keep	πŒøµ¡ÿ		Healthy	0	include	0.548611	0.582682	0.740741	0.661892
train	Healthy (250)	Healthy (250).txt	2	2	Healthy	0.856771	0.876519	0.286458	0.246962	ambiguous	hold	πŒøµ¡ÿ		Healthy	0	include	0.856771	0.876519	0.286458	0.246962
train	Healthy (251)	Healthy (251).txt	1	2	Healthy	0.509549	0.613064	0.691551	0.653212	none	keep	πŒøµ¡ÿ		Healthy	0	include	0.509549	0.613064	0.691551	0.653212
train	Healthy (251)	Healthy (251).txt	2	2	Healthy	0.730903	0.221354	0.538194	0.442708	none	keep	πŒøµ¡ÿ		Healthy	0	include	0.730903	0.221354	0.538194	0.442708
train	Healthy (252)	Healthy (252).txt	1	2	Healthy	0.431424	0.651042	0.645255	0.512153	none	keep	πŒøµ¡ÿ		Healthy	0	include	0.431424	0.651042	0.645255	0.512153
train	Healthy (252)	Healthy (252).txt	2	2	Healthy	0.464699	0.315755	0.480324	0.292969	none	keep	πŒøµ¡ÿ		Healthy	0	include	0.464699	0.315755	0.480324	0.292969
train	Healthy (252)	Healthy (252).txt	3	2	Healthy	0.165799	0.119358	0.331597	0.238715	ambiguous	hold	πŒøµ¡ÿ		Healthy	0	include	0.165799	0.119358	0.331597	0.238715
train	Healthy (253)	Healthy (253).txt	1	2	Healthy	0.47338	0.549045	0.78125	0.77691	none	keep	πŒøµ¡ÿ		Healthy	0	include	0.47338	0.549045	0.78125	0.77691
train	Healthy (253)	Healthy (253).txt	2	2	Healthy	0.500868	0.852648	0.506366	0.294705	ambiguous	hold	πŒøµ¡ÿ		Healthy	0	include	0.500868	0.852648	0.506366	0.294705
train	Healthy (253)	Healthy (253).txt	3	2	Healthy	0.830729	0.626085	0.217014	0.362413	ambiguous	hold	πŒøµ¡ÿ		Healthy	0	include	0.830729	0.626085	0.217014	0.362413
train	Healthy (253)	Healthy (253).txt	4	2	Healthy	0.908854	0.463325	0.182292	0.15842	ambiguous	hold	πŒøµ¡ÿ		Healthy	0	include	0.908854	0.463325	0.182292	0.15842
train	Healthy (254)	Healthy (254).txt	1	2	Healthy	0.429977	0.542535	0.740741	0.746528	none	keep	πŒøµ¡ÿ		Healthy	0	include	0.429977	0.542535	0.740741	0.746528
train	Healthy (254)	Healthy (254).txt	2	2	Healthy	0.894387	0.279948	0.211227	0.516493	ambiguous	hold	πŒøµ¡ÿ		Healthy	0	include	0.894387	0.279948	0.211227	0.516493
train	Healthy (254)	Healthy (254).txt	3	2	Healthy	0.23235	0.210503	0.464699	0.421007	ambiguous	hold	πŒøµ¡ÿ		Healthy	0	include	0.23235	0.210503	0.464699	0.421007
train	Healthy (255)	Healthy (255).txt	1	2	Healthy	0.496528	0.617188	0.862269	0.765625	none	keep	πŒøµ¡ÿ		Healthy	0	include	0.496528	0.617188	0.862269	0.765625
train	Healthy (256)	Healthy (256).txt	1	2	Healthy	0.871238	0.14974	0.257523	0.299479	ambiguous	hold	πŒøµ¡ÿ		Healthy	0	include	0.871238	0.14974	0.257523	0.299479
train	Healthy (256)	Healthy (256).txt	2	2	Healthy	0.435764	0.558811	0.734954	0.644531	none	keep	πŒøµ¡ÿ		Healthy	0	include	0.435764	0.558811	0.734954	0.644531
train	Healthy (257)	Healthy (257).txt	1	2	Healthy	0.597801	0.587023	0.68287	0.570747	none	keep	πŒøµ¡ÿ		Healthy	0	include	0.597801	0.587023	0.68287	0.570747
train	Healthy (257)	Healthy (257).txt	2	2	Healthy	0.434317	0.098741	0.379051	0.197483	ambiguous	hold	πŒøµ¡ÿ		Healthy	0	include	0.434317	0.098741	0.379051	0.197483
train	Healthy (258)	Healthy (258).txt	1	2	Healthy	0.503762	0.512153	0.865162	0.750868	none	keep	πŒøµ¡ÿ		Healthy	0	include	0.503762	0.512153	0.865162	0.750868
train	Healthy (259)	Healthy (259).txt	1	2	Healthy	0.242477	0.763889	0.484954	0.46441	none	keep	πŒøµ¡ÿ		Healthy	0	include	0.242477	0.763889	0.484954	0.46441
train	Healthy (259)	Healthy (259).txt	2	2	Healthy	0.471933	0.358073	0.778356	0.703125	none	keep	πŒøµ¡ÿ		Healthy	0	include	0.471933	0.358073	0.778356	0.703125
train	Healthy (26)	Healthy (26).txt	1	2	Healthy	0.497975	0.603299	0.616319	0.572917	none	keep	πŒøµ¡ÿ		Healthy	0	include	0.497975	0.603299	0.616319	0.572917
train	Healthy (260)	Healthy (260).txt	1	2	Healthy	0.539931	0.641276	0.752315	0.635851	none	keep	πŒøµ¡ÿ		Healthy	0	include	0.539931	0.641276	0.752315	0.635851
train	Healthy (260)	Healthy (260).txt	2	2	Healthy	0.707755	0.906901	0.584491	0.186198	none	keep	πŒøµ¡ÿ		Healthy	0	include	0.707755	0.906901	0.584491	0.186198
train	Healthy (262)	Healthy (262).txt	1	2	Healthy	0.484954	0.585938	0.72338	0.668403	none	keep	πŒøµ¡ÿ		Healthy	0	include	0.484954	0.585938	0.72338	0.668403
train	Healthy (264)	Healthy (264).txt	1	2	Healthy	0.4864	0.560981	0.616319	0.726997	none	keep	πŒøµ¡ÿ		Healthy	0	include	0.4864	0.560981	0.616319	0.726997
train	Healthy (264)	Healthy (264).txt	2	2	Healthy	0.764178	0.935113	0.431134	0.129774	none	keep	πŒøµ¡ÿ		Healthy	0	include	0.764178	0.935113	0.431134	0.129774
train	Healthy (265)	Healthy (265).txt	1	2	Healthy	0.454572	0.646701	0.483218	0.572917	none	keep	πŒøµ¡ÿ		Healthy	0	include	0.454572	0.646701	0.483218	0.572917
train	Healthy (265)	Healthy (265).txt	2	2	Healthy	0.701968	0.593533	0.219907	0.31467	ambiguous	hold	πŒøµ¡ÿ		Healthy	0	include	0.701968	0.593533	0.219907	0.31467
train	Healthy (265)	Healthy (265).txt	3	2	Healthy	0.835069	0.686849	0.329861	0.31901	none	keep	πŒøµ¡ÿ		Healthy	0	include	0.835069	0.686849	0.329861	0.31901
train	Healthy (266)	Healthy (266).txt	1	2	Healthy	0.398148	0.61849	0.578704	0.681424	none	keep	πŒøµ¡ÿ		Healthy	0	include	0.398148	0.61849	0.578704	0.681424
train	Healthy (266)	Healthy (266).txt	2	2	Healthy	0.320023	0.271267	0.474537	0.416667	none	keep	πŒøµ¡ÿ		Healthy	0	include	0.320023	0.271267	0.474537	0.416667
train	Healthy (267)	Healthy (267).txt	1	2	Healthy	0.388021	0.613064	0.679977	0.731337	none	keep	πŒøµ¡ÿ		Healthy	0	include	0.388021	0.613064	0.679977	0.731337
train	Healthy (268)	Healthy (268).txt	1	2	Healthy	0.458912	0.578342	0.706019	0.77908	none	keep	πŒøµ¡ÿ		Healthy	0	include	0.458912	0.578342	0.706019	0.77908
train	Healthy (269)	Healthy (269).txt	1	2	Healthy	0.414062	0.625	0.552662	0.62934	none	keep	πŒøµ¡ÿ		Healthy	0	include	0.414062	0.625	0.552662	0.62934
train	Healthy (27)	Healthy (27).txt	1	2	Healthy	0.512442	0.613064	0.598958	0.575087	none	keep	πŒøµ¡ÿ		Healthy	0	include	0.512442	0.613064	0.598958	0.575087
train	Healthy (271)	Healthy (271).txt	1	2	Healthy	0.911748	0.653212	0.176505	0.360243	ambiguous	hold	πŒøµ¡ÿ		Healthy	0	include	0.911748	0.653212	0.176505	0.360243
train	Healthy (271)	Healthy (271).txt	2	2	Healthy	0.544271	0.637804	0.604745	0.724392	none	keep	πŒøµ¡ÿ		Healthy	0	include	0.544271	0.637804	0.604745	0.724392
train	Healthy (272)	Healthy (272).txt	1	2	Healthy	0.48206	0.593533	0.677083	0.709635	none	keep	πŒøµ¡ÿ		Healthy	0	include	0.48206	0.593533	0.677083	0.709635
train	Healthy (273)	Healthy (273).txt	1	2	Healthy	0.474826	0.584852	0.593171	0.726997	none	keep	πŒøµ¡ÿ		Healthy	0	include	0.474826	0.584852	0.593171	0.726997
train	Healthy (274)	Healthy (274).txt	1	2	Healthy	0.47338	0.580512	0.538194	0.609809	none	keep	πŒøµ¡ÿ		Healthy	0	include	0.47338	0.580512	0.538194	0.609809
train	Healthy (274)	Healthy (274).txt	2	2	Healthy	0.144097	0.537109	0.288194	0.427517	none	keep	πŒøµ¡ÿ		Healthy	0	include	0.144097	0.537109	0.288194	0.427517
train	Healthy (277)	Healthy (277).txt	1	2	Healthy	0.483507	0.638021	0.564236	0.572917	none	keep	πŒøµ¡ÿ		Healthy	0	include	0.483507	0.638021	0.564236	0.572917
train	Healthy (279)	Healthy (279).txt	1	2	Healthy	0.338831	0.902561	0.390625	0.194878	none	keep	πŒøµ¡ÿ		Healthy	0	include	0.338831	0.902561	0.390625	0.194878
train	Healthy (279)	Healthy (279).txt	2	2	Healthy	0.466146	0.616319	0.604745	0.616319	none	keep	πŒøµ¡ÿ		Healthy	0	include	0.466146	0.616319	0.604745	0.616319
train	Healthy (28)	Healthy (28).txt	1	2	Healthy	0.392361	0.590278	0.758102	0.746528	none	keep	πŒøµ¡ÿ		Healthy	0	include	0.392361	0.590278	0.758102	0.746528
train	Healthy (280)	Healthy (280).txt	1	2	Healthy	0.489294	0.598958	0.448495	0.516493	none	keep	πŒøµ¡ÿ		Healthy	0	include	0.489294	0.598958	0.448495	0.516493
train	Healthy (280)	Healthy (280).txt	2	2	Healthy	0.369213	0.864583	0.555556	0.270833	none	keep	πŒøµ¡ÿ		Healthy	0	include	0.369213	0.864583	0.555556	0.270833
train	Healthy (282)	Healthy (282).txt	1	2	Healthy	0.442998	0.55447	0.836227	0.835503	none	keep	πŒøµ¡ÿ		Healthy	0	include	0.442998	0.55447	0.836227	0.835503
train	Healthy (283)	Healthy (283).txt	1	2	Healthy	0.484954	0.62283	0.734954	0.594618	none	keep	πŒøµ¡ÿ		Healthy	0	include	0.484954	0.62283	0.734954	0.594618
train	Healthy (284)	Healthy (284).txt	1	2	Healthy	0.508102	0.579427	0.590278	0.559896	none	keep	πŒøµ¡ÿ		Healthy	0	include	0.508102	0.579427	0.590278	0.559896
train	Healthy (285)	Healthy (285).txt	1	2	Healthy	0.484954	0.568576	0.671296	0.703125	none	keep	πŒøµ¡ÿ		Healthy	0	include	0.484954	0.568576	0.671296	0.703125
train	Healthy (285)	Healthy (285).txt	2	2	Healthy	0.861111	0.528429	0.173611	0.219184	ambiguous	hold	πŒøµ¡ÿ		Healthy	0	include	0.861111	0.528429	0.173611	0.219184
train	Healthy (286)	Healthy (286).txt	1	2	Healthy	0.427083	0.504557	0.72338	0.661892	none	keep	πŒøµ¡ÿ		Healthy	0	include	0.427083	0.504557	0.72338	0.661892
train	Healthy (287)	Healthy (287).txt	1	2	Healthy	0.52691	0.570747	0.656829	0.672743	none	keep	πŒøµ¡ÿ		Healthy	0	include	0.52691	0.570747	0.656829	0.672743
train	Healthy (288)	Healthy (288).txt	1	2	Healthy	0.552951	0.542535	0.894097	0.833333	none	keep	πŒøµ¡ÿ		Healthy	0	include	0.552951	0.542535	0.894097	0.833333
train	Healthy (289)	Healthy (289).txt	1	2	Healthy	0.396701	0.555556	0.662616	0.564236	none	keep	πŒøµ¡ÿ		Healthy	0	include	0.396701	0.555556	0.662616	0.564236
train	Healthy (29)	Healthy (29).txt	1	2	Healthy	0.499421	0.608724	0.555556	0.423177	none	keep	πŒøµ¡ÿ		Healthy	0	include	0.499421	0.608724	0.555556	0.423177
train	Healthy (290)	Healthy (290).txt	1	2	Healthy	0.414062	0.658637	0.564236	0.635851	none	keep	πŒøµ¡ÿ		Healthy	0	include	0.414062	0.658637	0.564236	0.635851
train	Healthy (292)	Healthy (292).txt	1	2	Healthy	0.479167	0.660807	0.659722	0.588108	none	keep	πŒøµ¡ÿ		Healthy	0	include	0.479167	0.660807	0.659722	0.588108
train	Healthy (292)	Healthy (292).txt	2	2	Healthy	0.537037	0.294054	0.353009	0.258247	none	keep	πŒøµ¡ÿ		Healthy	0	include	0.537037	0.294054	0.353009	0.258247
train	Healthy (293)	Healthy (293).txt	1	2	Healthy	0.401042	0.515408	0.775463	0.709635	none	keep	πŒøµ¡ÿ		Healthy	0	include	0.401042	0.515408	0.775463	0.709635
train	Healthy (293)	Healthy (293).txt	2	2	Healthy	0.396701	0.145399	0.471644	0.212674	ambiguous	hold	πŒøµ¡ÿ		Healthy	0	include	0.396701	0.145399	0.471644	0.212674
train	Healthy (294)	Healthy (294).txt	1	2	Healthy	0.453125	0.580512	0.688657	0.653212	none	keep	πŒøµ¡ÿ		Healthy	0	include	0.453125	0.580512	0.688657	0.653212
train	Healthy (295)	Healthy (295).txt	1	2	Healthy	0.469039	0.533854	0.795718	0.798611	none	keep	πŒøµ¡ÿ		Healthy	0	include	0.469039	0.533854	0.795718	0.798611
train	Healthy (296)	Healthy (296).txt	1	2	Healthy	0.434317	0.611979	0.662616	0.668403	none	keep	πŒøµ¡ÿ		Healthy	0	include	0.434317	0.611979	0.662616	0.668403
train	Healthy (299)	Healthy (299).txt	1	2	Healthy	0.425637	0.589193	0.749421	0.753038	none	keep	πŒøµ¡ÿ		Healthy	0	include	0.425637	0.589193	0.749421	0.753038
train	Healthy (3)	Healthy (3).txt	1	2	Healthy	0.4864	0.560981	0.604745	0.540365	none	keep	πŒøµ¡ÿ		Healthy	0	include	0.4864	0.560981	0.604745	0.540365
train	Healthy (30)	Healthy (30).txt	1	2	Healthy	0.48206	0.567491	0.72338	0.592448	none	keep	πŒøµ¡ÿ		Healthy	0	include	0.48206	0.567491	0.72338	0.592448
train	Healthy (300)	Healthy (300).txt	1	2	Healthy	0.442998	0.5523	0.73206	0.792101	none	keep	πŒøµ¡ÿ		Healthy	0	include	0.442998	0.5523	0.73206	0.792101
train	Healthy (301)	Healthy (301).txt	1	2	Healthy	0.162905	0.832031	0.32581	0.335938	ambiguous	hold	πŒøµ¡ÿ		Healthy	0	include	0.162905	0.832031	0.32581	0.335938
train	Healthy (301)	Healthy (301).txt	2	2	Healthy	0.616609	0.199653	0.465856	0.321181	ambiguous	hold	πŒøµ¡ÿ		Healthy	0	include	0.616609	0.199653	0.465856	0.321181
train	Healthy (301)	Healthy (301).txt	3	2	Healthy	0.484954	0.55013	0.78125	0.653212	none	keep	πŒøµ¡ÿ		Healthy	0	include	0.484954	0.55013	0.78125	0.653212
train	Healthy (302)	Healthy (302).txt	1	2	Healthy	0.668692	0.902561	0.512153	0.194878	ambiguous	hold	πŒøµ¡ÿ		Healthy	0	include	0.668692	0.902561	0.512153	0.194878
train	Healthy (302)	Healthy (302).txt	2	2	Healthy	0.819155	0.640191	0.36169	0.46441	ambiguous	hold	πŒøµ¡ÿ		Healthy	0	include	0.819155	0.640191	0.36169	0.46441
train	Healthy (302)	Healthy (302).txt	3	2	Healthy	0.817708	0.346137	0.277778	0.184462	ambiguous	hold	πŒøµ¡ÿ		Healthy	0	include	0.817708	0.346137	0.277778	0.184462
train	Healthy (302)	Healthy (302).txt	4	2	Healthy	0.499421	0.555556	0.659722	0.625	none	keep	πŒøµ¡ÿ		Healthy	0	include	0.499421	0.555556	0.659722	0.625
train	Healthy (303)	Healthy (303).txt	1	2	Healthy	0.506655	0.530599	0.749421	0.666233	none	keep	πŒøµ¡ÿ		Healthy	0	include	0.506655	0.530599	0.749421	0.666233
train	Healthy (304)	Healthy (304).txt	1	2	Healthy	0.19184	0.88737	0.383681	0.22526	ambiguous	hold	πŒøµ¡ÿ		Healthy	0	include	0.19184	0.88737	0.383681	0.22526
train	Healthy (304)	Healthy (304).txt	2	2	Healthy	0.479167	0.551215	0.758102	0.815972	none	keep	πŒøµ¡ÿ		Healthy	0	include	0.479167	0.551215	0.758102	0.815972
train	Healthy (305)	Healthy (305).txt	1	2	Healthy	0.373553	0.141059	0.407986	0.264757	ambiguous	hold	πŒøµ¡ÿ		Healthy	0	include	0.373553	0.141059	0.407986	0.264757
train	Healthy (305)	Healthy (305).txt	2	2	Healthy	0.440104	0.569661	0.720486	0.813802	none	keep	πŒøµ¡ÿ		Healthy	0	include	0.440104	0.569661	0.720486	0.813802
train	Healthy (305)	Healthy (305).txt	3	2	Healthy	0.756944	0.028212	0.277778	0.056424	ambiguous	hold	πŒøµ¡ÿ		Healthy	0	include	0.756944	0.028212	0.277778	0.056424
train	Healthy (31)	Healthy (31).txt	1	2	Healthy	0.401042	0.589193	0.636574	0.596788	none	keep	πŒøµ¡ÿ		Healthy	0	include	0.401042	0.589193	0.636574	0.596788
train	Healthy (310)	Healthy (310).txt	1	2	Healthy	0.451678	0.606554	0.581597	0.579427	none	keep	πŒøµ¡ÿ		Healthy	0	include	0.451678	0.606554	0.581597	0.579427
train	Healthy (310)	Healthy (310).txt	2	2	Healthy	0.746817	0.564236	0.280671	0.403646	none	keep	πŒøµ¡ÿ		Healthy	0	include	0.746817	0.564236	0.280671	0.403646
train	Healthy (312)	Healthy (312).txt	1	2	Healthy	0.282407	0.914497	0.353009	0.171007	ambiguous	hold	πŒøµ¡ÿ		Healthy	0	include	0.282407	0.914497	0.353009	0.171007
train	Healthy (312)	Healthy (312).txt	2	2	Healthy	0.456019	0.585938	0.798611	0.798611	none	keep	πŒøµ¡ÿ		Healthy	0	include	0.456019	0.585938	0.798611	0.798611
train	Healthy (313)	Healthy (313).txt	1	2	Healthy	0.509549	0.605469	0.789931	0.655382	none	keep	πŒøµ¡ÿ		Healthy	0	include	0.509549	0.605469	0.789931	0.655382
train	Healthy (313)	Healthy (313).txt	2	2	Healthy	0.673032	0.080295	0.081019	0.091146	ambiguous	hold	πŒøµ¡ÿ		Healthy	0	include	0.673032	0.080295	0.081019	0.091146
train	Healthy (313)	Healthy (313).txt	3	2	Healthy	0.431424	0.071615	0.095486	0.095486	ambiguous	hold	πŒøµ¡ÿ		Healthy	0	include	0.431424	0.071615	0.095486	0.095486
train	Healthy (314)	Healthy (314).txt	1	2	Healthy	0.480613	0.519748	0.870949	0.792101	none	keep	πŒøµ¡ÿ		Healthy	0	include	0.480613	0.519748	0.870949	0.792101
train	Healthy (314)	Healthy (314).txt	2	2	Healthy	0.768519	0.800564	0.462963	0.398872	none	keep	πŒøµ¡ÿ		Healthy	0	include	0.768519	0.800564	0.462963	0.398872
train	Healthy (315)	Healthy (315).txt	1	2	Healthy	0.401042	0.565321	0.717593	0.78776	none	keep	πŒøµ¡ÿ		Healthy	0	include	0.401042	0.565321	0.717593	0.78776
train	Healthy (316)	Healthy (316).txt	1	2	Healthy	0.466146	0.54145	0.708912	0.709635	none	keep	πŒøµ¡ÿ		Healthy	0	include	0.466146	0.54145	0.708912	0.709635
train	Healthy (317)	Healthy (317).txt	1	2	Healthy	0.399595	0.542535	0.708912	0.724826	none	keep	πŒøµ¡ÿ		Healthy	0	include	0.399595	0.542535	0.708912	0.724826
train	Healthy (319)	Healthy (319).txt	1	2	Healthy	0.428133	0.622224	0.658391	0.661307	none	keep	πŒøµ¡ÿ		Healthy	0	include	0.428133	0.622224	0.658391	0.661307
train	Healthy (32)	Healthy (32).txt	1	2	Healthy	0.529452	0.544457	0.739181	0.724562	none	keep	πŒøµ¡ÿ		Healthy	0	include	0.529452	0.544457	0.739181	0.724562
train	Healthy (320)	Healthy (320).txt	1	2	Healthy	0.461616	0.496212	0.514621	0.596491	none	keep	πŒøµ¡ÿ		Healthy	0	include	0.461616	0.496212	0.514621	0.596491
train	Healthy (321)	Healthy (321).txt	1	2	Healthy	0.50606	0.538317	0.49123	0.547368	none	keep	πŒøµ¡ÿ		Healthy	0	include	0.50606	0.538317	0.49123	0.547368
train	Healthy (322)	Healthy (322).txt	1	2	Healthy	0.538809	0.569019	0.514621	0.556141	none	keep	πŒøµ¡ÿ		Healthy	0	include	0.538809	0.569019	0.514621	0.556141
train	Healthy (323)	Healthy (323).txt	1	2	Healthy	0.604307	0.582177	0.636259	0.68421	none	keep	πŒøµ¡ÿ		Healthy	0	include	0.604307	0.582177	0.636259	0.68421
train	Healthy (324)	Healthy (324).txt	1	2	Healthy	0.445243	0.580423	0.645613	0.624562	ambiguous	hold	πŒøµ¡ÿ		Healthy	0	include	0.445243	0.580423	0.645613	0.624562
train	Healthy (325)	Healthy (325).txt	1	2	Healthy	0.476821	0.580423	0.727486	0.65263	none	keep	πŒøµ¡ÿ		Healthy	0	include	0.476821	0.580423	0.727486	0.65263
train	Healthy (326)	Healthy (326).txt	1	2	Healthy	0.468634	0.584809	0.654971	0.689475	none	keep	πŒøµ¡ÿ		Healthy	0	include	0.468634	0.584809	0.654971	0.689475
train	Healthy (327)	Healthy (327).txt	1	2	Healthy	0.477101	0.574277	0.640841	0.709117	none	keep	πŒøµ¡ÿ		Healthy	0	include	0.477101	0.574277	0.640841	0.709117
train	Healthy (329)	Healthy (329).txt	1	2	Healthy	0.521264	0.606738	0.699416	0.677192	none	keep	πŒøµ¡ÿ		Healthy	0	include	0.521264	0.606738	0.699416	0.677192
train	Healthy (33)	Healthy (33).txt	1	2	Healthy	0.389103	0.570775	0.598831	0.608772	none	keep	πŒøµ¡ÿ		Healthy	0	include	0.389103	0.570775	0.598831	0.608772
train	Healthy (33)	Healthy (33).txt	2	2	Healthy	0.309569	0.885687	0.276024	0.228071	ambiguous	hold	πŒøµ¡ÿ		Healthy	0	include	0.309569	0.885687	0.276024	0.228071
train	Healthy (330)	Healthy (330).txt	1	2	Healthy	0.467742	0.598028	0.682604	0.607909	none	keep	πŒøµ¡ÿ		Healthy	0	include	0.467742	0.598028	0.682604	0.607909
train	Healthy (331)	Healthy (331).txt	1	2	Healthy	0.474222	0.563637	0.508353	0.564989	none	keep	πŒøµ¡ÿ		Healthy	0	include	0.474222	0.563637	0.508353	0.564989
train	Healthy (332)	Healthy (332).txt	1	2	Healthy	0.522465	0.605108	0.561636	0.624224	none	keep	πŒøµ¡ÿ		Healthy	0	include	0.522465	0.605108	0.561636	0.624224
train	Healthy (333)	Healthy (333).txt	1	2	Healthy	0.469803	0.612002	0.596493	0.617546	none	keep	πŒøµ¡ÿ		Healthy	0	include	0.469803	0.612002	0.596493	0.617546
train	Healthy (334)	Healthy (334).txt	1	2	Healthy	0.447581	0.566388	0.608189	0.512281	none	keep	πŒøµ¡ÿ		Healthy	0	include	0.447581	0.566388	0.608189	0.512281
train	Healthy (335)	Healthy (335).txt	1	2	Healthy	0.439395	0.512002	0.732164	0.743861	none	keep	πŒøµ¡ÿ		Healthy	0	include	0.439395	0.512002	0.732164	0.743861
train	Healthy (336)	Healthy (336).txt	1	2	Healthy	0.403908	0.591826	0.807815	0.812281	none	keep	πŒøµ¡ÿ		Healthy	0	include	0.403908	0.591826	0.807815	0.812281
train	Healthy (337)	Healthy (337).txt	1	2	Healthy	0.523604	0.553229	0.638597	0.742105	none	keep	πŒøµ¡ÿ		Healthy	0	include	0.523604	0.553229	0.638597	0.742105
train	Healthy (339)	Healthy (339).txt	1	2	Healthy	0.499044	0.583931	0.612867	0.687719	none	keep	πŒøµ¡ÿ		Healthy	0	include	0.499044	0.583931	0.612867	0.687719
train	Healthy (339)	Healthy (339).txt	2	2	Healthy	0.249521	0.244597	0.499042	0.489195	none	keep	πŒøµ¡ÿ		Healthy	0	include	0.249521	0.244597	0.499042	0.489195
train	Healthy (34)	Healthy (34).txt	1	2	Healthy	0.496704	0.517266	0.617546	0.540352	none	keep	πŒøµ¡ÿ		Healthy	0	include	0.496704	0.517266	0.617546	0.540352
train	Healthy (340)	Healthy (340).txt	1	2	Healthy	0.470974	0.560247	0.594152	0.605265	none	keep	πŒøµ¡ÿ		Healthy	0	include	0.470974	0.560247	0.594152	0.605265
train	Healthy (341)	Healthy (341).txt	1	2	Healthy	0.44254	0.607807	0.675403	0.728761	none	keep	πŒøµ¡ÿ		Healthy	0	include	0.44254	0.607807	0.675403	0.728761
train	Healthy (342)	Healthy (342).txt	1	2	Healthy	0.526879	0.568493	0.631577	0.645614	none	keep	πŒøµ¡ÿ		Healthy	0	include	0.526879	0.568493	0.631577	0.645614
train	Healthy (343)	Healthy (343).txt	1	2	Healthy	0.418108	0.614108	0.610527	0.6	none	keep	πŒøµ¡ÿ		Healthy	0	include	0.418108	0.614108	0.610527	0.6
train	Healthy (345)	Healthy (345).txt	1	2	Healthy	0.509336	0.615862	0.526317	0.378945	none	keep	πŒøµ¡ÿ		Healthy	0	include	0.509336	0.615862	0.526317	0.378945
train	Healthy (345)	Healthy (345).txt	2	2	Healthy	0.408751	0.860599	0.460819	0.275438	none	keep	πŒøµ¡ÿ		Healthy	0	include	0.408751	0.860599	0.460819	0.275438
train	Healthy (346)	Healthy (346).txt	1	2	Healthy	0.457873	0.585161	0.591811	0.549123	none	keep	πŒøµ¡ÿ		Healthy	0	include	0.457873	0.585161	0.591811	0.549123
train	Healthy (347)	Healthy (347).txt	1	2	Healthy	0.867533	0.470247	0.264933	0.385964	none	keep	πŒøµ¡ÿ		Healthy	0	include	0.867533	0.470247	0.264933	0.385964
train	Healthy (347)	Healthy (347).txt	2	2	Healthy	0.473079	0.594809	0.622222	0.550877	none	keep	πŒøµ¡ÿ		Healthy	0	include	0.473079	0.594809	0.622222	0.550877
train	Healthy (349)	Healthy (349).txt	1	2	Healthy	0.461382	0.600072	0.617543	0.610525	none	keep	πŒøµ¡ÿ		Healthy	0	include	0.461382	0.600072	0.617543	0.610525
train	Healthy (35)	Healthy (35).txt	1	2	Healthy	0.597056	0.558844	0.650292	0.664911	none	keep	πŒøµ¡ÿ		Healthy	0	include	0.597056	0.558844	0.650292	0.664911
train	Healthy (351)	Healthy (351).txt	1	2	Healthy	0.46606	0.615862	0.748539	0.638598	none	keep	πŒøµ¡ÿ		Healthy	0	include	0.46606	0.615862	0.748539	0.638598
train	Healthy (352)	Healthy (352).txt	1	2	Healthy	0.494132	0.564107	0.832749	0.840349	none	keep	πŒøµ¡ÿ		Healthy	0	include	0.494132	0.564107	0.832749	0.840349
train	Healthy (353)	Healthy (353).txt	1	2	Healthy	0.697639	0.11937	0.201169	0.203509	ambiguous	hold	πŒøµ¡ÿ		Healthy	0	include	0.697639	0.11937	0.201169	0.203509
train	Healthy (353)	Healthy (353).txt	2	2	Healthy	0.147933	0.495686	0.168423	0.159648	ambiguous	hold	πŒøµ¡ÿ		Healthy	0	include	0.147933	0.495686	0.168423	0.159648
train	Healthy (353)	Healthy (353).txt	3	2	Healthy	0.906997	0.065862	0.1193	0.114036	ambiguous	hold	πŒøµ¡ÿ		Healthy	0	include	0.906997	0.065862	0.1193	0.114036
train	Healthy (353)	Healthy (353).txt	4	2	Healthy	0.490622	0.623757	0.615203	0.577192	none	keep	πŒøµ¡ÿ		Healthy	0	include	0.490622	0.623757	0.615203	0.577192
train	Healthy (354)	Healthy (354).txt	1	2	Healthy	0.442669	0.608843	0.617543	0.659648	none	keep	πŒøµ¡ÿ		Healthy	0	include	0.442669	0.608843	0.617543	0.659648
train	Healthy (355)	Healthy (355).txt	1	2	Healthy	0.433313	0.627266	0.598831	0.61579	none	keep	πŒøµ¡ÿ		Healthy	0	include	0.433313	0.627266	0.598831	0.61579
train	Healthy (356)	Healthy (356).txt	1	2	Healthy	0.435651	0.536037	0.63158	0.7	none	keep	πŒøµ¡ÿ		Healthy	0	include	0.435651	0.536037	0.63158	0.7
train	Healthy (357)	Healthy (357).txt	1	2	Healthy	0.353498	0.574633	0.706997	0.64737	none	keep	πŒøµ¡ÿ		Healthy	0	include	0.353498	0.574633	0.706997	0.64737
train	Healthy (36)	Healthy (36).txt	1	2	Healthy	0.514015	0.602703	0.516959	0.538596	none	keep	πŒøµ¡ÿ		Healthy	0	include	0.514015	0.602703	0.516959	0.538596
train	Healthy (360)	Healthy (360).txt	1	2	Healthy	0.833313	0.538318	0.191811	0.24842	ambiguous	hold	πŒøµ¡ÿ		Healthy	0	include	0.833313	0.538318	0.191811	0.24842
train	Healthy (360)	Healthy (360).txt	2	2	Healthy	0.503488	0.630774	0.608186	0.640349	none	keep	πŒøµ¡ÿ		Healthy	0	include	0.503488	0.630774	0.608186	0.640349
train	Healthy (361)	Healthy (361).txt	1	2	Healthy	0.50576	0.578524	0.594758	0.597134	none	keep	πŒøµ¡ÿ		Healthy	0	include	0.50576	0.578524	0.594758	0.597134
train	Healthy (362)	Healthy (362).txt	1	2	Healthy	0.415768	0.517266	0.671345	0.63158	none	keep	πŒøµ¡ÿ		Healthy	0	include	0.415768	0.517266	0.671345	0.63158
train	Healthy (363)	Healthy (363).txt	1	2	Healthy	0.435652	0.521651	0.481872	0.53158	none	keep	πŒøµ¡ÿ		Healthy	0	include	0.435652	0.521651	0.481872	0.53158
train	Healthy (363)	Healthy (363).txt	2	2	Healthy	0.515625	0.917101	0.598958	0.165799	ambiguous	hold	πŒøµ¡ÿ		Healthy	0	include	0.515625	0.917101	0.598958	0.165799
train	Healthy (364)	Healthy (364).txt	1	2	Healthy	0.408565	0.582465	0.679977	0.659722	none	keep	πŒøµ¡ÿ		Healthy	0	include	0.408565	0.582465	0.679977	0.659722
train	Healthy (364)	Healthy (364).txt	2	2	Healthy	0.856916	0.717448	0.286169	0.565104	none	keep	πŒøµ¡ÿ		Healthy	0	include	0.856916	0.717448	0.286169	0.565104
train	Healthy (365)	Healthy (365).txt	1	2	Healthy	0.496817	0.607422	0.752315	0.731337	none	keep	πŒøµ¡ÿ		Healthy	0	include	0.496817	0.607422	0.752315	0.731337
train	Healthy (367)	Healthy (367).txt	1	2	Healthy	0.414352	0.597656	0.633681	0.594618	none	keep	πŒøµ¡ÿ		Healthy	0	include	0.414352	0.597656	0.633681	0.594618
train	Healthy (368)	Healthy (368).txt	1	2	Healthy	0.347801	0.267795	0.454282	0.425347	none	keep	πŒøµ¡ÿ		Healthy	0	include	0.347801	0.267795	0.454282	0.425347
train	Healthy (368)	Healthy (368).txt	2	2	Healthy	0.525752	0.608507	0.694444	0.729167	none	keep	πŒøµ¡ÿ		Healthy	0	include	0.525752	0.608507	0.694444	0.729167
train	Healthy (369)	Healthy (369).txt	1	2	Healthy	0.716725	0.881293	0.532407	0.237413	ambiguous	hold	πŒøµ¡ÿ		Healthy	0	include	0.716725	0.881293	0.532407	0.237413
train	Healthy (369)	Healthy (369).txt	2	2	Healthy	0.501157	0.64974	0.784144	0.690104	none	keep	πŒøµ¡ÿ		Healthy	0	include	0.501157	0.64974	0.784144	0.690104
train	Healthy (37)	Healthy (37).txt	1	2	Healthy	0.343461	0.595486	0.607639	0.598958	none	keep	πŒøµ¡ÿ		Healthy	0	include	0.343461	0.595486	0.607639	0.598958
train	Healthy (370)	Healthy (370).txt	1	2	Healthy	0.518519	0.567274	0.390625	0.3125	none	keep	πŒøµ¡ÿ		Healthy	0	include	0.518519	0.567274	0.390625	0.3125
train	Healthy (371)	Healthy (371).txt	1	2	Healthy	0.424479	0.599826	0.78125	0.711806	none	keep	πŒøµ¡ÿ		Healthy	0	include	0.424479	0.599826	0.78125	0.711806
train	Healthy (371)	Healthy (371).txt	2	2	Healthy	0.22526	0.159939	0.450521	0.319878	ambiguous	hold	πŒøµ¡ÿ		Healthy	0	include	0.22526	0.159939	0.450521	0.319878
train	Healthy (372)	Healthy (372).txt	1	2	Healthy	0.498264	0.565104	0.737847	0.768229	none	keep	πŒøµ¡ÿ		Healthy	0	include	0.498264	0.565104	0.737847	0.768229
train	Healthy (373)	Healthy (373).txt	1	2	Healthy	0.579282	0.607422	0.679977	0.78342	none	keep	πŒøµ¡ÿ		Healthy	0	include	0.579282	0.607422	0.679977	0.78342
train	Healthy (374)	Healthy (374).txt	1	2	Healthy	0.427373	0.475043	0.810185	0.718316	none	keep	πŒøµ¡ÿ		Healthy	0	include	0.427373	0.475043	0.810185	0.718316
train	Healthy (375)	Healthy (375).txt	1	2	Healthy	0.478009	0.554253	0.685764	0.638021	none	keep	πŒøµ¡ÿ		Healthy	0	include	0.478009	0.554253	0.685764	0.638021
train	Healthy (376)	Healthy (376).txt	1	2	Healthy	0.48669	0.575955	0.656829	0.724826	none	keep	πŒøµ¡ÿ		Healthy	0	include	0.48669	0.575955	0.656829	0.724826
train	Healthy (377)	Healthy (377).txt	1	2	Healthy	0.457755	0.615017	0.604745	0.62066	none	keep	πŒøµ¡ÿ		Healthy	0	include	0.457755	0.615017	0.604745	0.62066
train	Healthy (378)	Healthy (378).txt	1	2	Healthy	0.496817	0.553168	0.694444	0.809462	none	keep	πŒøµ¡ÿ		Healthy	0	include	0.496817	0.553168	0.694444	0.809462
train	Healthy (379)	Healthy (379).txt	1	2	Healthy	0.476562	0.613932	0.653935	0.683594	none	keep	πŒøµ¡ÿ		Healthy	0	include	0.476562	0.613932	0.653935	0.683594
train	Healthy (38)	Healthy (38).txt	1	2	Healthy	0.470775	0.611762	0.56713	0.562066	none	keep	πŒøµ¡ÿ		Healthy	0	include	0.470775	0.611762	0.56713	0.562066
train	Healthy (38)	Healthy (38).txt	2	2	Healthy	0.48235	0.215278	0.439815	0.430556	none	keep	πŒøµ¡ÿ		Healthy	0	include	0.48235	0.215278	0.439815	0.430556
train	Healthy (38)	Healthy (38).txt	3	2	Healthy	0.644387	0.683377	0.341435	0.401476	ambiguous	hold	πŒøµ¡ÿ		Healthy	0	include	0.644387	0.683377	0.341435	0.401476
train	Healthy (380)	Healthy (380).txt	1	2	Healthy	0.449074	0.647569	0.662616	0.651042	none	keep	πŒøµ¡ÿ		Healthy	0	include	0.449074	0.647569	0.662616	0.651042
train	Healthy (381)	Healthy (381).txt	1	2	Healthy	0.449074	0.564019	0.523727	0.62717	none	keep	πŒøµ¡ÿ		Healthy	0	include	0.449074	0.564019	0.523727	0.62717
train	Healthy (383)	Healthy (383).txt	1	2	Healthy	0.463542	0.633464	0.627894	0.609809	none	keep	πŒøµ¡ÿ		Healthy	0	include	0.463542	0.633464	0.627894	0.609809
train	Healthy (384)	Healthy (384).txt	1	2	Healthy	0.499711	0.575955	0.752315	0.681424	none	keep	πŒøµ¡ÿ		Healthy	0	include	0.499711	0.575955	0.752315	0.681424
train	Healthy (385)	Healthy (385).txt	1	2	Healthy	0.543113	0.548828	0.798611	0.705295	none	keep	πŒøµ¡ÿ		Healthy	0	include	0.543113	0.548828	0.798611	0.705295
train	Healthy (385)	Healthy (385).txt	2	2	Healthy	0.194878	0.883464	0.389757	0.233073	ambiguous	hold	πŒøµ¡ÿ		Healthy	0	include	0.194878	0.883464	0.389757	0.233073
train	Healthy (385)	Healthy (385).txt	3	2	Healthy	0.606771	0.876953	0.439815	0.246094	ambiguous	hold	πŒøµ¡ÿ		Healthy	0	include	0.606771	0.876953	0.439815	0.246094
train	Healthy (386)	Healthy (386).txt	1	2	Healthy	0.462095	0.608507	0.763889	0.642361	none	keep	πŒøµ¡ÿ		Healthy	0	include	0.462095	0.608507	0.763889	0.642361
train	Healthy (386)	Healthy (386).txt	2	2	Healthy	0.878617	0.682292	0.242766	0.633681	ambiguous	hold	πŒøµ¡ÿ		Healthy	0	include	0.878617	0.682292	0.242766	0.633681
train	Healthy (390)	Healthy (390).txt	1	2	Healthy	0.466435	0.608507	0.685764	0.685764	none	keep	πŒøµ¡ÿ		Healthy	0	include	0.466435	0.608507	0.685764	0.685764
train	Healthy (391)	Healthy (391).txt	1	2	Healthy	0.430266	0.58138	0.746528	0.709635	none	keep	πŒøµ¡ÿ		Healthy	0	include	0.430266	0.58138	0.746528	0.709635
train	Healthy (391)	Healthy (391).txt	2	2	Healthy	0.191985	0.392578	0.38397	0.436198	ambiguous	hold	πŒøµ¡ÿ		Healthy	0	include	0.191985	0.392578	0.38397	0.436198
train	Healthy (391)	Healthy (391).txt	3	2	Healthy	0.150029	0.121962	0.300058	0.243924	ambiguous	hold	πŒøµ¡ÿ		Healthy	0	include	0.150029	0.121962	0.300058	0.243924
train	Healthy (392)	Healthy (392).txt	1	2	Healthy	0.893084	0.950738	0.213831	0.098524	ambiguous	hold	πŒøµ¡ÿ		Healthy	0	include	0.893084	0.950738	0.213831	0.098524
train	Healthy (392)	Healthy (392).txt	2	2	Healthy	0.732494	0.800998	0.535012	0.398003	none	keep	πŒøµ¡ÿ		Healthy	0	include	0.732494	0.800998	0.535012	0.398003
train	Healthy (392)	Healthy (392).txt	3	2	Healthy	0.399884	0.628038	0.691551	0.598958	none	keep	πŒøµ¡ÿ		Healthy	0	include	0.399884	0.628038	0.691551	0.598958
train	Healthy (393)	Healthy (393).txt	1	2	Healthy	0.444734	0.556424	0.694444	0.729167	none	keep	πŒøµ¡ÿ		Healthy	0	include	0.444734	0.556424	0.694444	0.729167
train	Healthy (394)	Healthy (394).txt	1	2	Healthy	0.469329	0.578125	0.679977	0.633681	ambiguous	hold	πŒøµ¡ÿ		Healthy	0	include	0.469329	0.578125	0.679977	0.633681
train	Healthy (395)	Healthy (395).txt	1	2	Healthy	0.4375	0.637804	0.552662	0.648872	none	keep	πŒøµ¡ÿ		Healthy	0	include	0.4375	0.637804	0.552662	0.648872
train	Healthy (396)	Healthy (396).txt	1	2	Healthy	0.504051	0.561849	0.766782	0.770399	none	keep	πŒøµ¡ÿ		Healthy	0	include	0.504051	0.561849	0.766782	0.770399
train	Healthy (397)	Healthy (397).txt	1	2	Healthy	0.509838	0.552083	0.564236	0.503472	none	keep	πŒøµ¡ÿ		Healthy	0	include	0.509838	0.552083	0.564236	0.503472
train	Healthy (397)	Healthy (397).txt	2	2	Healthy	0.4375	0.159288	0.26331	0.247396	ambiguous	hold	πŒøµ¡ÿ		Healthy	0	include	0.4375	0.159288	0.26331	0.247396
train	Healthy (398)	Healthy (398).txt	1	2	Healthy	0.534776	0.487594	0.616862	0.975188	none	keep	πŒøµ¡ÿ		Healthy	0	include	0.534776	0.487594	0.616862	0.975188
train	Healthy (4)	Healthy (4).txt	1	2	Healthy	0.476562	0.600911	0.596065	0.562066	none	keep	πŒøµ¡ÿ		Healthy	0	include	0.476562	0.600911	0.596065	0.562066
train	Healthy (40)	Healthy (40).txt	1	2	Healthy	0.228154	0.121962	0.456308	0.243924	ambiguous	hold	πŒøµ¡ÿ		Healthy	0	include	0.228154	0.121962	0.456308	0.243924
train	Healthy (40)	Healthy (40).txt	2	2	Healthy	0.480903	0.531467	0.552662	0.63151	none	keep	πŒøµ¡ÿ		Healthy	0	include	0.480903	0.531467	0.552662	0.63151
train	Healthy (40)	Healthy (40).txt	3	2	Healthy	0.152922	0.357856	0.305845	0.692274	none	keep	πŒøµ¡ÿ		Healthy	0	include	0.152922	0.357856	0.305845	0.692274
train	Healthy (400)	Healthy (400).txt	1	2	Healthy	0.502604	0.491319	0.625	0.703125	none	keep	πŒøµ¡ÿ		Healthy	0	include	0.502604	0.491319	0.625	0.703125
train	Healthy (401)	Healthy (401).txt	1	2	Healthy	0.600984	0.561849	0.677083	0.718316	none	keep	πŒøµ¡ÿ		Healthy	0	include	0.600984	0.561849	0.677083	0.718316
train	Healthy (403)	Healthy (403).txt	1	2	Healthy	0.530917	0.619148	0.60032	0.651423	none	keep	πŒøµ¡ÿ		Healthy	0	include	0.530917	0.619148	0.60032	0.651423
train	Healthy (404)	Healthy (404).txt	1	2	Healthy	0.506944	0.592231	0.645255	0.62283	none	keep	πŒøµ¡ÿ		Healthy	0	include	0.506944	0.592231	0.645255	0.62283
train	Healthy (405)	Healthy (405).txt	1	2	Healthy	0.554688	0.582465	0.688657	0.746528	none	keep	πŒøµ¡ÿ		Healthy	0	include	0.554688	0.582465	0.688657	0.746528
train	Healthy (406)	Healthy (406).txt	1	2	Healthy	0.553241	0.621528	0.662616	0.646701	none	keep	πŒøµ¡ÿ		Healthy	0	include	0.553241	0.621528	0.662616	0.646701
train	Healthy (407)	Healthy (407).txt	1	2	Healthy	0.505498	0.527127	0.578704	0.479601	none	keep	πŒøµ¡ÿ		Healthy	0	include	0.505498	0.527127	0.578704	0.479601
train	Healthy (408)	Healthy (408).txt	1	2	Healthy	0.467882	0.637804	0.677083	0.605469	none	keep	πŒøµ¡ÿ		Healthy	0	include	0.467882	0.637804	0.677083	0.605469
train	Healthy (409)	Healthy (409).txt	1	2	Healthy	0.672498	0.853027	0.442749	0.293945	none	keep	πŒøµ¡ÿ		Healthy	0	include	0.672498	0.853027	0.442749	0.293945
train	Healthy (409)	Healthy (409).txt	2	2	Healthy	0.186634	0.280679	0.373268	0.561359	ambiguous	hold	πŒøµ¡ÿ		Healthy	0	include	0.186634	0.280679	0.373268	0.561359
train	Healthy (409)	Healthy (409).txt	3	2	Healthy	0.494399	0.553705	0.669793	0.704486	none	keep	πŒøµ¡ÿ		Healthy	0	include	0.494399	0.553705	0.669793	0.704486
train	Healthy (409)	Healthy (409).txt	4	2	Healthy	0.921773	0.76735	0.156453	0.4653	ambiguous	hold	πŒøµ¡ÿ		Healthy	0	include	0.921773	0.76735	0.156453	0.4653
train	Healthy (410)	Healthy (410).txt	1	2	Healthy	0.133713	0.671099	0.267425	0.579267	ambiguous	hold	πŒøµ¡ÿ		Healthy	0	include	0.133713	0.671099	0.267425	0.579267
train	Healthy (410)	Healthy (410).txt	2	2	Healthy	0.49568	0.571121	0.661002	0.857759	none	keep	πŒøµ¡ÿ		Healthy	0	include	0.49568	0.571121	0.661002	0.857759
train	Healthy (410)	Healthy (410).txt	3	2	Healthy	0.741719	0.181573	0.516561	0.363147	none	keep	πŒøµ¡ÿ		Healthy	0	include	0.741719	0.181573	0.516561	0.363147
train	Healthy (411)	Healthy (411).txt	1	2	Healthy	0.510081	0.550108	0.571717	0.671336	none	keep	πŒøµ¡ÿ		Healthy	0	include	0.510081	0.550108	0.571717	0.671336
train	Healthy (411)	Healthy (411).txt	2	2	Healthy	0.240999	0.875539	0.481999	0.248922	ambiguous	hold	πŒøµ¡ÿ		Healthy	0	include	0.240999	0.875539	0.481999	0.248922
train	Healthy (412)	Healthy (412).txt	1	2	Healthy	0.713242	0.631885	0.49086	0.484992	none	keep	πŒøµ¡ÿ		Healthy	0	include	0.713242	0.631885	0.49086	0.484992
train	Healthy (412)	Healthy (412).txt	2	2	Healthy	0.694196	0.248922	0.611607	0.497845	none	keep	πŒøµ¡ÿ		Healthy	0	include	0.694196	0.248922	0.611607	0.497845
train	Healthy (412)	Healthy (412).txt	3	2	Healthy	0.956112	0.513007	0.087775	0.427331	ambiguous	hold	πŒøµ¡ÿ		Healthy	0	include	0.956112	0.513007	0.087775	0.427331
train	Healthy (413)	Healthy (413).txt	1	2	Healthy	0.156826	0.511638	0.313652	0.56681	ambiguous	hold	πŒøµ¡ÿ		Healthy	0	include	0.156826	0.511638	0.313652	0.56681
train	Healthy (413)	Healthy (413).txt	2	2	Healthy	0.538538	0.513007	0.732595	0.831753	none	keep	πŒøµ¡ÿ		Healthy	0	include	0.538538	0.513007	0.732595	0.831753
train	Healthy (413)	Healthy (413).txt	3	2	Healthy	0.869888	0.288147	0.260225	0.576293	ambiguous	hold	πŒøµ¡ÿ		Healthy	0	include	0.869888	0.288147	0.260225	0.576293
train	Healthy (413)	Healthy (413).txt	4	2	Healthy	0.523834	0.128664	0.601815	0.257328	ambiguous	hold	πŒøµ¡ÿ		Healthy	0	include	0.523834	0.128664	0.601815	0.257328
train	Healthy (414)	Healthy (414).txt	1	2	Healthy	0.415827	0.544504	0.627736	0.811422	none	keep	πŒøµ¡ÿ		Healthy	0	include	0.415827	0.544504	0.627736	0.811422
train	Healthy (415)	Healthy (415).txt	1	2	Healthy	0.456988	0.546727	0.719826	0.804957	none	keep	πŒøµ¡ÿ		Healthy	0	include	0.456988	0.546727	0.719826	0.804957
train	Healthy (417)	Healthy (417).txt	1	2	Healthy	0.428971	0.602224	0.566091	0.706897	none	keep	πŒøµ¡ÿ		Healthy	0	include	0.428971	0.602224	0.566091	0.706897
train	Healthy (418)	Healthy (418).txt	1	2	Healthy	0.918194	0.379164	0.125	0.125	ambiguous	hold	πŒøµ¡ÿ		Healthy	0	include	0.918194	0.379164	0.125	0.125
train	Healthy (418)	Healthy (418).txt	2	2	Healthy	0.566902	0.614616	0.560344	0.507543	none	keep	πŒøµ¡ÿ		Healthy	0	include	0.566902	0.614616	0.560344	0.507543
train	Healthy (419)	Healthy (419).txt	1	2	Healthy	0.367908	0.57259	0.650862	0.557112	none	keep	πŒøµ¡ÿ		Healthy	0	include	0.367908	0.57259	0.650862	0.557112
train	Healthy (419)	Healthy (419).txt	2	2	Healthy	0.873655	0.513322	0.191094	0.16056	ambiguous	hold	πŒøµ¡ÿ		Healthy	0	include	0.873655	0.513322	0.191094	0.16056
train	Healthy (42)	Healthy (42).txt	1	2	Healthy	0.475666	0.620077	0.599138	0.759846	none	keep	πŒøµ¡ÿ		Healthy	0	include	0.475666	0.620077	0.599138	0.759846
train	Healthy (420)	Healthy (420).txt	1	2	Healthy	0.472075	0.538108	0.597703	0.546337	none	keep	πŒøµ¡ÿ		Healthy	0	include	0.472075	0.538108	0.597703	0.546337
train	Healthy (421)	Healthy (421).txt	1	2	Healthy	0.499374	0.558582	0.804598	0.764008	none	keep	πŒøµ¡ÿ		Healthy	0	include	0.499374	0.558582	0.804598	0.764008
train	Healthy (422)	Healthy (422).txt	1	2	Healthy	0.107445	0.73484	0.21489	0.530319	ambiguous	hold	πŒøµ¡ÿ		Healthy	0	include	0.107445	0.73484	0.21489	0.530319
train	Healthy (422)	Healthy (422).txt	2	2	Healthy	0.479258	0.516017	0.752873	0.765085	none	keep	πŒøµ¡ÿ		Healthy	0	include	0.479258	0.516017	0.752873	0.765085
train	Healthy (423)	Healthy (423).txt	1	2	Healthy	0.341328	0.578518	0.603449	0.586207	none	keep	πŒøµ¡ÿ		Healthy	0	include	0.341328	0.578518	0.603449	0.586207
train	Healthy (423)	Healthy (423).txt	2	2	Healthy	0.252966	0.899638	0.176725	0.146554	ambiguous	hold	πŒøµ¡ÿ		Healthy	0	include	0.252966	0.899638	0.176725	0.146554
train	Healthy (423)	Healthy (423).txt	3	2	Healthy	0.111037	0.093676	0.222075	0.187352	ambiguous	hold	πŒøµ¡ÿ		Healthy	0	include	0.111037	0.093676	0.222075	0.187352
train	Healthy (424)	Healthy (424).txt	1	2	Healthy	0.492907	0.561814	0.685344	0.66056	none	keep	πŒøµ¡ÿ		Healthy	0	include	0.492907	0.561814	0.685344	0.66056
train	Healthy (426)	Healthy (426).txt	1	2	Healthy	0.399517	0.554272	0.397986	0.423492	none	keep	πŒøµ¡ÿ		Healthy	0	include	0.399517	0.554272	0.397986	0.423492
train	Healthy (426)	Healthy (426).txt	2	2	Healthy	0.125091	0.193818	0.219829	0.213362	ambiguous	hold	πŒøµ¡ÿ		Healthy	0	include	0.125091	0.193818	0.219829	0.213362
train	Healthy (427)	Healthy (427).txt	1	2	Healthy	0.52308	0.545112	0.653736	0.568965	none	keep	πŒøµ¡ÿ		Healthy	0	include	0.52308	0.545112	0.653736	0.568965
train	Healthy (427)	Healthy (427).txt	2	2	Healthy	0.283856	0.330133	0.459771	0.434269	ambiguous	hold	πŒøµ¡ÿ		Healthy	0	include	0.283856	0.330133	0.459771	0.434269
train	Healthy (427)	Healthy (427).txt	3	2	Healthy	0.732445	0.200358	0.53511	0.400716	none	keep	πŒøµ¡ÿ		Healthy	0	include	0.732445	0.200358	0.53511	0.400716
train	Healthy (428)	Healthy (428).txt	1	2	Healthy	0.40239	0.549961	0.719826	0.77694	none	keep	πŒøµ¡ÿ		Healthy	0	include	0.40239	0.549961	0.719826	0.77694
train	Healthy (428)	Healthy (428).txt	2	2	Healthy	0.44262	0.108151	0.262931	0.195043	ambiguous	hold	πŒøµ¡ÿ		Healthy	0	include	0.44262	0.108151	0.262931	0.195043
train	Healthy (428)	Healthy (428).txt	3	2	Healthy	0.193339	0.233151	0.301725	0.22737	ambiguous	hold	πŒøµ¡ÿ		Healthy	0	include	0.193339	0.233151	0.301725	0.22737
train	Healthy (429)	Healthy (429).txt	1	2	Healthy	0.22854	0.522483	0.331895	0.394397	ambiguous	hold	πŒøµ¡ÿ		Healthy	0	include	0.22854	0.522483	0.331895	0.394397
train	Healthy (429)	Healthy (429).txt	2	1	Anthracnose	0.620781	0.326362	0.369253	0.368535	class_wrong	drop	πŒøµ¡ÿ	ºˆ¡§ øœ∑·	Disease	0	include	0.620781	0.326362	0.369253	0.368535
train	Healthy (429)	Healthy (429).txt	3	2	Healthy	0.512305	0.641018	0.540229	0.519397	none	keep	πŒøµ¡ÿ		Healthy	0	include	0.512305	0.641018	0.540229	0.519397
train	Healthy (43)	Healthy (43).txt	1	2	Healthy	0.778827	0.526253	0.352011	0.514008	none	keep	πŒøµ¡ÿ		Healthy	0	include	0.778827	0.526253	0.352011	0.514008
train	Healthy (43)	Healthy (43).txt	2	2	Healthy	0.510867	0.610844	0.517242	0.631467	none	keep	πŒøµ¡ÿ		Healthy	0	include	0.510867	0.610844	0.517242	0.631467
train	Healthy (430)	Healthy (430).txt	1	2	Healthy	0.510149	0.629702	0.673851	0.692888	none	keep	πŒøµ¡ÿ		Healthy	0	include	0.510149	0.629702	0.673851	0.692888
train	Healthy (431)	Healthy (431).txt	1	2	Healthy	0.462488	0.481522	0.481682	0.827587	none	keep	πŒøµ¡ÿ		Healthy	0	include	0.462488	0.481522	0.481682	0.827587
train	Healthy (432)	Healthy (432).txt	1	2	Healthy	0.404306	0.753125	0.581653	0.454957	none	keep	πŒøµ¡ÿ		Healthy	0	include	0.404306	0.753125	0.581653	0.454957
train	Healthy (432)	Healthy (432).txt	2	2	Healthy	0.685124	0.937392	0.181308	0.125216	ambiguous	hold	πŒøµ¡ÿ		Healthy	0	include	0.685124	0.937392	0.181308	0.125216
train	Healthy (432)	Healthy (432).txt	3	2	Healthy	0.545507	0.961638	0.14977	0.076724	ambiguous	hold	πŒøµ¡ÿ		Healthy	0	include	0.545507	0.961638	0.14977	0.076724
train	Healthy (433)	Healthy (433).txt	1	2	Healthy	0.508713	0.804849	0.37284	0.390302	none	keep	πŒøµ¡ÿ		Healthy	0	include	0.508713	0.804849	0.37284	0.390302
train	Healthy (434)	Healthy (434).txt	1	2	Healthy	0.437593	0.576436	0.781609	0.847129	none	keep	πŒøµ¡ÿ		Healthy	0	include	0.437593	0.576436	0.781609	0.847129
train	Healthy (437)	Healthy (437).txt	1	2	Healthy	0.492908	0.587677	0.639369	0.557112	none	keep	πŒøµ¡ÿ		Healthy	0	include	0.492908	0.587677	0.639369	0.557112
train	Healthy (44)	Healthy (44).txt	1	2	Healthy	0.43831	0.65718	0.409485	0.482758	none	keep	πŒøµ¡ÿ		Healthy	0	include	0.43831	0.65718	0.409485	0.482758
train	Healthy (45)	Healthy (45).txt	1	2	Healthy	0.447649	0.538646	0.747127	0.782326	none	keep	πŒøµ¡ÿ		Healthy	0	include	0.447649	0.538646	0.747127	0.782326
train	Healthy (46)	Healthy (46).txt	1	2	Healthy	0.451959	0.622159	0.597703	0.746766	none	keep	πŒøµ¡ÿ		Healthy	0	include	0.451959	0.622159	0.597703	0.746766
train	Healthy (48)	Healthy (48).txt	1	2	Healthy	0.502245	0.581749	0.557471	0.62069	none	keep	πŒøµ¡ÿ		Healthy	0	include	0.502245	0.581749	0.557471	0.62069
train	Healthy (49)	Healthy (49).txt	1	2	Healthy	0.50512	0.57259	0.540229	0.580818	none	keep	πŒøµ¡ÿ		Healthy	0	include	0.50512	0.57259	0.540229	0.580818
train	Healthy (49)	Healthy (49).txt	2	2	Healthy	0.671069	0.704056	0.346264	0.354527	ambiguous	hold	πŒøµ¡ÿ		Healthy	0	include	0.671069	0.704056	0.346264	0.354527
train	Healthy (5)	Healthy (5).txt	1	2	Healthy	0.281701	0.766556	0.354884	0.34806	ambiguous	hold	πŒøµ¡ÿ		Healthy	0	include	0.281701	0.766556	0.354884	0.34806
train	Healthy (5)	Healthy (5).txt	2	2	Healthy	0.481412	0.633473	0.541667	0.592671	none	keep	πŒøµ¡ÿ		Healthy	0	include	0.481412	0.633473	0.541667	0.592671
train	Healthy (52)	Healthy (52).txt	1	2	Healthy	0.517332	0.58175	0.613507	0.579742	none	keep	πŒøµ¡ÿ		Healthy	0	include	0.517332	0.58175	0.613507	0.579742
train	Healthy (54)	Healthy (54).txt	1	2	Healthy	0.540321	0.590908	0.527297	0.677802	none	keep	πŒøµ¡ÿ		Healthy	0	include	0.540321	0.590908	0.527297	0.677802
train	Healthy (55)	Healthy (55).txt	1	2	Healthy	0.441902	0.604918	0.540229	0.621766	none	keep	πŒøµ¡ÿ		Healthy	0	include	0.441902	0.604918	0.540229	0.621766
train	Healthy (56)	Healthy (56).txt	1	2	Healthy	0.520207	0.590909	0.579025	0.729527	none	keep	πŒøµ¡ÿ		Healthy	0	include	0.520207	0.590909	0.579025	0.729527
train	Healthy (56)	Healthy (56).txt	2	2	Healthy	0.220638	0.785953	0.195402	0.207973	ambiguous	hold	πŒøµ¡ÿ		Healthy	0	include	0.220638	0.785953	0.195402	0.207973
train	Healthy (57)	Healthy (57).txt	1	2	Healthy	0.945088	0.865228	0.109823	0.269544	ambiguous	hold	πŒøµ¡ÿ		Healthy	0	include	0.945088	0.865228	0.109823	0.269544
train	Healthy (57)	Healthy (57).txt	2	2	Healthy	0.439747	0.606534	0.602011	0.715516	none	keep	πŒøµ¡ÿ		Healthy	0	include	0.439747	0.606534	0.602011	0.715516
train	Healthy (58)	Healthy (58).txt	1	2	Healthy	0.463453	0.590909	0.505749	0.563576	none	keep	πŒøµ¡ÿ		Healthy	0	include	0.463453	0.590909	0.505749	0.563576
train	Healthy (59)	Healthy (59).txt	1	2	Healthy	0.827273	0.505241	0.345454	0.519397	none	keep	πŒøµ¡ÿ		Healthy	0	include	0.827273	0.505241	0.345454	0.519397
train	Healthy (59)	Healthy (59).txt	2	2	Healthy	0.475667	0.890013	0.392242	0.219974	none	keep	πŒøµ¡ÿ		Healthy	0	include	0.475667	0.890013	0.392242	0.219974
train	Healthy (59)	Healthy (59).txt	3	2	Healthy	0.679689	0.75147	0.225576	0.240302	ambiguous	hold	πŒøµ¡ÿ		Healthy	0	include	0.679689	0.75147	0.225576	0.240302
train	Healthy (59)	Healthy (59).txt	4	2	Healthy	0.404546	0.564508	0.57184	0.551725	none	keep	πŒøµ¡ÿ		Healthy	0	include	0.404546	0.564508	0.57184	0.551725
train	Healthy (6)	Healthy (6).txt	1	2	Healthy	0.222075	0.473991	0.313218	0.323277	none	keep	πŒøµ¡ÿ		Healthy	0	include	0.222075	0.473991	0.313218	0.323277
train	Healthy (6)	Healthy (6).txt	2	2	Healthy	0.421787	0.639939	0.528736	0.560343	none	keep	πŒøµ¡ÿ		Healthy	0	include	0.421787	0.639939	0.528736	0.560343
train	Healthy (6)	Healthy (6).txt	3	2	Healthy	0.893365	0.422268	0.21327	0.394397	none	keep	πŒøµ¡ÿ		Healthy	0	include	0.893365	0.422268	0.21327	0.394397
train	Healthy (6)	Healthy (6).txt	4	2	Healthy	0.63012	0.393172	0.3477	0.329742	none	keep	πŒøµ¡ÿ		Healthy	0	include	0.63012	0.393172	0.3477	0.329742
train	Healthy (62)	Healthy (62).txt	1	2	Healthy	0.506557	0.875465	0.422413	0.249069	none	keep	πŒøµ¡ÿ		Healthy	0	include	0.506557	0.875465	0.422413	0.249069
train	Healthy (62)	Healthy (62).txt	2	2	Healthy	0.681126	0.600068	0.432471	0.474138	none	keep	πŒøµ¡ÿ		Healthy	0	include	0.681126	0.600068	0.432471	0.474138
train	Healthy (63)	Healthy (63).txt	1	2	Healthy	0.409573	0.58606	0.673851	0.640085	none	keep	πŒøµ¡ÿ		Healthy	0	include	0.409573	0.58606	0.673851	0.640085
train	Healthy (63)	Healthy (63).txt	2	2	Healthy	0.806127	0.649638	0.211207	0.239223	ambiguous	hold	πŒøµ¡ÿ		Healthy	0	include	0.806127	0.649638	0.211207	0.239223
train	Healthy (64)	Healthy (64).txt	1	2	Healthy	0.365035	0.656104	0.636493	0.540948	none	keep	πŒøµ¡ÿ		Healthy	0	include	0.365035	0.656104	0.636493	0.540948
train	Healthy (64)	Healthy (64).txt	2	2	Healthy	0.887617	0.505241	0.224766	0.342674	none	keep	πŒøµ¡ÿ		Healthy	0	include	0.887617	0.505241	0.224766	0.342674
train	Healthy (65)	Healthy (65).txt	1	2	Healthy	0.164916	0.740155	0.329832	0.448275	none	keep	πŒøµ¡ÿ		Healthy	0	include	0.164916	0.740155	0.329832	0.448275
train	Healthy (65)	Healthy (65).txt	2	2	Healthy	0.427533	0.516017	0.637931	0.528019	none	keep	πŒøµ¡ÿ		Healthy	0	include	0.427533	0.516017	0.637931	0.528019
train	Healthy (66)	Healthy (66).txt	1	2	Healthy	0.885868	0.391017	0.129311	0.118535	ambiguous	hold	πŒøµ¡ÿ		Healthy	0	include	0.885868	0.391017	0.129311	0.118535
train	Healthy (66)	Healthy (66).txt	2	2	Healthy	0.720638	0.290263	0.175286	0.14763	ambiguous	hold	πŒøµ¡ÿ		Healthy	0	include	0.720638	0.290263	0.175286	0.14763
train	Healthy (66)	Healthy (66).txt	3	2	Healthy	0.528828	0.60815	0.619253	0.591595	none	keep	πŒøµ¡ÿ		Healthy	0	include	0.528828	0.60815	0.619253	0.591595
train	Healthy (69)	Healthy (69).txt	1	2	Healthy	0.498655	0.647483	0.636493	0.609913	none	keep	πŒøµ¡ÿ		Healthy	0	include	0.498655	0.647483	0.636493	0.609913
train	Healthy (69)	Healthy (69).txt	2	2	Healthy	0.182157	0.697052	0.364314	0.424568	none	keep	πŒøµ¡ÿ		Healthy	0	include	0.182157	0.697052	0.364314	0.424568
train	Healthy (7)	Healthy (7).txt	1	2	Healthy	0.459861	0.570435	0.484196	0.552802	none	keep	πŒøµ¡ÿ		Healthy	0	include	0.459861	0.570435	0.484196	0.552802
train	Healthy (7)	Healthy (7).txt	2	2	Healthy	0.122532	0.559659	0.245064	0.48599	none	keep	πŒøµ¡ÿ		Healthy	0	include	0.122532	0.559659	0.245064	0.48599
train	Healthy (70)	Healthy (70).txt	1	2	Healthy	0.40239	0.089905	0.300289	0.179809	ambiguous	hold	πŒøµ¡ÿ		Healthy	0	include	0.40239	0.089905	0.300289	0.179809
train	Healthy (70)	Healthy (70).txt	2	2	Healthy	0.50512	0.627547	0.517242	0.505388	none	keep	πŒøµ¡ÿ		Healthy	0	include	0.50512	0.627547	0.517242	0.505388
train	Healthy (70)	Healthy (70).txt	3	2	Healthy	0.820088	0.46537	0.359823	0.590519	none	keep	πŒøµ¡ÿ		Healthy	0	include	0.820088	0.46537	0.359823	0.590519
train	Healthy (71)	Healthy (71).txt	1	2	Healthy	0.423942	0.665263	0.587642	0.570043	none	keep	πŒøµ¡ÿ		Healthy	0	include	0.423942	0.665263	0.587642	0.570043
train	Healthy (72)	Healthy (72).txt	1	2	Healthy	0.620781	0.547268	0.64224	0.706897	none	keep	πŒøµ¡ÿ		Healthy	0	include	0.620781	0.547268	0.64224	0.706897
train	Healthy (72)	Healthy (72).txt	2	2	Healthy	0.275234	0.374854	0.390804	0.392242	ambiguous	hold	πŒøµ¡ÿ		Healthy	0	include	0.275234	0.374854	0.390804	0.392242
train	Healthy (72)	Healthy (72).txt	3	2	Healthy	0.151985	0.540263	0.30397	0.623924	none	keep	πŒøµ¡ÿ		Healthy	0	include	0.151985	0.540263	0.30397	0.623924
train	Healthy (73)	Healthy (73).txt	1	2	Healthy	0.665321	0.507935	0.409485	0.358835	ambiguous	hold	πŒøµ¡ÿ		Healthy	0	include	0.665321	0.507935	0.409485	0.358835
train	Healthy (73)	Healthy (73).txt	2	2	Healthy	0.856727	0.70359	0.286545	0.592819	none	keep	πŒøµ¡ÿ		Healthy	0	include	0.856727	0.70359	0.286545	0.592819
train	Healthy (73)	Healthy (73).txt	3	2	Healthy	0.451959	0.661491	0.520116	0.543103	none	keep	πŒøµ¡ÿ		Healthy	0	include	0.451959	0.661491	0.520116	0.543103
train	Healthy (74)	Healthy (74).txt	1	2	Healthy	0.09236	0.241771	0.184719	0.186424	ambiguous	hold	πŒøµ¡ÿ		Healthy	0	include	0.09236	0.241771	0.184719	0.186424
train	Healthy (74)	Healthy (74).txt	2	2	Healthy	0.760868	0.762319	0.431036	0.475362	none	keep	πŒøµ¡ÿ		Healthy	0	include	0.760868	0.762319	0.431036	0.475362
train	Healthy (74)	Healthy (74).txt	3	2	Healthy	0.474948	0.636707	0.675289	0.637932	none	keep	πŒøµ¡ÿ		Healthy	0	include	0.474948	0.636707	0.675289	0.637932
train	Healthy (74)	Healthy (74).txt	4	2	Healthy	0.047818	0.679809	0.095637	0.230603	ambiguous	hold	πŒøµ¡ÿ		Healthy	0	include	0.047818	0.679809	0.095637	0.230603
train	Healthy (74)	Healthy (74).txt	5	2	Healthy	0.306843	0.822125	0.468391	0.355751	ambiguous	hold	πŒøµ¡ÿ		Healthy	0	include	0.306843	0.822125	0.468391	0.355751
train	Healthy (75)	Healthy (75).txt	1	2	Healthy	0.393051	0.346297	0.393678	0.207975	ambiguous	hold	πŒøµ¡ÿ		Healthy	0	include	0.393051	0.346297	0.393678	0.207975
train	Healthy (75)	Healthy (75).txt	2	2	Healthy	0.455551	0.616232	0.636496	0.627155	none	keep	πŒøµ¡ÿ		Healthy	0	include	0.455551	0.616232	0.636496	0.627155
train	Healthy (77)	Healthy (77).txt	1	2	Healthy	0.398799	0.685737	0.488507	0.539872	none	keep	πŒøµ¡ÿ		Healthy	0	include	0.398799	0.685737	0.488507	0.539872
train	Healthy (77)	Healthy (77).txt	2	2	Healthy	0.795664	0.779561	0.408672	0.440879	none	keep	πŒøµ¡ÿ		Healthy	0	include	0.795664	0.779561	0.408672	0.440879
train	Healthy (79)	Healthy (79).txt	1	2	Healthy	0.395207	0.617848	0.504308	0.582975	none	keep	πŒøµ¡ÿ		Healthy	0	include	0.395207	0.617848	0.504308	0.582975
train	Healthy (8)	Healthy (8).txt	1	2	Healthy	0.494345	0.524098	0.696837	0.654095	none	keep	πŒøµ¡ÿ		Healthy	0	include	0.494345	0.524098	0.696837	0.654095
train	Healthy (8)	Healthy (8).txt	2	2	Healthy	0.283857	0.768172	0.275862	0.241378	ambiguous	hold	πŒøµ¡ÿ		Healthy	0	include	0.283857	0.768172	0.275862	0.241378
train	Healthy (8)	Healthy (8).txt	3	2	Healthy	0.083019	0.734227	0.166039	0.253234	ambiguous	hold	πŒøµ¡ÿ		Healthy	0	include	0.083019	0.734227	0.166039	0.253234
train	Healthy (8)	Healthy (8).txt	4	2	Healthy	0.057876	0.887319	0.115752	0.225362	ambiguous	hold	πŒøµ¡ÿ		Healthy	0	include	0.057876	0.887319	0.115752	0.225362
train	Healthy (80)	Healthy (80).txt	1	2	Healthy	0.54966	0.609767	0.594829	0.655171	none	keep	πŒøµ¡ÿ		Healthy	0	include	0.54966	0.609767	0.594829	0.655171
train	Healthy (81)	Healthy (81).txt	1	2	Healthy	0.434459	0.485727	0.679225	0.645434	none	keep	πŒøµ¡ÿ		Healthy	0	include	0.434459	0.485727	0.679225	0.645434
train	Healthy (81)	Healthy (81).txt	2	2	Healthy	0.84764	0.243209	0.218996	0.170662	ambiguous	hold	πŒøµ¡ÿ		Healthy	0	include	0.84764	0.243209	0.218996	0.170662
train	Healthy (81)	Healthy (81).txt	3	2	Healthy	0.667996	0.732738	0.188197	0.2515	ambiguous	hold	πŒøµ¡ÿ		Healthy	0	include	0.667996	0.732738	0.188197	0.2515
train	Healthy (82)	Healthy (82).txt	1	2	Healthy	0.71077	0.66858	0.431146	0.479907	none	keep	πŒøµ¡ÿ		Healthy	0	include	0.71077	0.66858	0.431146	0.479907
train	Healthy (82)	Healthy (82).txt	2	2	Healthy	0.451568	0.525506	0.319936	0.301545	ambiguous	hold	πŒøµ¡ÿ		Healthy	0	include	0.451568	0.525506	0.319936	0.301545
train	Healthy (82)	Healthy (82).txt	3	2	Healthy	0.284755	0.64484	0.414036	0.427294	none	keep	πŒøµ¡ÿ		Healthy	0	include	0.284755	0.64484	0.414036	0.427294
train	Healthy (83)	Healthy (83).txt	1	2	Healthy	0.471244	0.669221	0.540642	0.571011	none	keep	πŒøµ¡ÿ		Healthy	0	include	0.471244	0.669221	0.540642	0.571011
train	Healthy (84)	Healthy (84).txt	1	2	Healthy	0.928953	0.367675	0.142095	0.134733	ambiguous	hold	πŒøµ¡ÿ		Healthy	0	include	0.928953	0.367675	0.142095	0.134733
train	Healthy (84)	Healthy (84).txt	2	2	Healthy	0.460123	0.58774	0.5184	0.572294	none	keep	πŒøµ¡ÿ		Healthy	0	include	0.460123	0.58774	0.5184	0.572294
train	Healthy (84)	Healthy (84).txt	3	2	Healthy	0.891269	0.618536	0.131739	0.120618	ambiguous	hold	πŒøµ¡ÿ		Healthy	0	include	0.891269	0.618536	0.131739	0.120618
train	Healthy (84)	Healthy (84).txt	4	2	Healthy	0.927242	0.529997	0.145515	0.128318	ambiguous	hold	πŒøµ¡ÿ		Healthy	0	include	0.927242	0.529997	0.145515	0.128318
train	Healthy (85)	Healthy (85).txt	1	2	Healthy	0.499469	0.478208	0.459713	0.359224	none	keep	πŒøµ¡ÿ		Healthy	0	include	0.499469	0.478208	0.459713	0.359224
train	Healthy (85)	Healthy (85).txt	2	2	Healthy	0.848548	0.081388	0.302905	0.162776	none	keep	πŒøµ¡ÿ		Healthy	0	include	0.848548	0.081388	0.302905	0.162776
train	Healthy (85)	Healthy (85).txt	3	2	Healthy	0.556297	0.098524	0.369806	0.197048	none	keep	πŒøµ¡ÿ		Healthy	0	include	0.556297	0.098524	0.369806	0.197048
train	Healthy (85)	Healthy (85).txt	4	2	Healthy	0.336619	0.748578	0.442749	0.409998	none	keep	πŒøµ¡ÿ		Healthy	0	include	0.336619	0.748578	0.442749	0.409998
train	Healthy (86)	Healthy (86).txt	1	2	Healthy	0.192367	0.622385	0.195041	0.272031	ambiguous	hold	πŒøµ¡ÿ		Healthy	0	include	0.192367	0.622385	0.195041	0.272031
train	Healthy (86)	Healthy (86).txt	2	2	Healthy	0.479799	0.528073	0.653562	0.724991	none	keep	πŒøµ¡ÿ		Healthy	0	include	0.479799	0.528073	0.653562	0.724991
train	Healthy (88)	Healthy (88).txt	1	2	Healthy	0.45328	0.581324	0.61421	0.692912	none	keep	πŒøµ¡ÿ		Healthy	0	include	0.45328	0.581324	0.61421	0.692912
train	Healthy (88)	Healthy (88).txt	2	2	Healthy	0.146173	0.399113	0.273741	0.272033	ambiguous	hold	πŒøµ¡ÿ		Healthy	0	include	0.146173	0.399113	0.273741	0.272033
train	Healthy (89)	Healthy (89).txt	1	2	Healthy	0.373723	0.627517	0.503001	0.546632	none	keep	πŒøµ¡ÿ		Healthy	0	include	0.373723	0.627517	0.503001	0.546632
train	Healthy (89)	Healthy (89).txt	2	2	Healthy	0.099605	0.630725	0.19921	0.373403	ambiguous	hold	πŒøµ¡ÿ		Healthy	0	include	0.099605	0.630725	0.19921	0.373403
train	Healthy (89)	Healthy (89).txt	3	2	Healthy	0.875059	0.557585	0.249881	0.455525	none	keep	πŒøµ¡ÿ		Healthy	0	include	0.875059	0.557585	0.249881	0.455525
train	Healthy (9)	Healthy (9).txt	1	2	Healthy	0.443014	0.613403	0.682648	0.654418	none	keep	πŒøµ¡ÿ		Healthy	0	include	0.443014	0.613403	0.682648	0.654418
train	Healthy (90)	Healthy (90).txt	1	2	Healthy	0.789515	0.507541	0.420969	0.450395	none	keep	πŒøµ¡ÿ		Healthy	0	include	0.789515	0.507541	0.420969	0.450395
train	Healthy (90)	Healthy (90).txt	2	2	Healthy	0.407085	0.622385	0.586837	0.659549	none	keep	πŒøµ¡ÿ		Healthy	0	include	0.407085	0.622385	0.586837	0.659549
train	Healthy (92)	Healthy (92).txt	1	2	Healthy	0.537967	0.592872	0.619343	0.577428	none	keep	πŒøµ¡ÿ		Healthy	0	include	0.537967	0.592872	0.619343	0.577428
train	Healthy (93)	Healthy (93).txt	1	2	Healthy	0.393447	0.654012	0.468196	0.548356	none	keep	πŒøµ¡ÿ		Healthy	0	include	0.393447	0.654012	0.468196	0.548356
train	Healthy (93)	Healthy (93).txt	2	2	Healthy	0.628392	0.775869	0.103478	0.233559	ambiguous	hold	πŒøµ¡ÿ		Healthy	0	include	0.628392	0.775869	0.103478	0.233559
train	Healthy (94)	Healthy (94).txt	1	2	Healthy	0.841652	0.752627	0.21386	0.257919	ambiguous	hold	πŒøµ¡ÿ		Healthy	0	include	0.841652	0.752627	0.21386	0.257919
train	Healthy (94)	Healthy (94).txt	2	2	Healthy	0.384844	0.691035	0.463652	0.555612	none	keep	πŒøµ¡ÿ		Healthy	0	include	0.384844	0.691035	0.463652	0.555612
train	Healthy (95)	Healthy (95).txt	1	2	Healthy	0.464401	0.618535	0.51669	0.664683	none	keep	πŒøµ¡ÿ		Healthy	0	include	0.464401	0.618535	0.51669	0.664683
train	Healthy (96)	Healthy (96).txt	1	2	Healthy	0.561065	0.625592	0.487604	0.624905	none	keep	πŒøµ¡ÿ		Healthy	0	include	0.561065	0.625592	0.487604	0.624905
train	Healthy (97)	Healthy (97).txt	1	2	Healthy	0.559355	0.591589	0.449965	0.513268	none	keep	πŒøµ¡ÿ		Healthy	0	include	0.559355	0.591589	0.449965	0.513268
train	Healthy (97)	Healthy (97).txt	2	2	Healthy	0.414783	0.815502	0.297697	0.36827	none	keep	πŒøµ¡ÿ		Healthy	0	include	0.414783	0.815502	0.297697	0.36827
train	Healthy (98)	Healthy (98).txt	1	2	Healthy	0.468676	0.55566	0.590258	0.61079	none	keep	πŒøµ¡ÿ		Healthy	0	include	0.468676	0.55566	0.590258	0.61079
train	Healthy (99)	Healthy (99).txt	1	2	Healthy	0.628646	0.402962	0.253212	0.343889	ambiguous	hold	πŒøµ¡ÿ		Healthy	0	include	0.628646	0.402962	0.253212	0.343889
train	Healthy (99)	Healthy (99).txt	2	2	Healthy	0.369446	0.578757	0.542352	0.585126	none	keep	πŒøµ¡ÿ		Healthy	0	include	0.369446	0.578757	0.542352	0.585126
train	Mixed(1)	Mixed(1).txt	1	2	Healthy	0.387784	0.654065	0.268255	0.69187	none	keep	πŒøµ¡ÿ		Healthy	0	include	0.387784	0.654065	0.268255	0.69187
train	Mixed(1)	Mixed(1).txt	2	2	Healthy	0.287008	0.492449	0.223307	0.574861	none	keep	πŒøµ¡ÿ		Healthy	0	include	0.287008	0.492449	0.223307	0.574861
train	Mixed(1)	Mixed(1).txt	3	2	Healthy	0.601664	0.212069	0.261005	0.424139	none	keep	πŒøµ¡ÿ		Healthy	0	include	0.601664	0.212069	0.261005	0.424139
train	Mixed(1)	Mixed(1).txt	4	2	Healthy	0.168831	0.130866	0.245057	0.261731	none	keep	πŒøµ¡ÿ		Healthy	0	include	0.168831	0.130866	0.245057	0.261731
train	Mixed(10)	Mixed(10).txt	1	3	Scab	0.616263	0.616218	0.534411	0.767565	none	keep	πŒøµ¡ÿ		Disease	0	include	0.616263	0.616218	0.534411	0.767565
train	Mixed(100)	Mixed(100).txt	1	2	Healthy	0.947878	0.254278	0.104245	0.209667	none	keep	πŒøµ¡ÿ	µ—¿Ã ¡ﬂ∫πµ» ªÁ¡¯¿”	Healthy	0	include	0.947878	0.254278	0.104245	0.209667
train	Mixed(100)	Mixed(100).txt	2	2	Healthy	0.688133	0.870662	0.14988	0.258676	none	keep	πŒøµ¡ÿ	µ—¿Ã ¡ﬂ∫πµ» ªÁ¡¯¿”	Healthy	0	include	0.688133	0.870662	0.14988	0.258676
train	Mixed(100)	Mixed(100).txt	3	2	Healthy	0.214534	0.83681	0.170766	0.32638	none	keep	πŒøµ¡ÿ	µ—¿Ã ¡ﬂ∫πµ» ªÁ¡¯¿”	Healthy	0	include	0.214534	0.83681	0.170766	0.32638
train	Mixed(100)	Mixed(100).txt	4	2	Healthy	0.581865	0.412625	0.138823	0.268639	none	keep	πŒøµ¡ÿ	µ—¿Ã ¡ﬂ∫πµ» ªÁ¡¯¿”	Healthy	0	include	0.581865	0.412625	0.138823	0.268639
train	Mixed(100)	Mixed(100).txt	5	2	Healthy	0.390214	0.485792	0.133906	0.23588	none	keep	πŒøµ¡ÿ	µ—¿Ã ¡ﬂ∫πµ» ªÁ¡¯¿”	Healthy	0	include	0.390214	0.485792	0.133906	0.23588
train	Mixed(100)	Mixed(100).txt	6	2	Healthy	0.18075	0.213875	0.10074	0.168176	none	keep	πŒøµ¡ÿ	µ—¿Ã ¡ﬂ∫πµ» ªÁ¡¯¿”	Healthy	0	include	0.18075	0.213875	0.10074	0.168176
train	Mixed(100)	Mixed(100).txt	7	2	Healthy	0.075708	0.082366	0.11425	0.164731	none	keep	πŒøµ¡ÿ	µ—¿Ã ¡ﬂ∫πµ» ªÁ¡¯¿”	Healthy	0	include	0.075708	0.082366	0.11425	0.164731
train	Mixed(100)	Mixed(100).txt	8	2	Healthy	0.606438	0.905606	0.079854	0.188787	none	keep	πŒøµ¡ÿ	µ—¿Ã ¡ﬂ∫πµ» ªÁ¡¯¿”	Healthy	0	include	0.606438	0.905606	0.079854	0.188787
train	Mixed(102)	Mixed(102).txt	1	2	Healthy	0.646141	0.829731	0.14251	0.325204	box_duplicate	drop	πŒøµ¡ÿ	µ—¿Ã ¡ﬂ∫πµ» ªÁ¡¯¿”	Healthy	0	exclude				
train	Mixed(102)	Mixed(102).txt	2	2	Healthy	0.923185	0.193514	0.128682	0.209861	box_duplicate	drop	πŒøµ¡ÿ	µ—¿Ã ¡ﬂ∫πµ» ªÁ¡¯¿”	Healthy	0	exclude				
train	Mixed(102)	Mixed(102).txt	3	2	Healthy	0.162771	0.78719	0.179729	0.410287	box_duplicate	drop	πŒøµ¡ÿ	µ—¿Ã ¡ﬂ∫πµ» ªÁ¡¯¿”	Healthy	0	exclude				
train	Mixed(102)	Mixed(102).txt	4	2	Healthy	0.545107	0.333426	0.13613	0.255241	box_duplicate	drop	πŒøµ¡ÿ	µ—¿Ã ¡ﬂ∫πµ» ªÁ¡¯¿”	Healthy	0	exclude				
train	Mixed(102)	Mixed(102).txt	5	2	Healthy	0.351013	0.409056	0.137193	0.251463	box_duplicate	drop	πŒøµ¡ÿ	µ—¿Ã ¡ﬂ∫πµ» ªÁ¡¯¿”	Healthy	0	exclude				
train	Mixed(102)	Mixed(102).txt	6	2	Healthy	0.1415	0.128282	0.109542	0.16638	box_duplicate	drop	πŒøµ¡ÿ	µ—¿Ã ¡ﬂ∫πµ» ªÁ¡¯¿”	Healthy	0	exclude				
train	Mixed(102)	Mixed(102).txt	7	2	Healthy	0.565312	0.846745	0.078698	0.223102	box_duplicate	drop	πŒøµ¡ÿ	µ—¿Ã ¡ﬂ∫πµ» ªÁ¡¯¿”	Healthy	0	exclude				
train	Mixed(102)	Mixed(102).txt	8	2	Healthy	0.833315	0.941333	0.072318	0.117333	box_duplicate	drop	πŒøµ¡ÿ	µ—¿Ã ¡ﬂ∫πµ» ªÁ¡¯¿”	Healthy	0	exclude				
train	Mixed(103)	Mixed(103).txt	1	2	Healthy	0.493523	0.689819	0.237161	0.544528	none	keep	πŒøµ¡ÿ		Healthy	0	include	0.493523	0.689819	0.237161	0.544528
train	Mixed(104)	Mixed(104).txt	1	2	Healthy	0.554677	0.555583	0.467948	0.813	none	keep	πŒøµ¡ÿ		Healthy	0	include	0.554677	0.555583	0.467948	0.813
train	Mixed(105)	Mixed(105).txt	1	2	Healthy	0.481292	0.519708	0.546646	0.960583	none	keep	πŒøµ¡ÿ		Healthy	0	include	0.481292	0.519708	0.546646	0.960583
train	Mixed(105)	Mixed(105).txt	2	2	Healthy	0.775888	0.306009	0.242484	0.582333	none	keep	πŒøµ¡ÿ		Healthy	0	include	0.775888	0.306009	0.242484	0.582333
train	Mixed(106)	Mixed(106).txt	1	2	Healthy	0.481294	0.490352	0.280766	0.550185	none	keep	πŒøµ¡ÿ		Healthy	0	include	0.481294	0.490352	0.280766	0.550185
train	Mixed(107)	Mixed(107).txt	1	2	Healthy	0.328081	0.902662	0.282828	0.194676	ambiguous	delete	πŒøµ¡ÿ		Healthy	0	exclude				
train	Mixed(108)	Mixed(108).txt	1	2	Healthy	0.500724	0.686875	0.371208	0.62625	none	keep	πŒøµ¡ÿ		Healthy	0	include	0.500724	0.686875	0.371208	0.62625
train	Mixed(109)	Mixed(109).txt	1	2	Healthy	0.485404	0.584301	0.373568	0.760491	none	keep	πŒøµ¡ÿ		Healthy	0	include	0.485404	0.584301	0.373568	0.760491
train	Mixed(112)	Mixed(112).txt	1	1	Anthracnose	0.513685	0.459227	0.46313	0.918454	none	keep	πŒøµ¡ÿ		Disease	0	include	0.513685	0.459227	0.46313	0.918454
train	Mixed(113)	Mixed(113).txt	1	2	Healthy	0.454974	0.714926	0.261427	0.493685	none	keep	πŒøµ¡ÿ		Healthy	0	include	0.454974	0.714926	0.261427	0.493685
train	Mixed(114)	Mixed(114).txt	1	2	Healthy	0.518971	0.612718	0.320005	0.763676	none	keep	πŒøµ¡ÿ		Healthy	0	include	0.518971	0.612718	0.320005	0.763676
train	Mixed(116)	Mixed(116).txt	1	2	Healthy	0.536214	0.31412	0.108917	0.275056	none	keep	πŒøµ¡ÿ	µ—¿Ã ¡ﬂ∫πµ» ªÁ¡¯¿”(±∏µµ∞° æ‡∞£∏∏ ¥Ÿ∏ß)	Healthy	0	include	0.536214	0.31412	0.108917	0.275056
train	Mixed(116)	Mixed(116).txt	2	2	Healthy	0.445112	0.357551	0.105859	0.246102	none	keep	πŒøµ¡ÿ	µ—¿Ã ¡ﬂ∫πµ» ªÁ¡¯¿”(±∏µµ∞° æ‡∞£∏∏ ¥Ÿ∏ß)	Healthy	0	include	0.445112	0.357551	0.105859	0.246102
train	Mixed(116)	Mixed(116).txt	3	2	Healthy	0.29599	0.938449	0.11299	0.123102	none	keep	πŒøµ¡ÿ	µ—¿Ã ¡ﬂ∫πµ» ªÁ¡¯¿”(±∏µµ∞° æ‡∞£∏∏ ¥Ÿ∏ß)	Healthy	0	include	0.29599	0.938449	0.11299	0.123102
train	Mixed(116)	Mixed(116).txt	4	2	Healthy	0.593914	0.049625	0.062766	0.09925	ambiguous	hold	πŒøµ¡ÿ	µ—¿Ã ¡ﬂ∫πµ» ªÁ¡¯¿”(±∏µµ∞° æ‡∞£∏∏ ¥Ÿ∏ß)	Healthy	0	include	0.593914	0.049625	0.062766	0.09925
train	Mixed(116)	Mixed(116).txt	5	2	Healthy	0.392674	0.024667	0.024776	0.049333	none	keep	πŒøµ¡ÿ	µ—¿Ã ¡ﬂ∫πµ» ªÁ¡¯¿”(±∏µµ∞° æ‡∞£∏∏ ¥Ÿ∏ß)	Healthy	0	include	0.392674	0.024667	0.024776	0.049333
train	Mixed(116)	Mixed(116).txt	6	2	Healthy	0.37368	0.02956	0.024224	0.05912	ambiguous	hold	πŒøµ¡ÿ	µ—¿Ã ¡ﬂ∫πµ» ªÁ¡¯¿”(±∏µµ∞° æ‡∞£∏∏ ¥Ÿ∏ß)	Healthy	0	include	0.37368	0.02956	0.024224	0.05912
train	Mixed(117)	Mixed(117).txt	1	2	Healthy	0.464453	0.578583	0.112042	0.288407	none	keep	πŒøµ¡ÿ	µ—¿Ã ¡ﬂ∫πµ» ªÁ¡¯¿”(±∏µµ∞° æ‡∞£∏∏ ¥Ÿ∏ß)	Healthy	0	include	0.464453	0.578583	0.112042	0.288407
train	Mixed(117)	Mixed(117).txt	2	2	Healthy	0.36875	0.605556	0.107375	0.255204	none	keep	πŒøµ¡ÿ	µ—¿Ã ¡ﬂ∫πµ» ªÁ¡¯¿”(±∏µµ∞° æ‡∞£∏∏ ¥Ÿ∏ß)	Healthy	0	include	0.36875	0.605556	0.107375	0.255204
train	Mixed(117)	Mixed(117).txt	3	2	Healthy	0.542547	0.291681	0.063115	0.125454	ambiguous	hold	πŒøµ¡ÿ	µ—¿Ã ¡ﬂ∫πµ» ªÁ¡¯¿”(±∏µµ∞° æ‡∞£∏∏ ¥Ÿ∏ß)	Healthy	0	include	0.542547	0.291681	0.063115	0.125454
train	Mixed(117)	Mixed(117).txt	4	2	Healthy	0.349729	0.249273	0.025344	0.053009	ambiguous	hold	πŒøµ¡ÿ	µ—¿Ã ¡ﬂ∫πµ» ªÁ¡¯¿”(±∏µµ∞° æ‡∞£∏∏ ¥Ÿ∏ß)	Healthy	0	include	0.349729	0.249273	0.025344	0.053009
train	Mixed(117)	Mixed(117).txt	5	2	Healthy	0.330346	0.251921	0.02137	0.060083	ambiguous	hold	πŒøµ¡ÿ	µ—¿Ã ¡ﬂ∫πµ» ªÁ¡¯¿”(±∏µµ∞° æ‡∞£∏∏ ¥Ÿ∏ß)	Healthy	0	include	0.330346	0.251921	0.02137	0.060083
train	Mixed(117)	Mixed(117).txt	6	2	Healthy	0.914656	0.148597	0.055521	0.116731	none	keep	πŒøµ¡ÿ	µ—¿Ã ¡ﬂ∫πµ» ªÁ¡¯¿”(±∏µµ∞° æ‡∞£∏∏ ¥Ÿ∏ß)	Healthy	0	include	0.914656	0.148597	0.055521	0.116731
train	Mixed(118)	Mixed(118).txt	1	2	Healthy	0.374083	0.814639	0.186948	0.370722	none	keep	πŒøµ¡ÿ		Healthy	0	include	0.374083	0.814639	0.186948	0.370722
train	Mixed(118)	Mixed(118).txt	2	2	Healthy	0.471951	0.184648	0.160307	0.369296	none	keep	πŒøµ¡ÿ		Healthy	0	include	0.471951	0.184648	0.160307	0.369296
train	Mixed(119)	Mixed(119).txt	1	2	Healthy	0.438503	0.618407	0.206443	0.518741	none	keep	πŒøµ¡ÿ		Healthy	0	include	0.438503	0.618407	0.206443	0.518741
train	Mixed(119)	Mixed(119).txt	2	2	Healthy	0.120768	0.745528	0.226047	0.49413	none	keep	πŒøµ¡ÿ		Healthy	0	include	0.120768	0.745528	0.226047	0.49413
train	Mixed(12)	Mixed(12).txt	1	2	Healthy	0.337589	0.632764	0.200677	0.498231	none	keep	πŒøµ¡ÿ		Healthy	0	include	0.337589	0.632764	0.200677	0.498231
train	Mixed(12)	Mixed(12).txt	2	2	Healthy	0.46849	0.506662	0.192604	0.352657	none	keep	πŒøµ¡ÿ		Healthy	0	include	0.46849	0.506662	0.192604	0.352657
train	Mixed(120)	Mixed(120).txt	1	2	Healthy	0.442542	0.633782	0.207594	0.541287	none	keep	πŒøµ¡ÿ		Healthy	0	include	0.442542	0.633782	0.207594	0.541287
train	Mixed(120)	Mixed(120).txt	2	2	Healthy	0.132302	0.767685	0.221438	0.46463	none	keep	πŒøµ¡ÿ		Healthy	0	include	0.132302	0.767685	0.221438	0.46463
train	Mixed(121)	Mixed(121).txt	1	2	Healthy	0.612656	0.49744	0.204135	0.535139	none	keep	πŒøµ¡ÿ		Healthy	0	include	0.612656	0.49744	0.204135	0.535139
train	Mixed(121)	Mixed(121).txt	2	2	Healthy	0.309333	0.663519	0.217979	0.49413	none	keep	πŒøµ¡ÿ		Healthy	0	include	0.309333	0.663519	0.217979	0.49413
train	Mixed(121)	Mixed(121).txt	3	2	Healthy	0.119615	0.618412	0.228354	0.490028	none	keep	πŒøµ¡ÿ		Healthy	0	include	0.119615	0.618412	0.228354	0.490028
train	Mixed(122)	Mixed(122).txt	1	2	Healthy	0.419036	0.858505	0.212292	0.282991	none	keep	πŒøµ¡ÿ	¡ﬂ∫πµ» ªÁ¡¯(±∏µµ∏∏ æ‡∞£ ¥Ÿ∏ß)	Healthy	0	include	0.419036	0.858505	0.212292	0.282991
train	Mixed(122)	Mixed(122).txt	2	2	Healthy	0.416995	0.438486	0.17351	0.440917	none	keep	πŒøµ¡ÿ	¡ﬂ∫πµ» ªÁ¡¯(±∏µµ∏∏ æ‡∞£ ¥Ÿ∏ß)	Healthy	0	include	0.416995	0.438486	0.17351	0.440917
train	Mixed(122)	Mixed(122).txt	3	2	Healthy	0.307279	0.154528	0.135745	0.301204	none	keep	πŒøµ¡ÿ	¡ﬂ∫πµ» ªÁ¡¯(±∏µµ∏∏ æ‡∞£ ¥Ÿ∏ß)	Healthy	0	include	0.307279	0.154528	0.135745	0.301204
train	Mixed(122)	Mixed(122).txt	4	2	Healthy	0.431284	0.099944	0.177589	0.199889	none	keep	πŒøµ¡ÿ	¡ﬂ∫πµ» ªÁ¡¯(±∏µµ∏∏ æ‡∞£ ¥Ÿ∏ß)	Healthy	0	include	0.431284	0.099944	0.177589	0.199889
train	Mixed(122)	Mixed(122).txt	5	2	Healthy	0.59918	0.065468	0.133703	0.130935	none	keep	πŒøµ¡ÿ	¡ﬂ∫πµ» ªÁ¡¯(±∏µµ∏∏ æ‡∞£ ¥Ÿ∏ß)	Healthy	0	include	0.59918	0.065468	0.133703	0.130935
train	Mixed(123)	Mixed(123).txt	1	2	Healthy	0.565497	0.145306	0.135745	0.290611	none	keep	πŒøµ¡ÿ	¡ﬂ∫πµ» ªÁ¡¯(±∏µµ∏∏ æ‡∞£ ¥Ÿ∏ß)	Healthy	0	include	0.565497	0.145306	0.135745	0.290611
train	Mixed(123)	Mixed(123).txt	2	2	Healthy	0.388927	0.594532	0.178615	0.459065	none	keep	πŒøµ¡ÿ	¡ﬂ∫πµ» ªÁ¡¯(±∏µµ∏∏ æ‡∞£ ¥Ÿ∏ß)	Healthy	0	include	0.388927	0.594532	0.178615	0.459065
train	Mixed(123)	Mixed(123).txt	3	2	Healthy	0.273596	0.295148	0.143911	0.321167	none	keep	πŒøµ¡ÿ	¡ﬂ∫πµ» ªÁ¡¯(±∏µµ∏∏ æ‡∞£ ¥Ÿ∏ß)	Healthy	0	include	0.273596	0.295148	0.143911	0.321167
train	Mixed(123)	Mixed(123).txt	4	2	Healthy	0.404747	0.226199	0.181672	0.241324	none	keep	πŒøµ¡ÿ	¡ﬂ∫πµ» ªÁ¡¯(±∏µµ∏∏ æ‡∞£ ¥Ÿ∏ß)	Healthy	0	include	0.404747	0.226199	0.181672	0.241324
train	Mixed(125)	Mixed(125).txt	1	2	Healthy	0.396039	0.578972	0.167776	0.422926	none	keep	πŒøµ¡ÿ	¡ﬂ∫πµ» ªÁ¡¯(±∏µµ∏∏ æ‡∞£ ¥Ÿ∏ß)	Healthy	0	include	0.396039	0.578972	0.167776	0.422926
train	Mixed(125)	Mixed(125).txt	2	2	Healthy	0.295247	0.297394	0.128964	0.296046	none	keep	πŒøµ¡ÿ	¡ﬂ∫πµ» ªÁ¡¯(±∏µµ∏∏ æ‡∞£ ¥Ÿ∏ß)	Healthy	0	include	0.295247	0.297394	0.128964	0.296046
train	Mixed(125)	Mixed(125).txt	3	2	Healthy	0.416698	0.245083	0.161521	0.235944	none	keep	πŒøµ¡ÿ	¡ﬂ∫πµ» ªÁ¡¯(±∏µµ∏∏ æ‡∞£ ¥Ÿ∏ß)	Healthy	0	include	0.416698	0.245083	0.161521	0.235944
train	Mixed(125)	Mixed(125).txt	4	2	Healthy	0.569453	0.184986	0.138979	0.307176	none	keep	πŒøµ¡ÿ	¡ﬂ∫πµ» ªÁ¡¯(±∏µµ∏∏ æ‡∞£ ¥Ÿ∏ß)	Healthy	0	include	0.569453	0.184986	0.138979	0.307176
train	Mixed(125)	Mixed(125).txt	5	2	Healthy	0.657096	0.074685	0.111432	0.14937	none	keep	πŒøµ¡ÿ	¡ﬂ∫πµ» ªÁ¡¯(±∏µµ∏∏ æ‡∞£ ¥Ÿ∏ß)	Healthy	0	include	0.657096	0.074685	0.111432	0.14937
train	Mixed(125)	Mixed(125).txt	6	2	Healthy	0.374753	0.927495	0.190318	0.145009	ambiguous	hold	πŒøµ¡ÿ	¡ﬂ∫πµ» ªÁ¡¯(±∏µµ∏∏ æ‡∞£ ¥Ÿ∏ß)	Healthy	0	include	0.374753	0.927495	0.190318	0.145009
train	Mixed(126)	Mixed(126).txt	1	2	Healthy	0.727411	0.39556	0.081542	0.170009	ambiguous	hold	¿Ãµø«ı		Healthy	0	include	0.727411	0.39556	0.081542	0.170009
train	Mixed(126)	Mixed(126).txt	2	2	Healthy	0.660323	0.432458	0.098594	0.188454	ambiguous	hold	¿Ãµø«ı		Healthy	0	include	0.660323	0.432458	0.098594	0.188454
train	Mixed(126)	Mixed(126).txt	3	2	Healthy	0.28699	0.633773	0.083552	0.22025	ambiguous	hold	¿Ãµø«ı		Healthy	0	include	0.28699	0.633773	0.083552	0.22025
train	Mixed(127)	Mixed(127).txt	1	2	Healthy	0.538333	0.689125	0.239667	0.516454	none	keep	¿Ãµø«ı		Healthy	0	include	0.538333	0.689125	0.239667	0.516454
train	Mixed(128)	Mixed(128).txt	1	2	Healthy	0.078911	0.133648	0.092677	0.258574	none	keep	¿Ãµø«ı		Healthy	0	include	0.078911	0.133648	0.092677	0.258574
train	Mixed(128)	Mixed(128).txt	2	2	Healthy	0.335695	0.852282	0.140297	0.295435	none	keep	¿Ãµø«ı		Healthy	0	include	0.335695	0.852282	0.140297	0.295435
train	Mixed(128)	Mixed(128).txt	3	2	Healthy	0.369159	0.532949	0.137724	0.402731	none	keep	¿Ãµø«ı		Healthy	0	include	0.369159	0.532949	0.137724	0.402731
train	Mixed(128)	Mixed(128).txt	4	2	Healthy	0.562875	0.399088	0.110698	0.281454	none	keep	¿Ãµø«ı		Healthy	0	include	0.562875	0.399088	0.110698	0.281454
train	Mixed(128)	Mixed(128).txt	5	2	Healthy	0.479854	0.412815	0.08624	0.221963	none	keep	¿Ãµø«ı		Healthy	0	include	0.479854	0.412815	0.08624	0.221963
train	Mixed(128)	Mixed(128).txt	6	2	Healthy	0.475349	0.34188	0.118417	0.267722	none	keep	¿Ãµø«ı		Healthy	0	include	0.475349	0.34188	0.118417	0.267722
train	Mixed(13)	Mixed(13).txt	1	2	Healthy	0.639406	0.254449	0.066573	0.12912	none	keep	¿Ãµø«ı		Healthy	0	include	0.639406	0.254449	0.066573	0.12912
train	Mixed(13)	Mixed(13).txt	2	2	Healthy	0.270826	0.245838	0.099255	0.197972	none	keep	¿Ãµø«ı		Healthy	0	include	0.270826	0.245838	0.099255	0.197972
train	Mixed(13)	Mixed(13).txt	3	2	Healthy	0.310773	0.546032	0.104099	0.165694	none	keep	¿Ãµø«ı		Healthy	0	include	0.310773	0.546032	0.104099	0.165694
train	Mixed(14)	Mixed(14).txt	1	2	Healthy	0.535846	0.734315	0.182776	0.517148	none	keep	¿Ãµø«ı	¡ﬂ∫πµ» ªÁ¡¯(±∏µµ∏∏ æ‡∞£ ¥Ÿ∏ß)	Healthy	0	include	0.535846	0.734315	0.182776	0.517148
train	Mixed(14)	Mixed(14).txt	2	3	Scab	0.32926	0.74919	0.122281	0.372991	class_wrong	fix	¿Ãµø«ı	ºˆ¡§ øœ∑·	Disease	0	include	0.32926	0.74919	0.122281	0.372991
train	Mixed(15)	Mixed(15).txt	1	2	Healthy	0.563984	0.539917	0.173458	0.474926	none	keep	¿Ãµø«ı	¡ﬂ∫πµ» ªÁ¡¯(±∏µµ∏∏ æ‡∞£ ¥Ÿ∏ß)	Healthy	0	include	0.563984	0.539917	0.173458	0.474926
train	Mixed(15)	Mixed(15).txt	2	3	Scab	0.36919	0.562176	0.115953	0.351241	none	keep	¿Ãµø«ı	¡ﬂ∫πµ» ªÁ¡¯(±∏µµ∏∏ æ‡∞£ ¥Ÿ∏ß)	Disease	0	include	0.36919	0.562176	0.115953	0.351241
train	Mixed(16)	Mixed(16).txt	1	2	Healthy	0.729466	0.354741	0.185099	0.480944	ambiguous	hold	¿Ãµø«ı	¡ﬂ∫πµ» ªÁ¡¯(±∏µµ∏∏ æ‡∞£ ¥Ÿ∏ß)	Healthy	0	include	0.729466	0.354741	0.185099	0.480944
train	Mixed(16)	Mixed(16).txt	2	3	Scab	0.494474	0.409653	0.121052	0.357972	ambiguous	hold	¿Ãµø«ı	¡ﬂ∫πµ» ªÁ¡¯(±∏µµ∏∏ æ‡∞£ ¥Ÿ∏ß)	Disease	0	include	0.494474	0.409653	0.121052	0.357972
train	Mixed(17)	Mixed(17).txt	1	2	Healthy	0.923706	0.129537	0.152589	0.259074	none	keep	¿Ãµø«ı		Healthy	0	include	0.923706	0.129537	0.152589	0.259074
train	Mixed(17)	Mixed(17).txt	2	2	Healthy	0.370563	0.793241	0.168813	0.413519	none	keep	¿Ãµø«ı		Healthy	0	include	0.370563	0.793241	0.168813	0.413519
train	Mixed(17)	Mixed(17).txt	3	3	Scab	0.29462	0.689278	0.036396	0.085944	class_wrong	fix	¿Ãµø«ı	ºˆ¡§ øœ∑·	Disease	0	include	0.29462	0.689278	0.036396	0.085944
train	Mixed(17)	Mixed(17).txt	4	2	Healthy	0.304648	0.060329	0.052484	0.099528	none	keep	¿Ãµø«ı		Healthy	0	include	0.304648	0.060329	0.052484	0.099528
train	Mixed(17)	Mixed(17).txt	5	2	Healthy	0.188255	0.820491	0.033656	0.06787	none	keep	¿Ãµø«ı		Healthy	0	include	0.188255	0.820491	0.033656	0.06787
train	Mixed(17)	Mixed(17).txt	6	2	Healthy	0.147042	0.874801	0.039771	0.075213	none	keep	¿Ãµø«ı		Healthy	0	include	0.147042	0.874801	0.039771	0.075213
train	Mixed(18)	Mixed(18).txt	1	2	Healthy	0.336708	0.712361	0.17124	0.487593	none	keep	¿Ãµø«ı		Healthy	0	include	0.336708	0.712361	0.17124	0.487593
train	Mixed(18)	Mixed(18).txt	2	1	Anthracnose	0.613164	0.123171	0.123755	0.246343	none	keep	¿Ãµø«ı		Disease	0	include	0.613164	0.123171	0.123755	0.246343
train	Mixed(19)	Mixed(19).txt	1	1	Anthracnose	0.273057	0.098278	0.124656	0.196556	none	keep	¿Ãµø«ı		Disease	0	include	0.273057	0.098278	0.124656	0.196556
train	Mixed(20)	Mixed(20).txt	1	2	Healthy	0.579133	0.809519	0.177141	0.380963	none	keep	¿Ãµø«ı		Healthy	0	include	0.579133	0.809519	0.177141	0.380963
train	Mixed(20)	Mixed(20).txt	2	2	Healthy	0.423336	0.718634	0.157932	0.449602	none	keep	¿Ãµø«ı		Healthy	0	include	0.423336	0.718634	0.157932	0.449602
train	Mixed(20)	Mixed(20).txt	3	2	Healthy	0.477224	0.323093	0.180344	0.485648	none	keep	¿Ãµø«ı		Healthy	0	include	0.477224	0.323093	0.180344	0.485648
train	Mixed(20)	Mixed(20).txt	4	2	Healthy	0.547651	0.530824	0.135521	0.282667	none	keep	¿Ãµø«ı		Healthy	0	include	0.547651	0.530824	0.135521	0.282667
train	Mixed(21)	Mixed(21).txt	1	2	Healthy	0.578599	0.705356	0.137656	0.366139	none	keep	¿Ãµø«ı		Healthy	0	include	0.578599	0.705356	0.137656	0.366139
train	Mixed(21)	Mixed(21).txt	2	2	Healthy	0.458013	0.592481	0.131255	0.360444	none	keep	¿Ãµø«ı		Healthy	0	include	0.458013	0.592481	0.131255	0.360444
train	Mixed(21)	Mixed(21).txt	3	2	Healthy	0.509771	0.27756	0.14726	0.379417	none	keep	¿Ãµø«ı		Healthy	0	include	0.509771	0.27756	0.14726	0.379417
train	Mixed(21)	Mixed(21).txt	4	2	Healthy	0.552453	0.464426	0.123781	0.225759	none	keep	¿Ãµø«ı		Healthy	0	include	0.552453	0.464426	0.123781	0.225759
train	Mixed(21)	Mixed(21).txt	5	2	Healthy	0.748802	0.787875	0.093906	0.212472	none	keep	¿Ãµø«ı		Healthy	0	include	0.748802	0.787875	0.093906	0.212472
train	Mixed(23)	Mixed(23).txt	1	2	Healthy	0.647958	0.953699	0.067229	0.092602	none	keep	¿Ãµø«ı		Healthy	0	include	0.647958	0.953699	0.067229	0.092602
train	Mixed(23)	Mixed(23).txt	2	2	Healthy	0.193372	0.505213	0.069359	0.174537	none	keep	¿Ãµø«ı		Healthy	0	include	0.193372	0.505213	0.069359	0.174537
train	Mixed(23)	Mixed(23).txt	3	2	Healthy	0.215247	0.398977	0.061891	0.159361	none	keep	¿Ãµø«ı		Healthy	0	include	0.215247	0.398977	0.061891	0.159361
train	Mixed(23)	Mixed(23).txt	4	2	Healthy	0.490563	0.785981	0.053354	0.151759	none	keep	¿Ãµø«ı		Healthy	0	include	0.490563	0.785981	0.053354	0.151759
train	Mixed(23)	Mixed(23).txt	5	2	Healthy	0.725326	0.133384	0.053359	0.125213	none	keep	¿Ãµø«ı		Healthy	0	include	0.725326	0.133384	0.053359	0.125213
train	Mixed(23)	Mixed(23).txt	6	2	Healthy	0.700781	0.098287	0.038417	0.081574	none	keep	¿Ãµø«ı		Healthy	0	include	0.700781	0.098287	0.038417	0.081574
train	Mixed(23)	Mixed(23).txt	7	2	Healthy	0.453211	0.210218	0.046953	0.119509	none	keep	¿Ãµø«ı		Healthy	0	include	0.453211	0.210218	0.046953	0.119509
train	Mixed(23)	Mixed(23).txt	8	2	Healthy	0.508167	0.10588	0.048021	0.10813	none	keep	¿Ãµø«ı		Healthy	0	include	0.508167	0.10588	0.048021	0.10813
train	Mixed(24)	Mixed(24).txt	1	2	Healthy	0.550318	0.91119	0.05549	0.159361	none	keep	¿Ãµø«ı		Healthy	0	include	0.550318	0.91119	0.05549	0.159361
train	Mixed(24)	Mixed(24).txt	2	2	Healthy	0.14375	0.451148	0.05976	0.153667	none	keep	¿Ãµø«ı		Healthy	0	include	0.14375	0.451148	0.05976	0.153667
train	Mixed(24)	Mixed(24).txt	3	2	Healthy	0.162427	0.350602	0.04375	0.138481	none	keep	¿Ãµø«ı		Healthy	0	include	0.162427	0.350602	0.04375	0.138481
train	Mixed(24)	Mixed(24).txt	4	2	Healthy	0.622883	0.159944	0.040547	0.098648	none	keep	¿Ãµø«ı		Healthy	0	include	0.622883	0.159944	0.040547	0.098648
train	Mixed(24)	Mixed(24).txt	5	2	Healthy	0.411596	0.72338	0.049089	0.132796	none	keep	¿Ãµø«ı		Healthy	0	include	0.411596	0.72338	0.049089	0.132796
train	Mixed(24)	Mixed(24).txt	6	2	Healthy	0.376914	0.205472	0.039484	0.106241	none	keep	¿Ãµø«ı		Healthy	0	include	0.376914	0.205472	0.039484	0.106241
train	Mixed(25)	Mixed(25).txt	1	2	Healthy	0.680949	0.569706	0.327139	0.197297	none	keep	¿Ãµø«ı		Healthy	0	include	0.680949	0.569706	0.327139	0.197297
train	Mixed(25)	Mixed(25).txt	2	3	Scab	0.338051	0.719206	0.159028	0.121286	none	keep	¿Ãµø«ı		Disease	0	include	0.338051	0.719206	0.159028	0.121286
train	Mixed(25)	Mixed(25).txt	3	3	Scab	0.061944	0.725242	0.123889	0.221172	none	keep	¿Ãµø«ı		Disease	0	include	0.061944	0.725242	0.123889	0.221172
train	Mixed(26)	Mixed(26).txt	1	3	Scab	0.611222	0.727409	0.310296	0.226109	none	keep	¿Ãµø«ı		Disease	0	include	0.611222	0.727409	0.310296	0.226109
train	Mixed(26)	Mixed(26).txt	2	3	Scab	0.858046	0.729391	0.169259	0.129583	none	keep	¿Ãµø«ı		Disease	0	include	0.858046	0.729391	0.169259	0.129583
train	Mixed(27)	Mixed(27).txt	1	3	Scab	0.443407	0.856794	0.333407	0.24112	none	keep	¿Ãµø«ı		Disease	0	include	0.443407	0.856794	0.333407	0.24112
train	Mixed(28)	Mixed(28).txt	1	2	Healthy	0.418708	0.257693	0.198009	0.128854	none	keep	¿Ãµø«ı		Healthy	0	include	0.418708	0.257693	0.198009	0.128854
train	Mixed(28)	Mixed(28).txt	2	2	Healthy	0.437153	0.323755	0.199954	0.090635	none	keep	¿Ãµø«ı		Healthy	0	include	0.437153	0.323755	0.199954	0.090635
train	Mixed(28)	Mixed(28).txt	3	2	Healthy	0.960755	0.516492	0.078491	0.093911	none	keep	¿Ãµø«ı		Healthy	0	include	0.960755	0.516492	0.078491	0.093911
train	Mixed(29)	Mixed(29).txt	1	2	Healthy	0.529306	0.255505	0.139093	0.086292	none	keep	¿Ãµø«ı		Healthy	0	include	0.529306	0.255505	0.139093	0.086292
train	Mixed(29)	Mixed(29).txt	2	2	Healthy	0.918963	0.376893	0.153407	0.089745	none	keep	¿Ãµø«ı		Healthy	0	include	0.918963	0.376893	0.153407	0.089745
train	Mixed(29)	Mixed(29).txt	3	1	Anthracnose	0.26194	0.469198	0.115028	0.058896	none	keep	¿Ãµø«ı		Disease	0	include	0.26194	0.469198	0.115028	0.058896
train	Mixed(29)	Mixed(29).txt	4	3	Scab	0.706481	0.706461	0.130556	0.082151	class_wrong	fix	¿Ãµø«ı	ºˆ¡§ øœ∑·	Disease	0	include	0.706481	0.706461	0.130556	0.082151
train	Mixed(29)	Mixed(29).txt	5	2	Healthy	0.156593	0.847734	0.061963	0.046052	none	keep	¿Ãµø«ı		Healthy	0	include	0.156593	0.847734	0.061963	0.046052
train	Mixed(29)	Mixed(29).txt	6	2	Healthy	0.365704	0.834664	0.050889	0.047297	none	keep	¿Ãµø«ı		Healthy	0	include	0.365704	0.834664	0.050889	0.047297
train	Mixed(29)	Mixed(29).txt	7	2	Healthy	0.494046	0.848357	0.055315	0.037339	none	keep	¿Ãµø«ı		Healthy	0	include	0.494046	0.848357	0.055315	0.037339
train	Mixed(3)	Mixed(3).txt	1	2	Healthy	0.518693	0.598861	0.388771	0.802278	box_missing	fix	¿Ãµø«ı	∏¡∞Ì «œ≥™ æ» ¿‚»˚	Healthy	0	include	0.518693	0.598861	0.388771	0.802278
train	Mixed(3)	Mixed(3).txt	2	2	Healthy					box_missing	add	Codex	ø¯∫ª ¿ÃπÃ¡ˆ »Æ¿Œ »ƒ ¥©∂Ù bbox √ﬂ∞° (EXIF ¡§πÊ«‚ ±‚¡ÿ)	Healthy	0	include	0.205	0.73	0.19	0.54
train	Mixed(31)	Mixed(31).txt	1	2	Healthy	0.841315	0.281349	0.192556	0.137198	none	keep	¿Ãµø«ı		Healthy	0	include	0.841315	0.281349	0.192556	0.137198
train	Mixed(31)	Mixed(31).txt	2	2	Healthy	0.67444	0.315646	0.198972	0.144417	none	keep	¿Ãµø«ı		Healthy	0	include	0.67444	0.315646	0.198972	0.144417
train	Mixed(31)	Mixed(31).txt	3	2	Healthy	0.220329	0.146862	0.182935	0.124557	none	keep	¿Ãµø«ı		Healthy	0	include	0.220329	0.146862	0.182935	0.124557
train	Mixed(31)	Mixed(31).txt	4	3	Scab	0.456704	0.704555	0.13113	0.08038	none	keep	¿Ãµø«ı		Disease	0	include	0.456704	0.704555	0.13113	0.08038
train	Mixed(31)	Mixed(31).txt	5	1	Anthracnose	0.035912	0.420372	0.071824	0.074901	none	keep	¿Ãµø«ı		Disease	0	include	0.035912	0.420372	0.071824	0.074901
train	Mixed(32)	Mixed(32).txt	1	2	Healthy	0.544833	0.177034	0.275611	0.194693	none	keep	¿Ãµø«ı		Healthy	0	include	0.544833	0.177034	0.275611	0.194693
train	Mixed(32)	Mixed(32).txt	2	2	Healthy	0.349338	0.223904	0.249972	0.180266	none	keep	¿Ãµø«ı		Healthy	0	include	0.349338	0.223904	0.249972	0.180266
train	Mixed(32)	Mixed(32).txt	3	2	Healthy	0.213134	0.806172	0.208306	0.151427	none	keep	¿Ãµø«ı		Healthy	0	include	0.213134	0.806172	0.208306	0.151427
train	Mixed(33)	Mixed(33).txt	1	2	Healthy	0.407023	0.464563	0.314065	0.232542	none	keep	¿Ãµø«ı		Healthy	0	include	0.407023	0.464563	0.314065	0.232542
train	Mixed(33)	Mixed(33).txt	2	2	Healthy	0.61213	0.378034	0.378167	0.264995	none	keep	¿Ãµø«ı		Healthy	0	include	0.61213	0.378034	0.378167	0.264995
train	Mixed(33)	Mixed(33).txt	3	2	Healthy	0.038468	0.670068	0.076935	0.088333	ambiguous	hold	¿Ãµø«ı		Healthy	0	include	0.038468	0.670068	0.076935	0.088333
train	Mixed(34)	Mixed(34).txt	1	2	Healthy	0.070514	0.394258	0.141028	0.185672	ambiguous	hold	¿Ãµø«ı		Healthy	0	include	0.070514	0.394258	0.141028	0.185672
train	Mixed(34)	Mixed(34).txt	2	1	Anthracnose	0.104176	0.79175	0.157037	0.118979	none	keep	¿Ãµø«ı		Disease	0	include	0.104176	0.79175	0.157037	0.118979
train	Mixed(34)	Mixed(34).txt	3	2	Healthy	0.807667	0.478083	0.384667	0.281219	none	keep	¿Ãµø«ı		Healthy	0	include	0.807667	0.478083	0.384667	0.281219
train	Mixed(34)	Mixed(34).txt	4	2	Healthy	0.596106	0.566417	0.34612	0.281219	none	keep	¿Ãµø«ı		Healthy	0	include	0.596106	0.566417	0.34612	0.281219
train	Mixed(36)	Mixed(36).txt	1	2	Healthy	0.44944	0.326279	0.221472	0.166099	none	keep	¿Ãµø«ı		Healthy	0	include	0.44944	0.326279	0.221472	0.166099
train	Mixed(36)	Mixed(36).txt	2	2	Healthy	0.944769	0.449258	0.110463	0.17888	none	keep	¿Ãµø«ı		Healthy	0	include	0.944769	0.449258	0.110463	0.17888
train	Mixed(36)	Mixed(36).txt	3	2	Healthy	0.202417	0.295135	0.090852	0.068677	none	keep	¿Ãµø«ı		Healthy	0	include	0.202417	0.295135	0.090852	0.068677
train	Mixed(36)	Mixed(36).txt	4	1	Anthracnose	0.595667	0.709589	0.150481	0.11499	none	keep	¿Ãµø«ı		Disease	0	include	0.595667	0.709589	0.150481	0.11499
train	Mixed(37)	Mixed(37).txt	1	1	Anthracnose	0.565852	0.589005	0.147648	0.100615	none	keep	¿Ãµø«ı		Disease	0	include	0.565852	0.589005	0.147648	0.100615
train	Mixed(37)	Mixed(37).txt	2	2	Healthy	0.416787	0.164169	0.252704	0.174089	none	keep	¿Ãµø«ı		Healthy	0	include	0.416787	0.164169	0.252704	0.174089
train	Mixed(37)	Mixed(37).txt	3	2	Healthy	0.94619	0.228852	0.10762	0.239568	ambiguous	hold	¿Ãµø«ı		Healthy	0	include	0.94619	0.228852	0.10762	0.239568
train	Mixed(38)	Mixed(38).txt	1	2	Healthy	0.604181	0.38537	0.320843	0.226792	none	keep	¿Ãµø«ı		Healthy	0	include	0.604181	0.38537	0.320843	0.226792
train	Mixed(4)	Mixed(4).txt	1	2	Healthy	0.536549	0.558412	0.453797	0.883176	none	keep	¿Ãµø«ı		Healthy	0	include	0.536549	0.558412	0.453797	0.883176
train	Mixed(4)	Mixed(4).txt	2	2	Healthy	0.161643	0.884838	0.290432	0.230324	ambiguous	hold	¿Ãµø«ı		Healthy	0	include	0.161643	0.884838	0.290432	0.230324
train	Mixed(40)	Mixed(40).txt	1	3	Scab	0.362185	0.54263	0.120148	0.09501	class_wrong	fix	¿Ãµø«ı	ºˆ¡§ øœ∑·	Disease	0	include	0.362185	0.54263	0.120148	0.09501
train	Mixed(40)	Mixed(40).txt	2	3	Scab	0.633829	0.777703	0.102731	0.067583	class_wrong	fix	¿Ãµø«ı	ºˆ¡§ øœ∑·	Disease	0	include	0.633829	0.777703	0.102731	0.067583
train	Mixed(40)	Mixed(40).txt	3	3	Scab	0.659079	0.58181	0.156713	0.106766	class_wrong	fix	¿Ãµø«ı	ºˆ¡§ øœ∑·	Disease	0	include	0.659079	0.58181	0.156713	0.106766
train	Mixed(41)	Mixed(41).txt	1	3	Scab	0.657338	0.749792	0.100991	0.070521	class_wrong	fix	¿Ãµø«ı	ºˆ¡§ øœ∑·	Disease	0	include	0.657338	0.749792	0.100991	0.070521
train	Mixed(41)	Mixed(41).txt	2	3	Scab	0.703481	0.552424	0.158463	0.114599	class_wrong	fix	¿Ãµø«ı	ºˆ¡§ øœ∑·	Disease	0	include	0.703481	0.552424	0.158463	0.114599
train	Mixed(41)	Mixed(41).txt	3	3	Scab	0.402236	0.517654	0.120157	0.092068	class_wrong	fix	¿Ãµø«ı	ºˆ¡§ øœ∑·	Disease	0	include	0.402236	0.517654	0.120157	0.092068
train	Mixed(42)	Mixed(42).txt	1	3	Scab	0.24019	0.297628	0.09512	0.076911	class_wrong	fix	¿Ãµø«ı	ºˆ¡§ øœ∑·	Disease	0	include	0.24019	0.297628	0.09512	0.076911
train	Mixed(42)	Mixed(42).txt	2	3	Scab	0.881093	0.626375	0.1515	0.105781	class_wrong	fix	¿Ãµø«ı	ºˆ¡§ øœ∑·	Disease	0	include	0.881093	0.626375	0.1515	0.105781
train	Mixed(42)	Mixed(42).txt	3	3	Scab	0.559824	0.580339	0.12537	0.09599	class_wrong	fix	¿Ãµø«ı	ºˆ¡§ øœ∑·	Disease	0	include	0.559824	0.580339	0.12537	0.09599
train	Mixed(42)	Mixed(42).txt	4	3	Scab	0.160171	0.841951	0.07238	0.049068	class_wrong	fix	¿Ãµø«ı	ºˆ¡§ øœ∑·	Disease	0	include	0.160171	0.841951	0.07238	0.049068
train	Mixed(42)	Mixed(42).txt	5	1	Anthracnose	0.786546	0.814286	0.107648	0.062635	none	keep	¿Ãµø«ı		Disease	0	include	0.786546	0.814286	0.107648	0.062635
train	Mixed(43)	Mixed(43).txt	1	2	Healthy	0.171389	0.37038	0.286833	0.160292	none	keep	¿Ãµø«ı		Healthy	0	include	0.171389	0.37038	0.286833	0.160292
train	Mixed(43)	Mixed(43).txt	2	2	Healthy	0.085227	0.70362	0.170454	0.132875	none	keep	¿Ãµø«ı		Healthy	0	include	0.085227	0.70362	0.170454	0.132875
train	Mixed(43)	Mixed(43).txt	3	2	Healthy	0.89831	0.583401	0.20338	0.305823	none	keep	¿Ãµø«ı		Healthy	0	include	0.89831	0.583401	0.20338	0.305823
train	Mixed(43)	Mixed(43).txt	4	3	Scab	0.32512	0.331362	0.279333	0.204589	none	keep	¿Ãµø«ı		Disease	0	include	0.32512	0.331362	0.279333	0.204589
train	Mixed(44)	Mixed(44).txt	1	3	Scab	0.107083	0.26794	0.214167	0.211589	none	keep	¿Ãµø«ı		Disease	0	include	0.107083	0.26794	0.214167	0.211589
train	Mixed(44)	Mixed(44).txt	2	2	Healthy	0.635921	0.493156	0.47875	0.306167	none	keep	¿Ãµø«ı		Healthy	0	include	0.635921	0.493156	0.47875	0.306167
train	Mixed(45)	Mixed(45).txt	1	2	Healthy	0.076315	0.501159	0.15263	0.122516	none	keep	¿Ãµø«ı		Healthy	0	include	0.076315	0.501159	0.15263	0.122516
train	Mixed(45)	Mixed(45).txt	2	2	Healthy	0.322444	0.139323	0.310093	0.177542	none	keep	¿Ãµø«ı		Healthy	0	include	0.322444	0.139323	0.310093	0.177542
train	Mixed(45)	Mixed(45).txt	3	3	Scab	0.493176	0.127904	0.249185	0.204536	class_wrong	fix	¿Ãµø«ı	ºˆ¡§ øœ∑·	Disease	0	include	0.493176	0.127904	0.249185	0.204536
train	Mixed(46)	Mixed(46).txt	1	2	Healthy	0.854468	0.072659	0.291065	0.145318	none	keep	¿Ãµø«ı		Healthy	0	include	0.854468	0.072659	0.291065	0.145318
train	Mixed(46)	Mixed(46).txt	2	2	Healthy	0.779722	0.277789	0.130685	0.081172	none	keep	¿Ãµø«ı		Healthy	0	include	0.779722	0.277789	0.130685	0.081172
train	Mixed(46)	Mixed(46).txt	3	2	Healthy	0.240639	0.427875	0.234148	0.139365	none	keep	¿Ãµø«ı		Healthy	0	include	0.240639	0.427875	0.234148	0.139365
train	Mixed(48)	Mixed(48).txt	1	2	Healthy	0.947148	0.514263	0.105704	0.150474	none	keep	¿Ãµø«ı		Healthy	0	include	0.947148	0.514263	0.105704	0.150474
train	Mixed(48)	Mixed(48).txt	2	2	Healthy	0.202852	0.262409	0.253907	0.136443	none	keep	¿Ãµø«ı		Healthy	0	include	0.202852	0.262409	0.253907	0.136443
train	Mixed(48)	Mixed(48).txt	3	2	Healthy	0.610079	0.596253	0.092898	0.048016	none	keep	¿Ãµø«ı		Healthy	0	include	0.610079	0.596253	0.092898	0.048016
train	Mixed(48)	Mixed(48).txt	4	2	Healthy	0.572375	0.182708	0.181361	0.099469	none	keep	¿Ãµø«ı		Healthy	0	include	0.572375	0.182708	0.181361	0.099469
train	Mixed(48)	Mixed(48).txt	5	2	Healthy	0.86369	0.480471	0.224435	0.126245	none	keep	¿Ãµø«ı		Healthy	0	include	0.86369	0.480471	0.224435	0.126245
train	Mixed(49)	Mixed(49).txt	1	2	Healthy	0.576079	0.663359	0.292009	0.20175	none	keep	¿Ãµø«ı		Healthy	0	include	0.576079	0.663359	0.292009	0.20175
train	Mixed(5)	Mixed(5).txt	1	2	Healthy	0.797099	0.565699	0.405802	0.868602	none	keep	¿Ãµø«ı		Healthy	0	include	0.797099	0.565699	0.405802	0.868602
train	Mixed(5)	Mixed(5).txt	2	2	Healthy	0.141208	0.566611	0.282417	0.866778	none	keep	¿Ãµø«ı		Healthy	0	include	0.141208	0.566611	0.282417	0.866778
train	Mixed(5)	Mixed(5).txt	3	2	Healthy	0.432154	0.868366	0.291266	0.263269	none	keep	¿Ãµø«ı		Healthy	0	include	0.432154	0.868366	0.291266	0.263269
train	Mixed(50)	Mixed(50).txt	1	2	Healthy	0.424444	0.498224	0.38537	0.288302	none	keep	¿Ãµø«ı		Healthy	0	include	0.424444	0.498224	0.38537	0.288302
train	Mixed(51)	Mixed(51).txt	1	2	Healthy	0.288671	0.39687	0.351806	0.250917	none	keep	¿Ãµø«ı		Healthy	0	include	0.288671	0.39687	0.351806	0.250917
train	Mixed(52)	Mixed(52).txt	1	3	Scab	0.696505	0.807622	0.15738	0.116266	none	keep	¿Ãµø«ı		Disease	0	include	0.696505	0.807622	0.15738	0.116266
train	Mixed(52)	Mixed(52).txt	2	3	Scab	0.452954	0.945365	0.282648	0.109271	none	keep	¿Ãµø«ı		Disease	0	include	0.452954	0.945365	0.282648	0.109271
train	Mixed(54)	Mixed(54).txt	1	2	Healthy	0.892616	0.412276	0.08212	0.054719	none	keep	¿Ãµø«ı		Healthy	0	include	0.892616	0.412276	0.08212	0.054719
train	Mixed(54)	Mixed(54).txt	2	2	Healthy	0.136829	0.505505	0.160657	0.101062	none	keep	¿Ãµø«ı		Healthy	0	include	0.136829	0.505505	0.160657	0.101062
train	Mixed(54)	Mixed(54).txt	3	3	Scab	0.434833	0.846096	0.114019	0.076766	class_wrong	fix	¿Ãµø«ı	ºˆ¡§ øœ∑·	Disease	0	include	0.434833	0.846096	0.114019	0.076766
train	Mixed(54)	Mixed(54).txt	4	3	Scab	0.94156	0.589076	0.109324	0.081995	none	keep	¿Ãµø«ı		Disease	0	include	0.94156	0.589076	0.109324	0.081995
train	Mixed(54)	Mixed(54).txt	5	3	Scab	0.668083	0.663516	0.088815	0.066052	none	keep	¿Ãµø«ı		Disease	0	include	0.668083	0.663516	0.088815	0.066052
train	Mixed(54)	Mixed(54).txt	6	3	Scab	0.401481	0.805372	0.10887	0.079422	none	keep	¿Ãµø«ı		Disease	0	include	0.401481	0.805372	0.10887	0.079422
train	Mixed(54)	Mixed(54).txt	7	2	Healthy	0.471306	0.339794	0.075796	0.050453	none	keep	¿Ãµø«ı		Healthy	0	include	0.471306	0.339794	0.075796	0.050453
train	Mixed(54)	Mixed(54).txt	8	2	Healthy	0.968097	0.184523	0.063806	0.056849	none	keep	¿Ãµø«ı		Healthy	0	include	0.968097	0.184523	0.063806	0.056849
train	Mixed(55)	Mixed(55).txt	1	3	Scab	0.522954	0.863969	0.107185	0.077635	none	keep	¿Ãµø«ı		Disease	0	include	0.522954	0.863969	0.107185	0.077635
train	Mixed(55)	Mixed(55).txt	2	3	Scab	0.754213	0.680201	0.088093	0.066901	none	keep	¿Ãµø«ı		Disease	0	include	0.754213	0.680201	0.088093	0.066901
train	Mixed(55)	Mixed(55).txt	3	3	Scab	0.495792	0.823911	0.111583	0.083417	none	keep	¿Ãµø«ı		Disease	0	include	0.495792	0.823911	0.111583	0.083417
train	Mixed(55)	Mixed(55).txt	4	2	Healthy	0.970319	0.430344	0.059361	0.056229	ambiguous	hold	¿Ãµø«ı		Healthy	0	include	0.970319	0.430344	0.059361	0.056229
train	Mixed(55)	Mixed(55).txt	5	2	Healthy	0.561449	0.360063	0.08475	0.059896	none	keep	¿Ãµø«ı		Healthy	0	include	0.561449	0.360063	0.08475	0.059896
train	Mixed(55)	Mixed(55).txt	6	2	Healthy	0.260486	0.530568	0.156454	0.100219	none	keep	¿Ãµø«ı		Healthy	0	include	0.260486	0.530568	0.156454	0.100219
train	Mixed(56)	Mixed(56).txt	1	3	Scab	0.415532	0.840422	0.46775	0.265302	none	keep	¿Ãµø«ı		Disease	0	include	0.415532	0.840422	0.46775	0.265302
train	Mixed(57)	Mixed(57).txt	1	2	Healthy	0.436097	0.594734	0.45112	0.28976	none	keep	¿Ãµø«ı		Healthy	0	include	0.436097	0.594734	0.45112	0.28976
train	Mixed(58)	Mixed(58).txt	1	2	Healthy	0.828718	0.883198	0.165009	0.11675	none	keep	¿Ãµø«ı		Healthy	0	include	0.828718	0.883198	0.165009	0.11675
train	Mixed(58)	Mixed(58).txt	2	3	Scab	0.6095	0.582523	0.548056	0.383547	none	keep	¿Ãµø«ı		Disease	0	include	0.6095	0.582523	0.548056	0.383547
train	Mixed(59)	Mixed(59).txt	1	2	Healthy	0.227329	0.387029	0.167509	0.145068	none	keep	¿Ãµø«ı		Healthy	0	include	0.227329	0.387029	0.167509	0.145068
train	Mixed(59)	Mixed(59).txt	2	2	Healthy	0.65756	0.386013	0.19162	0.171505	none	keep	¿Ãµø«ı		Healthy	0	include	0.65756	0.386013	0.19162	0.171505
train	Mixed(59)	Mixed(59).txt	3	2	Healthy	0.463699	0.935102	0.122972	0.102714	none	keep	¿Ãµø«ı		Healthy	0	include	0.463699	0.935102	0.122972	0.102714
train	Mixed(59)	Mixed(59).txt	4	2	Healthy	0.580435	0.299581	0.078333	0.063724	none	keep	¿Ãµø«ı		Healthy	0	include	0.580435	0.299581	0.078333	0.063724
train	Mixed(59)	Mixed(59).txt	5	2	Healthy	0.10862	0.294156	0.125333	0.097615	none	keep	¿Ãµø«ı		Healthy	0	include	0.10862	0.294156	0.125333	0.097615
train	Mixed(6)	Mixed(6).txt	1	2	Healthy	0.357323	0.696426	0.20825	0.557944	none	keep	¿Ãµø«ı		Healthy	0	include	0.357323	0.696426	0.20825	0.557944
train	Mixed(6)	Mixed(6).txt	2	2	Healthy	0.510336	0.389644	0.303089	0.417157	none	keep	¿Ãµø«ı		Healthy	0	include	0.510336	0.389644	0.303089	0.417157
train	Mixed(60)	Mixed(60).txt	1	2	Healthy	0.726634	0.496081	0.146398	0.138526	none	keep	¿Ãµø«ı		Healthy	0	include	0.726634	0.496081	0.146398	0.138526
train	Mixed(60)	Mixed(60).txt	2	2	Healthy	0.558352	0.405268	0.110815	0.090807	none	keep	¿Ãµø«ı		Healthy	0	include	0.558352	0.405268	0.110815	0.090807
train	Mixed(60)	Mixed(60).txt	3	2	Healthy	0.962167	0.380258	0.075667	0.066953	none	keep	¿Ãµø«ı		Healthy	0	include	0.962167	0.380258	0.075667	0.066953
train	Mixed(60)	Mixed(60).txt	4	2	Healthy	0.029148	0.426815	0.058296	0.106203	ambiguous	hold	¿Ãµø«ı		Healthy	0	include	0.029148	0.426815	0.058296	0.106203
train	Mixed(61)	Mixed(61).txt	1	2	Healthy	0.489769	0.916271	0.152	0.143219	none	keep	¿Ãµø«ı		Healthy	0	include	0.489769	0.916271	0.152	0.143219
train	Mixed(61)	Mixed(61).txt	2	2	Healthy	0.123056	0.878151	0.138074	0.126833	none	keep	¿Ãµø«ı		Healthy	0	include	0.123056	0.878151	0.138074	0.126833
train	Mixed(61)	Mixed(61).txt	3	2	Healthy	0.027009	0.755596	0.054019	0.09263	none	keep	¿Ãµø«ı		Healthy	0	include	0.027009	0.755596	0.054019	0.09263
train	Mixed(61)	Mixed(61).txt	4	2	Healthy	0.612097	0.129951	0.13925	0.079286	none	keep	¿Ãµø«ı		Healthy	0	include	0.612097	0.129951	0.13925	0.079286
train	Mixed(61)	Mixed(61).txt	5	2	Healthy	0.355671	0.200638	0.129065	0.090745	none	keep	¿Ãµø«ı		Healthy	0	include	0.355671	0.200638	0.129065	0.090745
train	Mixed(61)	Mixed(61).txt	6	2	Healthy	0.542468	0.33007	0.132454	0.053495	none	keep	¿Ãµø«ı		Healthy	0	include	0.542468	0.33007	0.132454	0.053495
train	Mixed(61)	Mixed(61).txt	7	1	Anthracnose	0.561995	0.192995	0.11038	0.11176	none	keep	¿Ãµø«ı		Disease	0	include	0.561995	0.192995	0.11038	0.11176
train	Mixed(61)	Mixed(61).txt	8	2	Healthy	0.534829	0.271326	0.11038	0.081193	none	keep	¿Ãµø«ı		Healthy	0	include	0.534829	0.271326	0.11038	0.081193
train	Mixed(62)	Mixed(62).txt	1	2	Healthy	0.457657	0.241081	0.141111	0.080172	none	keep	¿Ãµø«ı		Healthy	0	include	0.457657	0.241081	0.141111	0.080172
train	Mixed(62)	Mixed(62).txt	2	1	Anthracnose	0.406852	0.297836	0.118537	0.10637	none	keep	¿Ãµø«ı		Disease	0	include	0.406852	0.297836	0.118537	0.10637
train	Mixed(62)	Mixed(62).txt	3	2	Healthy	0.198708	0.29744	0.128417	0.091286	none	keep	¿Ãµø«ı		Healthy	0	include	0.198708	0.29744	0.128417	0.091286
train	Mixed(62)	Mixed(62).txt	4	2	Healthy	0.377926	0.371656	0.119944	0.077792	none	keep	¿Ãµø«ı		Healthy	0	include	0.377926	0.371656	0.119944	0.077792
train	Mixed(62)	Mixed(62).txt	5	2	Healthy	0.378634	0.433966	0.129824	0.064297	none	keep	¿Ãµø«ı		Healthy	0	include	0.378634	0.433966	0.129824	0.064297
train	Mixed(62)	Mixed(62).txt	6	2	Healthy	0.85931	0.905255	0.116546	0.101042	ambiguous	hold	¿Ãµø«ı		Healthy	0	include	0.85931	0.905255	0.116546	0.101042
train	Mixed(63)	Mixed(63).txt	1	2	Healthy	0.929259	0.408635	0.141481	0.176479	none	keep	¿Ãµø«ı		Healthy	0	include	0.929259	0.408635	0.141481	0.176479
train	Mixed(63)	Mixed(63).txt	2	2	Healthy	0.860287	0.457492	0.244611	0.192432	none	keep	¿Ãµø«ı		Healthy	0	include	0.860287	0.457492	0.244611	0.192432
train	Mixed(63)	Mixed(63).txt	3	2	Healthy	0.478306	0.441039	0.118759	0.097714	none	keep	¿Ãµø«ı		Healthy	0	include	0.478306	0.441039	0.118759	0.097714
train	Mixed(64)	Mixed(64).txt	1	2	Healthy	0.483606	0.428635	0.232583	0.196729	none	keep	¿Ãµø«ı		Healthy	0	include	0.483606	0.428635	0.232583	0.196729
train	Mixed(64)	Mixed(64).txt	2	3	Scab	0.694074	0.712021	0.120093	0.106708	none	keep	¿Ãµø«ı		Disease	0	include	0.694074	0.712021	0.120093	0.106708
train	Mixed(64)	Mixed(64).txt	3	2	Healthy	0.776486	0.181516	0.11888	0.08625	none	keep	¿Ãµø«ı		Healthy	0	include	0.776486	0.181516	0.11888	0.08625
train	Mixed(64)	Mixed(64).txt	4	2	Healthy	0.13731	0.418945	0.125769	0.09788	none	keep	¿Ãµø«ı		Healthy	0	include	0.13731	0.418945	0.125769	0.09788
train	Mixed(64)	Mixed(64).txt	5	2	Healthy	0.599898	0.390354	0.196407	0.174438	none	keep	¿Ãµø«ı		Healthy	0	include	0.599898	0.390354	0.196407	0.174438
train	Mixed(64)	Mixed(64).txt	6	2	Healthy	0.674843	0.516336	0.19813	0.129859	none	keep	¿Ãµø«ı		Healthy	0	include	0.674843	0.516336	0.19813	0.129859
train	Mixed(65)	Mixed(65).txt	1	3	Scab	0.511903	0.607404	0.128694	0.105484	none	keep	¿Ãµø«ı		Disease	0	include	0.511903	0.607404	0.128694	0.105484
train	Mixed(65)	Mixed(65).txt	2	2	Healthy	0.363903	0.221138	0.215102	0.193391	none	keep	¿Ãµø«ı		Healthy	0	include	0.363903	0.221138	0.215102	0.193391
train	Mixed(65)	Mixed(65).txt	3	2	Healthy	0.180051	0.236703	0.262917	0.214177	none	keep	¿Ãµø«ı		Healthy	0	include	0.180051	0.236703	0.262917	0.214177
train	Mixed(65)	Mixed(65).txt	4	2	Healthy	0.47881	0.385055	0.205917	0.130307	none	keep	¿Ãµø«ı		Healthy	0	include	0.47881	0.385055	0.205917	0.130307
train	Mixed(65)	Mixed(65).txt	5	2	Healthy	0.592125	0.039578	0.160435	0.079156	none	keep	¿Ãµø«ı		Healthy	0	include	0.592125	0.039578	0.160435	0.079156
train	Mixed(66)	Mixed(66).txt	1	2	Healthy	0.631759	0.803849	0.136463	0.120615	none	keep	¿Ãµø«ı		Healthy	0	include	0.631759	0.803849	0.136463	0.120615
train	Mixed(67)	Mixed(67).txt	1	2	Healthy	0.191301	0.145276	0.157935	0.128198	none	keep	¿Ãµø«ı		Healthy	0	include	0.191301	0.145276	0.157935	0.128198
train	Mixed(67)	Mixed(67).txt	2	2	Healthy	0.532162	0.19307	0.119954	0.118078	none	keep	¿Ãµø«ı		Healthy	0	include	0.532162	0.19307	0.119954	0.118078
train	Mixed(67)	Mixed(67).txt	3	2	Healthy	0.648111	0.204878	0.099963	0.096714	none	keep	¿Ãµø«ı		Healthy	0	include	0.648111	0.204878	0.099963	0.096714
train	Mixed(68)	Mixed(68).txt	1	2	Healthy	0.219926	0.937479	0.139889	0.112281	none	keep	¿Ãµø«ı		Healthy	0	include	0.219926	0.937479	0.139889	0.112281
train	Mixed(68)	Mixed(68).txt	2	1	Anthracnose	0.366644	0.689414	0.12625	0.09788	none	keep	¿Ãµø«ı		Disease	0	include	0.366644	0.689414	0.12625	0.09788
train	Mixed(68)	Mixed(68).txt	3	1	Anthracnose	0.842236	0.78006	0.107194	0.078203	none	keep	¿Ãµø«ı		Disease	0	include	0.842236	0.78006	0.107194	0.078203
train	Mixed(68)	Mixed(68).txt	4	2	Healthy	0.510806	0.956984	0.124537	0.086031	none	keep	¿Ãµø«ı		Healthy	0	include	0.510806	0.956984	0.124537	0.086031
train	Mixed(68)	Mixed(68).txt	5	1	Anthracnose	0.786125	0.813979	0.112231	0.098927	none	keep	¿Ãµø«ı		Disease	0	include	0.786125	0.813979	0.112231	0.098927
train	Mixed(68)	Mixed(68).txt	6	1	Anthracnose	0.271069	0.800786	0.170843	0.132844	none	keep	¿Ãµø«ı		Disease	0	include	0.271069	0.800786	0.170843	0.132844
train	Mixed(68)	Mixed(68).txt	7	1	Anthracnose	0.327181	0.913375	0.135676	0.128135	none	keep	¿Ãµø«ı		Disease	0	include	0.327181	0.913375	0.135676	0.128135
train	Mixed(69)	Mixed(69).txt	1	1	Anthracnose	0.701949	0.880391	0.130787	0.0965	none	keep	¿Ãµø«ı		Disease	0	include	0.701949	0.880391	0.130787	0.0965
train	Mixed(69)	Mixed(69).txt	2	1	Anthracnose	0.553329	0.608573	0.13588	0.091719	none	keep	¿Ãµø«ı		Disease	0	include	0.553329	0.608573	0.13588	0.091719
train	Mixed(69)	Mixed(69).txt	3	1	Anthracnose	0.960106	0.730867	0.079787	0.091724	none	keep	¿Ãµø«ı		Disease	0	include	0.960106	0.730867	0.079787	0.091724
train	Mixed(69)	Mixed(69).txt	4	1	Anthracnose	0.465856	0.726568	0.154565	0.130896	none	keep	¿Ãµø«ı		Disease	0	include	0.465856	0.726568	0.154565	0.130896
train	Mixed(69)	Mixed(69).txt	5	1	Anthracnose	0.518514	0.833096	0.137583	0.114651	none	keep	¿Ãµø«ı		Disease	0	include	0.518514	0.833096	0.137583	0.114651
train	Mixed(69)	Mixed(69).txt	6	1	Anthracnose	0.406407	0.854594	0.140981	0.111781	none	keep	¿Ãµø«ı		Disease	0	include	0.406407	0.854594	0.140981	0.111781
train	Mixed(7)	Mixed(7).txt	1	1	Anthracnose	0.887266	0.104167	0.140344	0.208333	none	keep	¿Ãµø«ı		Disease	0	include	0.887266	0.104167	0.140344	0.208333
train	Mixed(7)	Mixed(7).txt	2	2	Healthy	0.729836	0.54031	0.06712	0.186583	none	keep	¿Ãµø«ı		Healthy	0	include	0.729836	0.54031	0.06712	0.186583
train	Mixed(7)	Mixed(7).txt	3	2	Healthy	0.686513	0.532713	0.073224	0.184407	none	keep	¿Ãµø«ı		Healthy	0	include	0.686513	0.532713	0.073224	0.184407
train	Mixed(7)	Mixed(7).txt	4	2	Healthy	0.549219	0.787509	0.255062	0.424981	none	keep	¿Ãµø«ı		Healthy	0	include	0.549219	0.787509	0.255062	0.424981
train	Mixed(7)	Mixed(7).txt	5	2	Healthy	0.213005	0.860319	0.205021	0.266861	none	keep	¿Ãµø«ı		Healthy	0	include	0.213005	0.860319	0.205021	0.266861
train	Mixed(7)	Mixed(7).txt	6	2	Healthy	0.06318	0.820056	0.126359	0.359889	none	keep	¿Ãµø«ı		Healthy	0	include	0.06318	0.820056	0.126359	0.359889
train	Mixed(7)	Mixed(7).txt	7	2	Healthy	0.74875	0.069468	0.070781	0.138935	none	keep	¿Ãµø«ı		Healthy	0	include	0.74875	0.069468	0.070781	0.138935
train	Mixed(70)	Mixed(70).txt	1	1	Anthracnose	0.76056	0.890357	0.137731	0.114557	none	keep	¿Ãµø«ı		Disease	0	include	0.76056	0.890357	0.137731	0.114557
train	Mixed(70)	Mixed(70).txt	2	1	Anthracnose	0.438287	0.355966	0.093407	0.07963	none	keep	¿Ãµø«ı		Disease	0	include	0.438287	0.355966	0.093407	0.07963
train	Mixed(70)	Mixed(70).txt	3	1	Anthracnose	0.812361	0.668523	0.137741	0.094693	none	keep	¿Ãµø«ı		Disease	0	include	0.812361	0.668523	0.137741	0.094693
train	Mixed(70)	Mixed(70).txt	4	1	Anthracnose	0.726421	0.78838	0.154213	0.127802	none	keep	¿Ãµø«ı		Disease	0	include	0.726421	0.78838	0.154213	0.127802
train	Mixed(70)	Mixed(70).txt	5	1	Anthracnose	0.648134	0.911547	0.138917	0.115885	none	keep	¿Ãµø«ı		Disease	0	include	0.648134	0.911547	0.138917	0.115885
train	Mixed(70)	Mixed(70).txt	6	1	Anthracnose	0.937995	0.943727	0.124009	0.096609	none	keep	¿Ãµø«ı		Disease	0	include	0.937995	0.943727	0.124009	0.096609
train	Mixed(71)	Mixed(71).txt	1	2	Healthy	0.039986	0.544273	0.064102	0.046589	none	keep	¿Ãµø«ı		Healthy	0	include	0.039986	0.544273	0.064102	0.046589
train	Mixed(71)	Mixed(71).txt	2	1	Anthracnose	0.927579	0.394737	0.100083	0.079255	none	keep	¿Ãµø«ı		Disease	0	include	0.927579	0.394737	0.100083	0.079255
train	Mixed(73)	Mixed(73).txt	1	3	Scab	0.422731	0.48513	0.216907	0.171417	ambiguous	hold	¿Ãµø«ı	¥©∂Ù ∏¡∞Ì ¿÷¿Ω(1∞≥)	Disease	0	include	0.422731	0.48513	0.216907	0.171417
train	Mixed(73)	Mixed(73).txt	2	1	Anthracnose	0.14706	0.095021	0.086602	0.069938	ambiguous	hold	¿Ãµø«ı	Scab¿∏∑Œ ∫∏¿”	Disease	0	include	0.14706	0.095021	0.086602	0.069938
train	Mixed(73)	Mixed(73).txt	3	3	Scab	0.32862	0.777544	0.215111	0.193599	ambiguous	hold	¿Ãµø«ı		Disease	0	include	0.32862	0.777544	0.215111	0.193599
train	Mixed(73)	Mixed(73).txt	4	3	Scab	0.521324	0.647471	0.188222	0.159318	ambiguous	hold	¿Ãµø«ı		Disease	0	include	0.521324	0.647471	0.188222	0.159318
train	Mixed(73)	Mixed(73).txt	5	3	Scab	0.394051	0.630833	0.238417	0.154271	ambiguous	hold	¿Ãµø«ı		Disease	0	include	0.394051	0.630833	0.238417	0.154271
train	Mixed(73)	Mixed(73).txt	6	3	Scab	0.224653	0.566805	0.265306	0.235953	ambiguous	hold	¿Ãµø«ı		Disease	0	include	0.224653	0.566805	0.265306	0.235953
train	Mixed(74)	Mixed(74).txt	1	3	Scab	0.802245	0.817635	0.221861	0.15075	none	keep	¿Ãµø«ı		Disease	0	include	0.802245	0.817635	0.221861	0.15075
train	Mixed(74)	Mixed(74).txt	2	3	Scab	0.825245	0.669344	0.257972	0.159333	none	keep	¿Ãµø«ı		Disease	0	include	0.825245	0.669344	0.257972	0.159333
train	Mixed(74)	Mixed(74).txt	3	3	Scab	0.811329	0.563357	0.209917	0.137995	none	keep	¿Ãµø«ı		Disease	0	include	0.811329	0.563357	0.209917	0.137995
train	Mixed(74)	Mixed(74).txt	4	3	Scab	0.904968	0.825667	0.190065	0.164344	none	keep	¿Ãµø«ı		Disease	0	include	0.904968	0.825667	0.190065	0.164344
train	Mixed(74)	Mixed(74).txt	5	3	Scab	0.751722	0.940945	0.208685	0.118109	none	keep	¿Ãµø«ı		Disease	0	include	0.751722	0.940945	0.208685	0.118109
train	Mixed(74)	Mixed(74).txt	6	3	Scab	0.693042	0.784198	0.268731	0.23276	none	keep	¿Ãµø«ı		Disease	0	include	0.693042	0.784198	0.268731	0.23276
train	Mixed(76)	Mixed(76).txt	1	1	Anthracnose	0.223829	0.615737	0.132102	0.101109	none	keep	¿Ãµø«ı		Disease	0	include	0.223829	0.615737	0.132102	0.101109
train	Mixed(76)	Mixed(76).txt	2	1	Anthracnose	0.534602	0.617562	0.177593	0.160802	none	keep	¿Ãµø«ı		Disease	0	include	0.534602	0.617562	0.177593	0.160802
train	Mixed(76)	Mixed(76).txt	3	1	Anthracnose	0.375426	0.721719	0.110444	0.093802	none	keep	¿Ãµø«ı		Disease	0	include	0.375426	0.721719	0.110444	0.093802
train	Mixed(76)	Mixed(76).txt	4	1	Anthracnose	0.272556	0.585281	0.112611	0.110854	none	keep	¿Ãµø«ı		Disease	0	include	0.272556	0.585281	0.112611	0.110854
train	Mixed(76)	Mixed(76).txt	5	1	Anthracnose	0.378671	0.765573	0.138602	0.069437	none	keep	¿Ãµø«ı		Disease	0	include	0.378671	0.765573	0.138602	0.069437
train	Mixed(76)	Mixed(76).txt	6	1	Anthracnose	0.5725	0.415953	0.236056	0.183948	class_wrong	fix	¿Ãµø«ı	ºˆ¡§ øœ∑·	Disease	0	include	0.5725	0.415953	0.236056	0.183948
train	Mixed(76)	Mixed(76).txt	7	1	Anthracnose	0.189176	0.315453	0.119111	0.092583	class_wrong	fix	¿Ãµø«ı	ºˆ¡§ øœ∑·	Disease	0	include	0.189176	0.315453	0.119111	0.092583
train	Mixed(76)	Mixed(76).txt	8	1	Anthracnose	0.739255	0.328854	0.097454	0.063344	class_wrong	fix	¿Ãµø«ı	ºˆ¡§ øœ∑·	Disease	0	include	0.739255	0.328854	0.097454	0.063344
train	Mixed(77)	Mixed(77).txt	1	2	Healthy	0.317968	0.184396	0.119065	0.084833	none	keep	¿Ãµø«ı		Healthy	0	include	0.317968	0.184396	0.119065	0.084833
train	Mixed(77)	Mixed(77).txt	2	2	Healthy	0.768042	0.219667	0.082546	0.066083	none	keep	¿Ãµø«ı		Healthy	0	include	0.768042	0.219667	0.082546	0.066083
train	Mixed(79)	Mixed(79).txt	1	2	Healthy	0.321241	0.284523	0.072667	0.056599	none	keep	¿Ãµø«ı	¥©∂Ù ∏¡∞Ì ¿÷¿Ω 7∞≥	Healthy	0	include	0.321241	0.284523	0.072667	0.056599
train	Mixed(79)	Mixed(79).txt	2	2	Healthy	0.650491	0.509346	0.078259	0.053453	none	keep	¿Ãµø«ı		Healthy	0	include	0.650491	0.509346	0.078259	0.053453
train	Mixed(79)	Mixed(79).txt	3	2	Healthy	0.950523	0.665901	0.098954	0.075385	none	keep	¿Ãµø«ı		Healthy	0	include	0.950523	0.665901	0.098954	0.075385
train	Mixed(79)	Mixed(79).txt	4	1	Anthracnose	0.585088	0.506513	0.070435	0.056599	none	keep	¿Ãµø«ı		Disease	0	include	0.585088	0.506513	0.070435	0.056599
train	Mixed(8)	Mixed(8).txt	1	2	Healthy	0.577544	0.130231	0.065589	0.162222	none	keep	¿Ãµø«ı		Healthy	0	include	0.577544	0.130231	0.065589	0.162222
train	Mixed(8)	Mixed(8).txt	2	2	Healthy	0.630299	0.800843	0.185349	0.398315	none	keep	¿Ãµø«ı		Healthy	0	include	0.630299	0.800843	0.185349	0.398315
train	Mixed(8)	Mixed(8).txt	3	2	Healthy	0.449227	0.454671	0.248078	0.527213	none	keep	¿Ãµø«ı		Healthy	0	include	0.449227	0.454671	0.248078	0.527213
train	Mixed(8)	Mixed(8).txt	4	2	Healthy	0.132711	0.467343	0.205307	0.278815	none	keep	¿Ãµø«ı		Healthy	0	include	0.132711	0.467343	0.205307	0.278815
train	Mixed(8)	Mixed(8).txt	5	2	Healthy	0.029284	0.448333	0.058568	0.418222	none	keep	¿Ãµø«ı		Healthy	0	include	0.029284	0.448333	0.058568	0.418222
train	Mixed(8)	Mixed(8).txt	6	2	Healthy	0.628159	0.255699	0.075568	0.195176	none	keep	¿Ãµø«ı		Healthy	0	include	0.628159	0.255699	0.075568	0.195176
train	Mixed(8)	Mixed(8).txt	7	2	Healthy	0.253185	0.193597	0.069859	0.152083	none	keep	¿Ãµø«ı		Healthy	0	include	0.253185	0.193597	0.069859	0.152083
train	Mixed(8)	Mixed(8).txt	8	2	Healthy	0.671643	0.254431	0.05988	0.192639	none	keep	¿Ãµø«ı		Healthy	0	include	0.671643	0.254431	0.05988	0.192639
train	Mixed(80)	Mixed(80).txt	1	2	Healthy	0.765583	0.717586	0.083963	0.067307	none	keep	¿Ãµø«ı	¥©∂Ù ∏¡∞Ì ¿÷¿Ω 4∞≥	Healthy	0	include	0.765583	0.717586	0.083963	0.067307
train	Mixed(80)	Mixed(80).txt	2	2	Healthy	0.459088	0.563779	0.079769	0.052547	none	keep	¿Ãµø«ı		Healthy	0	include	0.459088	0.563779	0.079769	0.052547
train	Mixed(80)	Mixed(80).txt	3	2	Healthy	0.53519	0.509461	0.057731	0.03838	none	keep	¿Ãµø«ı		Healthy	0	include	0.53519	0.509461	0.057731	0.03838
train	Mixed(80)	Mixed(80).txt	4	2	Healthy	0.551981	0.596844	0.072426	0.053729	none	keep	¿Ãµø«ı		Healthy	0	include	0.551981	0.596844	0.072426	0.053729
train	Mixed(80)	Mixed(80).txt	5	2	Healthy	0.518394	0.540164	0.06612	0.046641	none	keep	¿Ãµø«ı		Healthy	0	include	0.518394	0.540164	0.06612	0.046641
train	Mixed(80)	Mixed(80).txt	6	1	Anthracnose	0.393491	0.566732	0.072426	0.05963	none	keep	¿Ãµø«ı		Disease	0	include	0.393491	0.566732	0.072426	0.05963
train	Mixed(80)	Mixed(80).txt	7	2	Healthy	0.843782	0.565552	0.082917	0.076167	none	keep	¿Ãµø«ı		Healthy	0	include	0.843782	0.565552	0.082917	0.076167
train	Mixed(83)	Mixed(83).txt	1	2	Healthy	0.694935	0.56587	0.057093	0.044042	none	keep	¿Ãµø«ı		Healthy	0	include	0.694935	0.56587	0.057093	0.044042
train	Mixed(83)	Mixed(83).txt	2	3	Scab	0.851194	0.709641	0.158907	0.126323	none	keep	¿Ãµø«ı		Disease	0	include	0.851194	0.709641	0.158907	0.126323
train	Mixed(83)	Mixed(83).txt	3	2	Healthy	0.867083	0.922969	0.122889	0.078656	none	keep	¿Ãµø«ı		Healthy	0	include	0.867083	0.922969	0.122889	0.078656
train	Mixed(83)	Mixed(83).txt	4	2	Healthy	0.292037	0.480997	0.158222	0.14038	none	keep	¿Ãµø«ı		Healthy	0	include	0.292037	0.480997	0.158222	0.14038
train	Mixed(83)	Mixed(83).txt	5	2	Healthy	0.59706	0.503938	0.13212	0.116521	none	keep	¿Ãµø«ı		Healthy	0	include	0.59706	0.503938	0.13212	0.116521
train	Mixed(85)	Mixed(85).txt	1	3	Scab	0.341764	0.640401	0.059972	0.040292	none	keep	¿Ãµø«ı		Disease	0	include	0.341764	0.640401	0.059972	0.040292
train	Mixed(85)	Mixed(85).txt	2	2	Healthy	0.529889	0.918565	0.108333	0.076172	none	keep	¿Ãµø«ı		Healthy	0	include	0.529889	0.918565	0.108333	0.076172
train	Mixed(85)	Mixed(85).txt	3	2	Healthy	0.386435	0.566266	0.058426	0.04175	none	keep	¿Ãµø«ı		Healthy	0	include	0.386435	0.566266	0.058426	0.04175
train	Mixed(85)	Mixed(85).txt	4	2	Healthy	0.389593	0.484549	0.093167	0.077276	none	keep	¿Ãµø«ı		Healthy	0	include	0.389593	0.484549	0.093167	0.077276
train	Mixed(85)	Mixed(85).txt	5	2	Healthy	0.25063	0.505422	0.146852	0.115469	none	keep	¿Ãµø«ı		Healthy	0	include	0.25063	0.505422	0.146852	0.115469
train	Mixed(85)	Mixed(85).txt	6	3	Scab	0.500838	0.707862	0.151583	0.122745	none	keep	¿Ãµø«ı		Disease	0	include	0.500838	0.707862	0.151583	0.122745
train	Mixed(85)	Mixed(85).txt	7	3	Scab	0.745708	0.911188	0.088287	0.079646	none	keep	¿Ãµø«ı		Disease	0	include	0.745708	0.911188	0.088287	0.079646
train	Mixed(86)	Mixed(86).txt	1	2	Healthy	0.129549	0.504426	0.075193	0.116315	none	keep	¿Ãµø«ı		Healthy	0	include	0.129549	0.504426	0.075193	0.116315
train	Mixed(86)	Mixed(86).txt	2	2	Healthy	0.952695	0.367282	0.094609	0.394083	ambiguous	hold	¿Ãµø«ı		Healthy	0	include	0.952695	0.367282	0.094609	0.394083
train	Mixed(86)	Mixed(86).txt	3	2	Healthy	0.936583	0.625949	0.126833	0.407972	ambiguous	hold	¿Ãµø«ı		Healthy	0	include	0.936583	0.625949	0.126833	0.407972
train	Mixed(86)	Mixed(86).txt	4	2	Healthy	0.435198	0.721398	0.430646	0.557204	none	keep	¿Ãµø«ı		Healthy	0	include	0.435198	0.721398	0.430646	0.557204
train	Mixed(86)	Mixed(86).txt	5	2	Healthy	0.277003	0.467102	0.182609	0.270815	none	keep	¿Ãµø«ı		Healthy	0	include	0.277003	0.467102	0.182609	0.270815
train	Mixed(87)	Mixed(87).txt	1	2	Healthy	0.472794	0.526995	0.261703	0.616287	none	keep	¿Ãµø«ı		Healthy	0	include	0.472794	0.526995	0.261703	0.616287
train	Mixed(88)	Mixed(88).txt	1	1	Anthracnose	0.350906	0.336509	0.406594	0.647704	class_wrong	fix	¿Ãµø«ı	ºˆ¡§ øœ∑·	Disease	0	include	0.350906	0.336509	0.406594	0.647704
train	Mixed(90)	Mixed(90).txt	1	2	Healthy	0.861419	0.390764	0.128693	0.281861	none	keep	¿Ãµø«ı		Healthy	0	include	0.861419	0.390764	0.128693	0.281861
train	Mixed(90)	Mixed(90).txt	2	2	Healthy	0.372383	0.399917	0.171932	0.428296	none	keep	¿Ãµø«ı		Healthy	0	include	0.372383	0.399917	0.171932	0.428296
train	Mixed(90)	Mixed(90).txt	3	2	Healthy	0.979357	0.400829	0.041286	0.17388	ambiguous	hold	¿Ãµø«ı		Healthy	0	include	0.979357	0.400829	0.041286	0.17388
train	Mixed(90)	Mixed(90).txt	4	2	Healthy	0.487177	0.725713	0.177083	0.439278	none	keep	¿Ãµø«ı		Healthy	0	include	0.487177	0.725713	0.177083	0.439278
train	Mixed(90)	Mixed(90).txt	5	2	Healthy	0.288237	0.532745	0.034505	0.08788	none	keep	¿Ãµø«ı		Healthy	0	include	0.288237	0.532745	0.034505	0.08788
train	Mixed(90)	Mixed(90).txt	6	2	Healthy	0.271477	0.49013	0.004172	0.002833	ambiguous	hold	¿Ãµø«ı		Healthy	0	include	0.271477	0.49013	0.004172	0.002833
train	Mixed(92)	Mixed(92).txt	1	1	Anthracnose	0.659768	0.519852	0.122016	0.238222	none	keep	¿Ãµø«ı		Disease	0	include	0.659768	0.519852	0.122016	0.238222
train	Mixed(92)	Mixed(92).txt	2	2	Healthy	0.441341	0.480153	0.190651	0.410583	none	keep	¿Ãµø«ı		Healthy	0	include	0.441341	0.480153	0.190651	0.410583
train	Mixed(96)	Mixed(96).txt	1	2	Healthy	0.870479	0.679079	0.259042	0.574417	none	keep	¿Ãµø«ı		Healthy	0	include	0.870479	0.679079	0.259042	0.574417
train	Mixed(96)	Mixed(96).txt	2	2	Healthy	0.454096	0.482514	0.310818	0.626824	none	keep	¿Ãµø«ı		Healthy	0	include	0.454096	0.482514	0.310818	0.626824
train	Mixed(96)	Mixed(96).txt	3	2	Healthy	0.540094	0.207949	0.288708	0.415898	none	keep	¿Ãµø«ı		Healthy	0	include	0.540094	0.207949	0.288708	0.415898
train	Mixed(96)	Mixed(96).txt	4	2	Healthy	0.100807	0.396241	0.201615	0.655222	none	keep	¿Ãµø«ı		Healthy	0	include	0.100807	0.396241	0.201615	0.655222
train	Mixed(97)	Mixed(97).txt	1	2	Healthy	0.93682	0.777838	0.126359	0.444324	none	keep	¿Ãµø«ı		Healthy	0	include	0.93682	0.777838	0.126359	0.444324
train	Mixed(97)	Mixed(97).txt	2	2	Healthy	0.785802	0.728222	0.244479	0.511074	none	keep	¿Ãµø«ı		Healthy	0	include	0.785802	0.728222	0.244479	0.511074
train	Mixed(97)	Mixed(97).txt	3	2	Healthy	0.400654	0.56769	0.272734	0.561306	none	keep	¿Ãµø«ı		Healthy	0	include	0.400654	0.56769	0.272734	0.561306
train	Mixed(97)	Mixed(97).txt	4	1	Anthracnose	0.481125	0.248819	0.251854	0.487046	class_wrong	fix	¿Ãµø«ı	ºˆ¡§ øœ∑·	Disease	0	include	0.481125	0.248819	0.251854	0.487046
train	Mixed(97)	Mixed(97).txt	5	2	Healthy	0.089146	0.493435	0.178292	0.583148	none	keep	¿Ãµø«ı		Healthy	0	include	0.089146	0.493435	0.178292	0.583148
train	Mixed(98)	Mixed(98).txt	1	2	Healthy	0.863201	0.754907	0.249391	0.490185	none	keep	¿Ãµø«ı		Healthy	0	include	0.863201	0.754907	0.249391	0.490185
train	Mixed(98)	Mixed(98).txt	2	2	Healthy	0.661721	0.699824	0.234651	0.506704	none	keep	¿Ãµø«ı		Healthy	0	include	0.661721	0.699824	0.234651	0.506704
train	Mixed(98)	Mixed(98).txt	3	2	Healthy	0.288859	0.546944	0.289938	0.537278	none	keep	¿Ãµø«ı		Healthy	0	include	0.288859	0.546944	0.289938	0.537278
train	Mixed(98)	Mixed(98).txt	4	1	Anthracnose	0.374857	0.237435	0.255536	0.47487	class_wrong	fix	¿Ãµø«ı	ºˆ¡§ øœ∑·	Disease	0	include	0.374857	0.237435	0.255536	0.47487
train	Mixed(98)	Mixed(98).txt	5	2	Healthy	0.455326	0.736958	0.055286	0.117935	none	keep	¿Ãµø«ı		Healthy	0	include	0.455326	0.736958	0.055286	0.117935
train	Mixed(98)	Mixed(98).txt	6	2	Healthy	0.832487	0.043051	0.084766	0.086102	ambiguous	hold	¿Ãµø«ı		Healthy	0	include	0.832487	0.043051	0.084766	0.086102
train	Scab (10)	Scab (10).txt	1	3	Scab	0.534277	0.677617	0.418247	0.360043	none	keep	¿Ãµø«ı		Disease	0	include	0.534277	0.677617	0.418247	0.360043
train	Scab (100)	Scab (100).txt	1	3	Scab	0.527778	0.6148	0.350116	0.401476	none	keep	¿Ãµø«ı		Disease	0	include	0.527778	0.6148	0.350116	0.401476
train	Scab (101)	Scab (101).txt	1	3	Scab	0.491609	0.720052	0.607639	0.559896	none	keep	¿Ãµø«ı		Disease	0	include	0.491609	0.720052	0.607639	0.559896
train	Scab (102)	Scab (102).txt	1	3	Scab	0.481481	0.659288	0.558449	0.642361	none	keep	¿Ãµø«ı		Disease	0	include	0.481481	0.659288	0.558449	0.642361
train	Scab (103)	Scab (103).txt	1	3	Scab	0.469907	0.561632	0.668403	0.555556	none	keep	¿Ãµø«ı		Disease	0	include	0.469907	0.561632	0.668403	0.555556
train	Scab (105)	Scab (105).txt	1	3	Scab	0.491609	0.652778	0.538194	0.442708	none	keep	¿Ãµø«ı		Disease	0	include	0.491609	0.652778	0.538194	0.442708
train	Scab (108)	Scab (108).txt	1	3	Scab	0.487269	0.491102	0.471644	0.384115	none	keep	¿Ãµø«ı		Disease	0	include	0.487269	0.491102	0.471644	0.384115
train	Scab (109)	Scab (109).txt	1	3	Scab	0.511863	0.644097	0.625	0.538194	none	keep	¿Ãµø«ı		Disease	0	include	0.511863	0.644097	0.625	0.538194
train	Scab (11)	Scab (11).txt	1	3	Scab	0.539352	0.674479	0.350116	0.451389	none	keep	¿Ãµø«ı		Disease	0	include	0.539352	0.674479	0.350116	0.451389
train	Scab (110)	Scab (110).txt	1	3	Scab	0.597222	0.651693	0.760995	0.583767	none	keep	¿Ãµø«ı		Disease	0	include	0.597222	0.651693	0.760995	0.583767
train	Scab (111)	Scab (111).txt	1	3	Scab	0.55816	0.628906	0.729167	0.659722	none	keep	¿Ãµø«ı		Disease	0	include	0.55816	0.628906	0.729167	0.659722
train	Scab (113)	Scab (113).txt	1	3	Scab	0.5693	0.722222	0.8614	0.555556	none	keep	¿Ãµø«ı		Disease	0	include	0.5693	0.722222	0.8614	0.555556
train	Scab (114)	Scab (114).txt	1	3	Scab	0.637297	0.517144	0.725405	0.653212	none	keep	¿Ãµø«ı		Disease	0	include	0.637297	0.517144	0.725405	0.653212
train	Scab (114)	Scab (114).txt	2	3	Scab	0.190828	0.468533	0.381655	0.937066	none	keep	¿Ãµø«ı		Disease	0	include	0.190828	0.468533	0.381655	0.937066
train	Scab (115)	Scab (115).txt	1	3	Scab	0.409144	0.724392	0.749421	0.551215	none	keep	¿Ãµø«ı		Disease	0	include	0.409144	0.724392	0.749421	0.551215
train	Scab (116)	Scab (116).txt	1	3	Scab	0.488715	0.667969	0.56713	0.47309	none	keep	¿Ãµø«ı		Disease	0	include	0.488715	0.667969	0.56713	0.47309
train	Scab (118)	Scab (118).txt	1	3	Scab	0.46412	0.661458	0.859375	0.646701	none	keep	¿Ãµø«ı		Disease	0	include	0.46412	0.661458	0.859375	0.646701
train	Scab (119)	Scab (119).txt	1	3	Scab	0.407697	0.578993	0.659722	0.555556	none	keep	¿Ãµø«ı		Disease	0	include	0.407697	0.578993	0.659722	0.555556
train	Scab (120)	Scab (120).txt	1	3	Scab	0.545139	0.721137	0.500579	0.47526	none	keep	¿Ãµø«ı		Disease	0	include	0.545139	0.721137	0.500579	0.47526
train	Scab (120)	Scab (120).txt	2	3	Scab	0.689815	0.259983	0.257523	0.221354	none	keep	¿Ãµø«ı		Disease	0	include	0.689815	0.259983	0.257523	0.221354
train	Scab (121)	Scab (121).txt	1	3	Scab	0.478588	0.620226	0.88831	0.759549	none	keep	¿Ãµø«ı		Disease	0	include	0.478588	0.620226	0.88831	0.759549
train	Scab (123)	Scab (123).txt	1	3	Scab	0.472801	0.632161	0.720486	0.570747	none	keep	¿Ãµø«ı		Disease	0	include	0.472801	0.632161	0.720486	0.570747
train	Scab (125)	Scab (125).txt	1	3	Scab	0.493056	0.664714	0.691551	0.588108	none	keep	¿Ãµø«ı		Disease	0	include	0.493056	0.664714	0.691551	0.588108
train	Scab (127)	Scab (127).txt	1	3	Scab	0.51331	0.627821	0.593171	0.588108	none	keep	¿Ãµø«ı		Disease	0	include	0.51331	0.627821	0.593171	0.588108
train	Scab (128)	Scab (128).txt	1	3	Scab	0.724537	0.570312	0.442708	0.416667	none	keep	¿Ãµø«ı		Disease	0	include	0.724537	0.570312	0.442708	0.416667
train	Scab (128)	Scab (128).txt	2	3	Scab	0.273293	0.637587	0.546586	0.551215	none	keep	¿Ãµø«ı		Disease	0	include	0.273293	0.637587	0.546586	0.551215
train	Scab (129)	Scab (129).txt	1	3	Scab	0.448206	0.632161	0.717593	0.588108	none	keep	¿Ãµø«ı		Disease	0	include	0.448206	0.632161	0.717593	0.588108
train	Scab (13)	Scab (13).txt	1	3	Scab	0.530671	0.659288	0.622106	0.572917	none	keep	¿Ãµø«ı		Disease	0	include	0.530671	0.659288	0.622106	0.572917
train	Scab (130)	Scab (130).txt	1	3	Scab	0.56684	0.571398	0.509259	0.46658	none	keep	¿Ãµø«ı		Disease	0	include	0.56684	0.571398	0.509259	0.46658
train	Scab (130)	Scab (130).txt	2	2	Healthy	0.467014	0.254774	0.454282	0.509549	class_wrong	fix	¿Ãµø«ı	ºˆ¡§ øœ∑·	Healthy	0	include	0.467014	0.254774	0.454282	0.509549
train	Scab (131)	Scab (131).txt	1	3	Scab	0.527778	0.468967	0.743634	0.696615	none	keep	¿Ãµø«ı		Disease	0	include	0.527778	0.468967	0.743634	0.696615
train	Scab (132)	Scab (132).txt	1	3	Scab	0.514757	0.67296	0.572917	0.46658	none	keep	¿Ãµø«ı		Disease	0	include	0.514757	0.67296	0.572917	0.46658
train	Scab (132)	Scab (132).txt	2	3	Scab	0.40191	0.228082	0.324074	0.249566	none	keep	¿Ãµø«ı		Disease	0	include	0.40191	0.228082	0.324074	0.249566
train	Scab (133)	Scab (133).txt	1	3	Scab	0.452546	0.641493	0.529514	0.477431	none	keep	¿Ãµø«ı		Disease	0	include	0.452546	0.641493	0.529514	0.477431
train	Scab (135)	Scab (135).txt	1	3	Scab	0.484375	0.665365	0.500579	0.47309	none	keep	¿Ãµø«ı		Disease	0	include	0.484375	0.665365	0.500579	0.47309
train	Scab (136)	Scab (136).txt	1	3	Scab	0.458333	0.656684	0.593171	0.611979	none	keep	¿Ãµø«ı		Disease	0	include	0.458333	0.656684	0.593171	0.611979
train	Scab (137)	Scab (137).txt	1	3	Scab	0.527778	0.629557	0.593171	0.596788	none	keep	¿Ãµø«ı		Disease	0	include	0.527778	0.629557	0.593171	0.596788
train	Scab (138)	Scab (138).txt	1	3	Scab	0.516204	0.694878	0.67419	0.610243	none	keep	¿Ãµø«ı		Disease	0	include	0.516204	0.694878	0.67419	0.610243
train	Scab (139)	Scab (139).txt	1	3	Scab	0.32827	0.58724	0.656539	0.529514	none	keep	¿Ãµø«ı		Disease	0	include	0.32827	0.58724	0.656539	0.529514
train	Scab (14)	Scab (14).txt	1	3	Scab	0.469907	0.605686	0.512153	0.388455	none	keep	¿Ãµø«ı		Disease	0	include	0.469907	0.605686	0.512153	0.388455
train	Scab (140)	Scab (140).txt	1	3	Scab	0.4511	0.500434	0.677083	0.62934	none	keep	¿Ãµø«ı		Disease	0	include	0.4511	0.500434	0.677083	0.62934
train	Scab (141)	Scab (141).txt	1	3	Scab	0.61169	0.719618	0.57581	0.520833	none	keep	¿Ãµø«ı		Disease	0	include	0.61169	0.719618	0.57581	0.520833
train	Scab (142)	Scab (142).txt	1	3	Scab	0.474248	0.727214	0.52662	0.488281	none	keep	¿Ãµø«ı		Disease	0	include	0.474248	0.727214	0.52662	0.488281
train	Scab (143)	Scab (143).txt	1	3	Scab	0.456272	0.435402	0.634766	0.763889	none	keep	¿Ãµø«ı		Disease	0	include	0.456272	0.435402	0.634766	0.763889
train	Scab (144)	Scab (144).txt	1	3	Scab	0.439525	0.732639	0.503472	0.429688	none	keep	¿Ãµø«ı		Disease	0	include	0.439525	0.732639	0.503472	0.429688
train	Scab (147)	Scab (147).txt	1	3	Scab	0.653646	0.425564	0.353009	0.253906	none	keep	¿Ãµø«ı		Disease	0	include	0.653646	0.425564	0.353009	0.253906
train	Scab (147)	Scab (147).txt	2	3	Scab	0.400463	0.568793	0.379051	0.262587	none	keep	¿Ãµø«ı		Disease	0	include	0.400463	0.568793	0.379051	0.262587
train	Scab (148)	Scab (148).txt	1	3	Scab	0.458333	0.612196	0.344329	0.353733	none	keep	¿Ãµø«ı		Disease	0	include	0.458333	0.612196	0.344329	0.353733
train	Scab (149)	Scab (149).txt	1	3	Scab	0.45544	0.644748	0.564236	0.562066	none	keep	¿Ãµø«ı		Disease	0	include	0.45544	0.644748	0.564236	0.562066
train	Scab (15)	Scab (15).txt	1	3	Scab	0.530671	0.697917	0.413773	0.373264	none	keep	¿Ãµø«ı		Disease	0	include	0.530671	0.697917	0.413773	0.373264
train	Scab (150)	Scab (150).txt	1	3	Scab	0.51331	0.586155	0.436921	0.388455	none	keep	¿Ãµø«ı		Disease	0	include	0.51331	0.586155	0.436921	0.388455
train	Scab (151)	Scab (151).txt	1	3	Scab	0.452546	0.506944	0.523727	0.412326	none	keep	¿Ãµø«ı		Disease	0	include	0.452546	0.506944	0.523727	0.412326
train	Scab (152)	Scab (152).txt	1	3	Scab	0.500289	0.559028	0.451389	0.381944	none	keep	¿Ãµø«ı		Disease	0	include	0.500289	0.559028	0.451389	0.381944
train	Scab (154)	Scab (154).txt	1	3	Scab	0.482928	0.716363	0.491898	0.457899	none	keep	¿Ãµø«ı		Disease	0	include	0.482928	0.716363	0.491898	0.457899
train	Scab (155)	Scab (155).txt	1	3	Scab	0.462674	0.66862	0.381944	0.31467	none	keep	¿Ãµø«ı		Disease	0	include	0.462674	0.66862	0.381944	0.31467
train	Scab (155)	Scab (155).txt	2	3	Scab	0.808015	0.175347	0.38397	0.350694	none	keep	¿Ãµø«ı		Disease	0	include	0.808015	0.175347	0.38397	0.350694
train	Scab (156)	Scab (156).txt	1	3	Scab	0.472801	0.581814	0.396412	0.279948	none	keep	¿Ãµø«ı		Disease	0	include	0.472801	0.581814	0.396412	0.279948
train	Scab (157)	Scab (157).txt	1	3	Scab	0.409144	0.592665	0.691551	0.570747	none	keep	¿Ãµø«ı		Disease	0	include	0.409144	0.592665	0.691551	0.570747
train	Scab (158)	Scab (158).txt	1	3	Scab	0.45544	0.654514	0.448495	0.407986	none	keep	¿Ãµø«ı		Disease	0	include	0.45544	0.654514	0.448495	0.407986
train	Scab (159)	Scab (159).txt	1	3	Scab	0.46412	0.685981	0.546875	0.423177	none	keep	¿Ãµø«ı		Disease	0	include	0.46412	0.685981	0.546875	0.423177
train	Scab (16)	Scab (16).txt	1	3	Scab	0.484375	0.629557	0.460069	0.410156	none	keep	¿Ãµø«ı		Disease	0	include	0.484375	0.629557	0.460069	0.410156
train	Scab (16)	Scab (16).txt	2	3	Scab	0.177807	0.557943	0.355613	0.366753	none	keep	¿Ãµø«ı		Disease	0	include	0.177807	0.557943	0.355613	0.366753
train	Scab (160)	Scab (160).txt	1	3	Scab	0.519097	0.637153	0.332755	0.286458	none	keep	¿Ãµø«ı		Disease	0	include	0.519097	0.637153	0.332755	0.286458
train	Scab (161)	Scab (161).txt	1	3	Scab	0.419271	0.67296	0.543981	0.449219	none	keep	¿Ãµø«ı		Disease	0	include	0.419271	0.67296	0.543981	0.449219
train	Scab (162)	Scab (162).txt	1	3	Scab	0.493056	0.59592	0.489005	0.403646	none	keep	¿Ãµø«ı		Disease	0	include	0.493056	0.59592	0.489005	0.403646
train	Scab (163)	Scab (163).txt	1	3	Scab	0.45978	0.623047	0.486111	0.444878	none	keep	¿Ãµø«ı		Disease	0	include	0.45978	0.623047	0.486111	0.444878
train	Scab (165)	Scab (165).txt	1	3	Scab	0.50463	0.606771	0.407986	0.373264	none	keep	¿Ãµø«ı		Disease	0	include	0.50463	0.606771	0.407986	0.373264
train	Scab (166)	Scab (166).txt	1	3	Scab	0.443866	0.681641	0.656829	0.614149	none	keep	¿Ãµø«ı		Disease	0	include	0.443866	0.681641	0.656829	0.614149
train	Scab (167)	Scab (167).txt	1	3	Scab	0.51331	0.623047	0.795718	0.592448	none	keep	¿Ãµø«ı		Disease	0	include	0.51331	0.623047	0.795718	0.592448
train	Scab (167)	Scab (167).txt	2	3	Scab	0.17202	0.44184	0.344039	0.434028	none	keep	¿Ãµø«ı		Disease	0	include	0.17202	0.44184	0.344039	0.434028
train	Scab (168)	Scab (168).txt	1	3	Scab	0.598669	0.736111	0.740741	0.527778	none	keep	¿Ãµø«ı		Disease	0	include	0.598669	0.736111	0.740741	0.527778
train	Scab (169)	Scab (169).txt	1	3	Scab	0.41059	0.568793	0.711806	0.518663	none	keep	¿Ãµø«ı		Disease	0	include	0.41059	0.568793	0.711806	0.518663
train	Scab (169)	Scab (169).txt	2	3	Scab	0.501302	0.22526	0.997396	0.450521	none	keep	¿Ãµø«ı		Disease	0	include	0.501302	0.22526	0.997396	0.450521
train	Scab (169)	Scab (169).txt	3	3	Scab	0.112703	0.180773	0.225405	0.361545	none	keep	¿Ãµø«ı		Disease	0	include	0.112703	0.180773	0.225405	0.361545
train	Scab (17)	Scab (17).txt	1	3	Scab	0.399016	0.742405	0.636574	0.514323	none	keep	¿Ãµø«ı		Disease	0	include	0.399016	0.742405	0.636574	0.514323
train	Scab (17)	Scab (17).txt	2	3	Scab	0.523438	0.383247	0.474537	0.325521	none	keep	¿Ãµø«ı		Disease	0	include	0.523438	0.383247	0.474537	0.325521
train	Scab (170)	Scab (170).txt	1	3	Scab	0.494502	0.725043	0.486111	0.427517	none	keep	¿Ãµø«ı		Disease	0	include	0.494502	0.725043	0.486111	0.427517
train	Scab (171)	Scab (171).txt	1	3	Scab	0.438079	0.566623	0.57581	0.405816	none	keep	¿Ãµø«ı		Disease	0	include	0.438079	0.566623	0.57581	0.405816
train	Scab (172)	Scab (172).txt	1	3	Scab	0.498843	0.687066	0.541088	0.486111	none	keep	¿Ãµø«ı		Disease	0	include	0.498843	0.687066	0.541088	0.486111
train	Scab (174)	Scab (174).txt	1	3	Scab	0.497396	0.594835	0.520833	0.414497	none	keep	¿Ãµø«ı		Disease	0	include	0.497396	0.594835	0.520833	0.414497
train	Scab (177)	Scab (177).txt	1	3	Scab	0.453993	0.637153	0.636574	0.525174	none	keep	¿Ãµø«ı		Disease	0	include	0.453993	0.637153	0.636574	0.525174
train	Scab (179)	Scab (179).txt	1	3	Scab	0.435185	0.71875	0.766782	0.5625	none	keep	¿Ãµø«ı		Disease	0	include	0.435185	0.71875	0.766782	0.5625
train	Scab (18)	Scab (18).txt	1	3	Scab	0.453993	0.576389	0.68287	0.520833	none	keep	¿Ãµø«ı		Disease	0	include	0.453993	0.576389	0.68287	0.520833
train	Scab (180)	Scab (180).txt	1	3	Scab	0.542245	0.742622	0.604745	0.514757	none	keep	¿Ãµø«ı		Disease	0	include	0.542245	0.742622	0.604745	0.514757
train	Scab (181)	Scab (181).txt	1	3	Scab	0.427951	0.676215	0.758102	0.538194	none	keep	¿Ãµø«ı		Disease	0	include	0.427951	0.676215	0.758102	0.538194
train	Scab (182)	Scab (182).txt	1	3	Scab	0.429398	0.699002	0.593171	0.488281	none	keep	¿Ãµø«ı		Disease	0	include	0.429398	0.699002	0.593171	0.488281
train	Scab (184)	Scab (184).txt	1	2	Healthy	0.141059	0.680628	0.282118	0.512153	class_wrong	fix	¿Ãµø«ı	ºˆ¡§ øœ∑·	Healthy	0	include	0.141059	0.680628	0.282118	0.512153
train	Scab (184)	Scab (184).txt	2	3	Scab	0.381402	0.498336	0.286458	0.512153	none	keep	¿Ãµø«ı		Disease	0	include	0.381402	0.498336	0.286458	0.512153
train	Scab (185)	Scab (185).txt	1	3	Scab	0.469907	0.731554	0.610532	0.509983	none	keep	¿Ãµø«ı		Disease	0	include	0.469907	0.731554	0.610532	0.509983
train	Scab (187)	Scab (187).txt	1	3	Scab	0.390336	0.696832	0.549769	0.444878	none	keep	¿Ãµø«ı		Disease	0	include	0.390336	0.696832	0.549769	0.444878
train	Scab (188)	Scab (188).txt	1	3	Scab	0.500289	0.610026	0.630787	0.509983	none	keep	¿Ãµø«ı		Disease	0	include	0.500289	0.610026	0.630787	0.509983
train	Scab (19)	Scab (19).txt	1	3	Scab	0.430845	0.577474	0.636574	0.527344	none	keep	¿Ãµø«ı		Disease	0	include	0.430845	0.577474	0.636574	0.527344
train	Scab (190)	Scab (190).txt	1	3	Scab	0.393229	0.649089	0.555556	0.523003	none	keep	¿Ãµø«ı		Disease	0	include	0.393229	0.649089	0.555556	0.523003
train	Scab (190)	Scab (190).txt	2	3	Scab	0.088108	0.51454	0.176215	0.388455	ambiguous	hold	¿Ãµø«ı	¡§ªÛ¿Œ¡ˆ Scab¿Œ¡ˆ ∆«¥‹ æ» µ 	Disease	0	include	0.088108	0.51454	0.176215	0.388455
train	Scab (192)	Scab (192).txt	1	3	Scab	0.462674	0.651259	0.630787	0.62283	none	keep	¿Ãµø«ı		Disease	0	include	0.462674	0.651259	0.630787	0.62283
train	Scab (193)	Scab (193).txt	1	3	Scab	0.293403	0.770833	0.552662	0.458333	none	keep	¿Ãµø«ı		Disease	0	include	0.293403	0.770833	0.552662	0.458333
train	Scab (193)	Scab (193).txt	2	3	Scab	0.755932	0.588325	0.488137	0.401476	none	keep	¿Ãµø«ı		Disease	0	include	0.755932	0.588325	0.488137	0.401476
train	Scab (194)	Scab (194).txt	1	3	Scab	0.595775	0.701172	0.619213	0.527344	none	keep	¿Ãµø«ı		Disease	0	include	0.595775	0.701172	0.619213	0.527344
train	Scab (195)	Scab (195).txt	1	3	Scab	0.484375	0.528646	0.807292	0.633681	none	keep	¿Ãµø«ı		Disease	0	include	0.484375	0.528646	0.807292	0.633681
train	Scab (196)	Scab (196).txt	1	3	Scab	0.51765	0.646918	0.520833	0.457899	none	keep	¿Ãµø«ı		Disease	0	include	0.51765	0.646918	0.520833	0.457899
train	Scab (197)	Scab (197).txt	1	3	Scab	0.521991	0.74566	0.477431	0.407986	none	keep	¿Ãµø«ı		Disease	0	include	0.521991	0.74566	0.477431	0.407986
train	Scab (197)	Scab (197).txt	2	3	Scab	0.326678	0.223741	0.462963	0.384115	none	keep	¿Ãµø«ı		Disease	0	include	0.326678	0.223741	0.462963	0.384115
train	Scab (198)	Scab (198).txt	1	3	Scab	0.414931	0.755642	0.558449	0.488715	none	keep	¿Ãµø«ı		Disease	0	include	0.414931	0.755642	0.558449	0.488715
train	Scab (198)	Scab (198).txt	2	3	Scab	0.224103	0.337674	0.448206	0.520833	none	keep	¿Ãµø«ı		Disease	0	include	0.224103	0.337674	0.448206	0.520833
train	Scab (199)	Scab (199).txt	1	3	Scab	0.422164	0.687066	0.578704	0.568576	none	keep	¿Ãµø«ı		Disease	0	include	0.422164	0.687066	0.578704	0.568576
train	Scab (199)	Scab (199).txt	2	3	Scab	0.642072	0.933594	0.480324	0.132812	none	keep	¿Ãµø«ı		Disease	0	include	0.642072	0.933594	0.480324	0.132812
train	Scab (2)	Scab (2).txt	1	3	Scab	0.529225	0.689453	0.538194	0.621094	none	keep	¿Ãµø«ı		Disease	0	include	0.529225	0.689453	0.538194	0.621094
train	Scab (2)	Scab (2).txt	2	3	Scab	0.633391	0.263889	0.451389	0.442708	none	keep	¿Ãµø«ı		Disease	0	include	0.633391	0.263889	0.451389	0.442708
train	Scab (20)	Scab (20).txt	1	3	Scab	0.413484	0.544922	0.399306	0.436198	none	keep	¿Ãµø«ı		Disease	0	include	0.413484	0.544922	0.399306	0.436198
train	Scab (21)	Scab (21).txt	1	3	Scab	0.497396	0.634983	0.584491	0.494792	none	keep	¿Ãµø«ı		Disease	0	include	0.497396	0.634983	0.584491	0.494792
train	Scab (22)	Scab (22).txt	1	3	Scab	0.535012	0.569878	0.474537	0.481771	none	keep	¿Ãµø«ı		Disease	0	include	0.535012	0.569878	0.474537	0.481771
train	Scab (23)	Scab (23).txt	1	3	Scab	0.691461	0.214048	0.327148	0.412326	none	keep	¿Ãµø«ı		Disease	0	include	0.691461	0.214048	0.327148	0.412326
train	Scab (23)	Scab (23).txt	2	3	Scab	0.64426	0.538484	0.480143	0.575087	none	keep	¿Ãµø«ı		Disease	0	include	0.64426	0.538484	0.480143	0.575087
train	Scab (24)	Scab (24).txt	1	3	Scab	0.490162	0.601345	0.570023	0.557726	none	keep	¿Ãµø«ı		Disease	0	include	0.490162	0.601345	0.570023	0.557726
train	Scab (25)	Scab (25).txt	1	3	Scab	0.458333	0.680556	0.541088	0.512153	none	keep	¿Ãµø«ı		Disease	0	include	0.458333	0.680556	0.541088	0.512153
train	Scab (25)	Scab (25).txt	2	3	Scab	0.702836	0.705512	0.300926	0.392795	ambiguous	hold	¿Ãµø«ı	∞°∑¡¡Æ ∆«¥‹ ∫“∞°	Disease	0	include	0.702836	0.705512	0.300926	0.392795
train	Scab (25)	Scab (25).txt	3	3	Scab	0.786748	0.440755	0.208333	0.167101	ambiguous	hold	¿Ãµø«ı	∞°∑¡¡Æ ∆«¥‹ ∫“∞°	Disease	0	include	0.786748	0.440755	0.208333	0.167101
train	Scab (27)	Scab (27).txt	1	3	Scab	0.427951	0.607856	0.810185	0.62717	none	keep	¿Ãµø«ı		Disease	0	include	0.427951	0.607856	0.810185	0.62717
train	Scab (28)	Scab (28).txt	1	3	Scab	0.575521	0.694661	0.41088	0.31901	none	keep	¿Ãµø«ı		Disease	0	include	0.575521	0.694661	0.41088	0.31901
train	Scab (28)	Scab (28).txt	2	3	Scab	0.253038	0.616536	0.506076	0.414497	ambiguous	hold	¿Ãµø«ı	∆«¥‹ ∫“∞°	Disease	0	include	0.253038	0.616536	0.506076	0.414497
train	Scab (3)	Scab (3).txt	1	3	Scab	0.497396	0.701172	0.422454	0.501302	none	keep	¿Ãµø«ı		Disease	0	include	0.497396	0.701172	0.422454	0.501302
train	Scab (30)	Scab (30).txt	1	3	Scab	0.510417	0.590495	0.581597	0.536024	none	keep	¿Ãµø«ı		Disease	0	include	0.510417	0.590495	0.581597	0.536024
train	Scab (31)	Scab (31).txt	1	3	Scab	0.578414	0.627387	0.416667	0.323351	none	keep	¿Ãµø«ı		Disease	0	include	0.578414	0.627387	0.416667	0.323351
train	Scab (33)	Scab (33).txt	1	3	Scab	0.336806	0.66645	0.506366	0.483941	none	keep	¿Ãµø«ı		Disease	0	include	0.336806	0.66645	0.506366	0.483941
train	Scab (34)	Scab (34).txt	1	3	Scab	0.344039	0.220486	0.092593	0.091146	ambiguous	hold	¿Ãµø«ı	∞°∑¡¡Æ ∆«¥‹ ∫“∞°	Disease	0	include	0.344039	0.220486	0.092593	0.091146
train	Scab (34)	Scab (34).txt	2	3	Scab	0.527778	0.59375	0.350116	0.303819	none	keep	¿Ãµø«ı		Disease	0	include	0.527778	0.59375	0.350116	0.303819
train	Scab (34)	Scab (34).txt	3	3	Scab	0.193576	0.280165	0.092593	0.075955	ambiguous	hold	¿Ãµø«ı	∞°∑¡¡Æ ∆«¥‹ ∫“∞°	Disease	0	include	0.193576	0.280165	0.092593	0.075955
train	Scab (36)	Scab (36).txt	1	3	Scab	0.491609	0.639323	0.439815	0.355903	none	keep	¿Ãµø«ı		Disease	0	include	0.491609	0.639323	0.439815	0.355903
train	Scab (37)	Scab (37).txt	1	3	Scab	0.73622	0.485315	0.485026	0.659722	none	keep	¿Ãµø«ı		Disease	0	include	0.73622	0.485315	0.485026	0.659722
train	Scab (38)	Scab (38).txt	1	3	Scab	0.626157	0.688151	0.460069	0.427517	none	keep	¿Ãµø«ı		Disease	0	include	0.626157	0.688151	0.460069	0.427517
train	Scab (38)	Scab (38).txt	2	3	Scab	0.789641	0.326823	0.167824	0.143229	none	keep	¿Ãµø«ı		Disease	0	include	0.789641	0.326823	0.167824	0.143229
train	Scab (39)	Scab (39).txt	1	3	Scab	0.527778	0.75217	0.581597	0.412326	none	keep	¿Ãµø«ı		Disease	0	include	0.527778	0.75217	0.581597	0.412326
train	Scab (4)	Scab (4).txt	1	3	Scab	0.498843	0.633898	0.350116	0.410156	none	keep	¿Ãµø«ı		Disease	0	include	0.498843	0.633898	0.350116	0.410156
train	Scab (40)	Scab (40).txt	1	3	Scab	0.498843	0.563368	0.656829	0.651042	none	keep	¿Ãµø«ı		Disease	0	include	0.498843	0.563368	0.656829	0.651042
train	Scab (41)	Scab (41).txt	1	3	Scab	0.416377	0.687283	0.769676	0.625434	none	keep	¿Ãµø«ı		Disease	0	include	0.416377	0.687283	0.769676	0.625434
train	Scab (42)	Scab (42).txt	1	3	Scab	0.506076	0.615451	0.416667	0.421007	none	keep	¿Ãµø«ı		Disease	0	include	0.506076	0.615451	0.416667	0.421007
train	Scab (43)	Scab (43).txt	1	3	Scab	0.417824	0.491753	0.627894	0.533854	none	keep	¿Ãµø«ı		Disease	0	include	0.417824	0.491753	0.627894	0.533854
train	Scab (44)	Scab (44).txt	1	3	Scab	0.786748	0.172092	0.364583	0.344184	none	keep	¿Ãµø«ı		Disease	0	include	0.786748	0.172092	0.364583	0.344184
train	Scab (44)	Scab (44).txt	2	3	Scab	0.540799	0.699002	0.439815	0.405816	none	keep	¿Ãµø«ı		Disease	0	include	0.540799	0.699002	0.439815	0.405816
train	Scab (45)	Scab (45).txt	1	3	Scab	0.468461	0.640408	0.457176	0.440538	none	keep	¿Ãµø«ı		Disease	0	include	0.468461	0.640408	0.457176	0.440538
train	Scab (46)	Scab (46).txt	1	3	Scab	0.514757	0.663194	0.619213	0.494792	none	keep	¿Ãµø«ı		Disease	0	include	0.514757	0.663194	0.619213	0.494792
train	Scab (47)	Scab (47).txt	1	3	Scab	0.555266	0.60026	0.376157	0.390625	none	keep	¿Ãµø«ı		Disease	0	include	0.555266	0.60026	0.376157	0.390625
train	Scab (48)	Scab (48).txt	1	3	Scab	0.407697	0.580729	0.543981	0.477431	none	keep	¿Ãµø«ı		Disease	0	include	0.407697	0.580729	0.543981	0.477431
train	Scab (49)	Scab (49).txt	1	3	Scab	0.904948	0.590495	0.190104	0.171441	none	keep	¿Ãµø«ı		Disease	0	include	0.904948	0.590495	0.190104	0.171441
train	Scab (49)	Scab (49).txt	2	3	Scab	0.61603	0.407118	0.138889	0.121528	none	keep	¿Ãµø«ı		Disease	0	include	0.61603	0.407118	0.138889	0.121528
train	Scab (49)	Scab (49).txt	3	2	Healthy	0.808449	0.21072	0.211227	0.201823	class_wrong	hold	¿Ãµø«ı	ºˆ¡§ øœ∑·	Healthy	0	include	0.808449	0.21072	0.211227	0.201823
train	Scab (49)	Scab (49).txt	4	3	Scab	0.222512	0.291016	0.150463	0.128038	none	keep	¿Ãµø«ı		Disease	0	include	0.222512	0.291016	0.150463	0.128038
train	Scab (49)	Scab (49).txt	5	3	Scab	0.377315	0.640408	0.321181	0.292969	none	keep	¿Ãµø«ı		Disease	0	include	0.377315	0.640408	0.321181	0.292969
train	Scab (49)	Scab (49).txt	6	3	Scab	0.662326	0.674045	0.416667	0.351562	none	keep	¿Ãµø«ı		Disease	0	include	0.662326	0.674045	0.416667	0.351562
train	Scab (5)	Scab (5).txt	1	3	Scab	0.553819	0.649089	0.338542	0.436198	none	keep	¿Ãµø«ı		Disease	0	include	0.553819	0.649089	0.338542	0.436198
train	Scab (50)	Scab (50).txt	1	3	Scab	0.678241	0.87283	0.442708	0.25434	none	keep	¿Ãµø«ı		Disease	0	include	0.678241	0.87283	0.442708	0.25434
train	Scab (50)	Scab (50).txt	2	3	Scab	0.487269	0.688151	0.541088	0.457899	none	keep	¿Ãµø«ı		Disease	0	include	0.487269	0.688151	0.541088	0.457899
train	Scab (51)	Scab (51).txt	1	3	Scab	0.449653	0.637153	0.396412	0.355903	none	keep	¿Ãµø«ı		Disease	0	include	0.449653	0.637153	0.396412	0.355903
train	Scab (52)	Scab (52).txt	1	3	Scab	0.571181	0.599175	0.546875	0.575087	none	keep	¿Ãµø«ı		Disease	0	include	0.571181	0.599175	0.546875	0.575087
train	Scab (52)	Scab (52).txt	2	2	Healthy	0.432292	0.200304	0.610532	0.400608	class_wrong	hold	¿Ãµø«ı	ºˆ¡§ øœ∑·	Healthy	0	include	0.432292	0.200304	0.610532	0.400608
train	Scab (53)	Scab (53).txt	1	3	Scab	0.553819	0.757595	0.546875	0.46224	none	keep	¿Ãµø«ı		Disease	0	include	0.553819	0.757595	0.546875	0.46224
train	Scab (53)	Scab (53).txt	2	3	Scab	0.167679	0.59375	0.335359	0.616319	none	keep	¿Ãµø«ı		Disease	0	include	0.167679	0.59375	0.335359	0.616319
train	Scab (55)	Scab (55).txt	1	3	Scab	0.555266	0.787977	0.393519	0.266927	none	keep	¿Ãµø«ı		Disease	0	include	0.555266	0.787977	0.393519	0.266927
train	Scab (55)	Scab (55).txt	2	3	Scab	0.477141	0.52322	0.41088	0.31033	none	keep	¿Ãµø«ı		Disease	0	include	0.477141	0.52322	0.41088	0.31033
train	Scab (56)	Scab (56).txt	1	3	Scab	0.213976	0.612196	0.427951	0.540365	none	keep	¿Ãµø«ı		Disease	0	include	0.213976	0.612196	0.427951	0.540365
train	Scab (56)	Scab (56).txt	2	3	Scab	0.555266	0.543837	0.376157	0.368924	none	keep	¿Ãµø«ı		Disease	0	include	0.555266	0.543837	0.376157	0.368924
train	Scab (57)	Scab (57).txt	1	3	Scab	0.480035	0.536241	0.422454	0.340712	none	keep	¿Ãµø«ı		Disease	0	include	0.480035	0.536241	0.422454	0.340712
train	Scab (58)	Scab (58).txt	1	3	Scab	0.501736	0.567708	0.610532	0.633681	none	keep	¿Ãµø«ı		Disease	0	include	0.501736	0.567708	0.610532	0.633681
train	Scab (59)	Scab (59).txt	1	3	Scab	0.458333	0.616536	0.535301	0.505642	none	keep	¿Ãµø«ı		Disease	0	include	0.458333	0.616536	0.535301	0.505642
train	Scab (6)	Scab (6).txt	1	3	Scab	0.51765	0.67947	0.578704	0.479601	none	keep	¿Ãµø«ı		Disease	0	include	0.51765	0.67947	0.578704	0.479601
train	Scab (60)	Scab (60).txt	1	3	Scab	0.433738	0.67296	0.688657	0.63151	none	keep	¿Ãµø«ı		Disease	0	include	0.433738	0.67296	0.688657	0.63151
train	Scab (61)	Scab (61).txt	1	3	Scab	0.495949	0.546007	0.367477	0.364583	none	keep	¿Ãµø«ı		Disease	0	include	0.495949	0.546007	0.367477	0.364583
train	Scab (62)	Scab (62).txt	1	3	Scab	0.426505	0.627387	0.67419	0.670573	none	keep	¿Ãµø«ı		Disease	0	include	0.426505	0.627387	0.67419	0.670573
train	Scab (65)	Scab (65).txt	1	3	Scab	0.453993	0.548177	0.474537	0.559896	none	keep	¿Ãµø«ı		Disease	0	include	0.453993	0.548177	0.474537	0.559896
train	Scab (65)	Scab (65).txt	2	3	Scab	0.821036	0.501519	0.357928	0.423177	none	keep	¿Ãµø«ı		Disease	0	include	0.821036	0.501519	0.357928	0.423177
train	Scab (65)	Scab (65).txt	3	3	Scab	0.705729	0.655599	0.271991	0.379774	none	keep	¿Ãµø«ı		Disease	0	include	0.705729	0.655599	0.271991	0.379774
train	Scab (66)	Scab (66).txt	1	3	Scab	0.589988	0.44401	0.613426	0.603299	none	keep	¿Ãµø«ı		Disease	0	include	0.589988	0.44401	0.613426	0.603299
train	Scab (67)	Scab (67).txt	1	3	Scab	0.610243	0.688151	0.480324	0.609809	none	keep	¿Ãµø«ı		Disease	0	include	0.610243	0.688151	0.480324	0.609809
train	Scab (68)	Scab (68).txt	1	3	Scab	0.461227	0.578559	0.743634	0.477431	none	keep	¿Ãµø«ı		Disease	0	include	0.461227	0.578559	0.743634	0.477431
train	Scab (68)	Scab (68).txt	2	3	Scab	0.164786	0.786024	0.329572	0.427951	none	keep	¿Ãµø«ı		Disease	0	include	0.164786	0.786024	0.329572	0.427951
train	Scab (69)	Scab (69).txt	1	3	Scab	0.529225	0.72526	0.601852	0.549479	none	keep	¿Ãµø«ı		Disease	0	include	0.529225	0.72526	0.601852	0.549479
train	Scab (71)	Scab (71).txt	1	3	Scab	0.484375	0.673177	0.668403	0.653646	none	keep	¿Ãµø«ı		Disease	0	include	0.484375	0.673177	0.668403	0.653646
train	Scab (71)	Scab (71).txt	2	3	Scab	0.271701	0.210069	0.41088	0.420139	none	keep	¿Ãµø«ı		Disease	0	include	0.271701	0.210069	0.41088	0.420139
train	Scab (72)	Scab (72).txt	1	3	Scab	0.789641	0.771701	0.289352	0.394965	none	keep	¿Ãµø«ı		Disease	0	include	0.789641	0.771701	0.289352	0.394965
train	Scab (72)	Scab (72).txt	2	3	Scab	0.364294	0.631727	0.462963	0.609809	none	keep	¿Ãµø«ı		Disease	0	include	0.364294	0.631727	0.462963	0.609809
train	Scab (72)	Scab (72).txt	3	3	Scab	0.300637	0.236762	0.179398	0.167101	none	keep	¿Ãµø«ı		Disease	0	include	0.300637	0.236762	0.179398	0.167101
train	Scab (73)	Scab (73).txt	1	3	Scab	0.393229	0.59809	0.578704	0.62934	none	keep	¿Ãµø«ı		Disease	0	include	0.393229	0.59809	0.578704	0.62934
train	Scab (73)	Scab (73).txt	2	3	Scab	0.682581	0.452691	0.399306	0.342882	none	keep	¿Ãµø«ı		Disease	0	include	0.682581	0.452691	0.399306	0.342882
train	Scab (75)	Scab (75).txt	1	3	Scab	0.490162	0.692491	0.477431	0.436198	none	keep	¿Ãµø«ı		Disease	0	include	0.490162	0.692491	0.477431	0.436198
train	Scab (76)	Scab (76).txt	1	3	Scab	0.527778	0.511285	0.668403	0.525174	none	keep	¿Ãµø«ı		Disease	0	include	0.527778	0.511285	0.668403	0.525174
train	Scab (78)	Scab (78).txt	1	3	Scab	0.655093	0.479818	0.529514	0.46224	none	keep	¿Ãµø«ı		Disease	0	include	0.655093	0.479818	0.529514	0.46224
train	Scab (78)	Scab (78).txt	2	3	Scab	0.954138	0.223741	0.091725	0.167101	ambiguous	hold	¿Ãµø«ı		Disease	0	include	0.954138	0.223741	0.091725	0.167101
train	Scab (79)	Scab (79).txt	1	3	Scab	0.584201	0.490668	0.561343	0.492622	none	keep	¿Ãµø«ı		Disease	0	include	0.584201	0.490668	0.561343	0.492622
train	Scab (79)	Scab (79).txt	2	3	Scab	0.859086	0.147786	0.185185	0.175781	none	keep	¿Ãµø«ı		Disease	0	include	0.859086	0.147786	0.185185	0.175781
train	Scab (81)	Scab (81).txt	1	3	Scab	0.520544	0.721788	0.572917	0.546875	none	keep	¿Ãµø«ı		Disease	0	include	0.520544	0.721788	0.572917	0.546875
train	Scab (81)	Scab (81).txt	2	3	Scab	0.232639	0.537326	0.245949	0.260417	none	keep	¿Ãµø«ı		Disease	0	include	0.232639	0.537326	0.245949	0.260417
train	Scab (82)	Scab (82).txt	1	3	Scab	0.498843	0.680556	0.425347	0.390625	none	keep	¿Ãµø«ı		Disease	0	include	0.498843	0.680556	0.425347	0.390625
train	Scab (83)	Scab (83).txt	1	3	Scab	0.420718	0.644748	0.500579	0.549045	none	keep	¿Ãµø«ı		Disease	0	include	0.420718	0.644748	0.500579	0.549045
train	Scab (83)	Scab (83).txt	2	3	Scab	0.941117	0.774957	0.117766	0.271267	none	keep	¿Ãµø«ı		Disease	0	include	0.941117	0.774957	0.117766	0.271267
train	Scab (83)	Scab (83).txt	3	3	Scab	0.894821	0.95421	0.210359	0.09158	none	keep	¿Ãµø«ı		Disease	0	include	0.894821	0.95421	0.210359	0.09158
train	Scab (85)	Scab (85).txt	1	3	Scab	0.494502	0.67296	0.486111	0.410156	none	keep	¿Ãµø«ı		Disease	0	include	0.494502	0.67296	0.486111	0.410156
train	Scab (87)	Scab (87).txt	1	3	Scab	0.493056	0.590495	0.413773	0.379774	none	keep	¿Ãµø«ı		Disease	0	include	0.493056	0.590495	0.413773	0.379774
train	Scab (9)	Scab (9).txt	1	3	Scab	0.378762	0.66862	0.515046	0.427517	none	keep	¿Ãµø«ı		Disease	0	include	0.378762	0.66862	0.515046	0.427517
train	Scab (9)	Scab (9).txt	2	2	Healthy	0.842737	0.147135	0.314525	0.294271	class_wrong	fix	¿Ãµø«ı	ºˆ¡§ øœ∑·	Healthy	0	include	0.842737	0.147135	0.314525	0.294271
train	Scab (90)	Scab (90).txt	1	3	Scab	0.453993	0.742622	0.520833	0.514757	none	keep	¿Ãµø«ı		Disease	0	include	0.453993	0.742622	0.520833	0.514757
train	Scab (90)	Scab (90).txt	2	3	Scab	0.092448	0.324653	0.184896	0.173611	none	keep	¿Ãµø«ı		Disease	0	include	0.092448	0.324653	0.184896	0.173611
train	Scab (90)	Scab (90).txt	3	2	Healthy	0.445312	0.333333	0.584491	0.490451	class_wrong	fix	¿Ãµø«ı	ºˆ¡§ øœ∑·	Healthy	0	include	0.445312	0.333333	0.584491	0.490451
train	Scab (94)	Scab (94).txt	1	3	Scab	0.456155	0.680143	0.466898	0.639714	none	keep	¿Ãµø«ı		Disease	0	include	0.456155	0.680143	0.466898	0.639714
train	Scab (96)	Scab (96).txt	1	3	Scab	0.442419	0.663194	0.613426	0.651042	none	keep	¿Ãµø«ı		Disease	0	include	0.442419	0.663194	0.613426	0.651042
train	Scab (96)	Scab (96).txt	2	3	Scab	0.091001	0.760851	0.182002	0.351562	none	keep	¿Ãµø«ı		Disease	0	include	0.091001	0.760851	0.182002	0.351562
train	Scab (97)	Scab (97).txt	1	3	Scab	0.556713	0.605686	0.541088	0.609809	none	keep	¿Ãµø«ı		Disease	0	include	0.556713	0.605686	0.541088	0.609809
val	Alternaria (10)	Alternaria (10).txt	1	0	Alternaria	0.468582	0.371457	0.439494	0.742914	none	keep	¿Ãµø«ı		Disease	0	include	0.468582	0.371457	0.439494	0.742914
val	Alternaria (102)	Alternaria (102).txt	1	0	Alternaria	0.562961	0.46161	0.546552	0.92322	none	keep	¿Ãµø«ı		Disease	1	exclude				
val	Alternaria (104)	Alternaria (104).txt	1	0	Alternaria	0.476651	0.603905	0.761288	0.503353	none	keep	¿Ãµø«ı		Disease	0	include	0.476651	0.603905	0.761288	0.503353
val	Alternaria (111)	Alternaria (111).txt	1	0	Alternaria	0.383359	0.470579	0.432452	0.522135	none	keep	¿Ãµø«ı		Disease	0	include	0.383359	0.470579	0.432452	0.522135
val	Alternaria (126)	Alternaria (126).txt	1	0	Alternaria	0.473079	0.628142	0.542691	0.449123	none	keep	¿Ãµø«ı		Disease	0	include	0.473079	0.628142	0.542691	0.449123
val	Alternaria (134)	Alternaria (134).txt	1	0	Alternaria	0.487847	0.510417	0.703125	0.507812	none	keep	¿Ãµø«ı		Disease	0	include	0.487847	0.510417	0.703125	0.507812
val	Alternaria (134)	Alternaria (134).txt	2	0	Alternaria	0.247541	0.906033	0.495081	0.187934	none	keep	¿Ãµø«ı		Disease	0	include	0.247541	0.906033	0.495081	0.187934
val	Alternaria (138)	Alternaria (138).txt	1	0	Alternaria	0.47338	0.603733	0.633681	0.564236	none	keep	¿Ãµø«ı		Disease	0	include	0.47338	0.603733	0.633681	0.564236
val	Alternaria (157)	Alternaria (157).txt	1	0	Alternaria	0.500672	0.584	0.655781	0.512937	none	keep	¿Ãµø«ı		Disease	0	include	0.500672	0.584	0.655781	0.512937
val	Alternaria (192)	Alternaria (192).txt	1	0	Alternaria	0.389391	0.455227	0.778781	0.675266	none	keep	¿Ãµø«ı		Disease	0	include	0.389391	0.455227	0.778781	0.675266
val	Alternaria (199)	Alternaria (199).txt	1	0	Alternaria	0.487687	0.658352	0.430688	0.683297	none	keep	¿Ãµø«ı		Disease	0	include	0.487687	0.658352	0.430688	0.683297
val	Alternaria (205)	Alternaria (205).txt	1	0	Alternaria	0.667555	0.470016	0.664891	0.940031	none	keep	¿Ãµø«ı		Disease	0	include	0.667555	0.470016	0.664891	0.940031
val	Alternaria (206)	Alternaria (206).txt	1	0	Alternaria	0.560422	0.337273	0.879156	0.634141	ambiguous	drop	¿Ãµø«ı	¿ÃπÃ¡ˆ »Â∏≤	Disease	0	exclude				
val	Alternaria (207)	Alternaria (207).txt	1	0	Alternaria	0.548289	0.425648	0.751016	0.851297	none	keep	¿Ãµø«ı		Disease	0	include	0.548289	0.425648	0.751016	0.851297
val	Alternaria (210)	Alternaria (210).txt	1	0	Alternaria	0.5	0.61507	1	0.769859	none	keep	¿Ãµø«ı		Disease	0	include	0.5	0.61507	1	0.769859
val	Alternaria (217)	Alternaria (217).txt	1	0	Alternaria	0.715164	0.5	0.569672	1	none	keep	¿Ãµø«ı		Disease	0	include	0.715164	0.5	0.569672	1
val	Alternaria (223)	Alternaria (223).txt	1	0	Alternaria	0.636172	0.629133	0.727656	0.741734	none	keep	¿Ãµø«ı		Disease	0	include	0.636172	0.629133	0.727656	0.741734
val	Alternaria (226)	Alternaria (226).txt	1	0	Alternaria	0.404539	0.471453	0.809078	0.478313	none	keep	¿Ãµø«ı		Disease	0	include	0.404539	0.471453	0.809078	0.478313
val	Alternaria (23)	Alternaria (23).txt	1	0	Alternaria	0.573676	0.414424	0.423177	0.703125	none	keep	¿Ãµø«ı		Disease	0	include	0.573676	0.414424	0.423177	0.703125
val	Alternaria (238)	Alternaria (238).txt	1	0	Alternaria	0.523391	0.546125	0.705562	0.640625	none	keep	¿Ãµø«ı		Disease	0	include	0.523391	0.546125	0.705562	0.640625
val	Alternaria (42)	Alternaria (42).txt	1	0	Alternaria	0.498806	0.448061	0.436198	0.687934	none	keep	¿Ãµø«ı		Disease	0	include	0.498806	0.448061	0.436198	0.687934
val	Alternaria (59)	Alternaria (59).txt	1	0	Alternaria	0.433031	0.429897	0.866062	0.526317	none	keep	¿Ãµø«ı		Disease	1	exclude				
val	Alternaria (65)	Alternaria (65).txt	1	0	Alternaria	0.495877	0.577836	0.724826	0.810185	none	keep	¿Ãµø«ı		Disease	1	exclude				
val	Alternaria (66)	Alternaria (66).txt	1	0	Alternaria	0.521918	0.561777	0.564236	0.876447	none	keep	¿Ãµø«ı		Disease	1	exclude				
val	Alternaria (80)	Alternaria (80).txt	1	0	Alternaria	0.578342	0.574942	0.633681	0.815972	none	keep	¿Ãµø«ı		Disease	1	exclude				
val	Alternaria (86)	Alternaria (86).txt	1	0	Alternaria	0.474175	0.508391	0.568576	0.885417	none	keep	¿Ãµø«ı		Disease	1	exclude				
val	Alternaria (91)	Alternaria (91).txt	1	0	Alternaria	0.446567	0.537182	0.887347	0.532407	none	keep	¿Ãµø«ı		Disease	1	exclude				
val	Anthracnose (107)	Anthracnose (107).txt	1	1	Anthracnose	0.19322	0.349053	0.386441	0.361604	none	keep	¿Ãµø«ı		Disease	0	include	0.19322	0.349053	0.386441	0.361604
val	Anthracnose (107)	Anthracnose (107).txt	2	1	Anthracnose	0.385211	0.64424	0.558397	0.394813	none	keep	¿Ãµø«ı		Disease	0	include	0.385211	0.64424	0.558397	0.394813
val	Anthracnose (116)	Anthracnose (116).txt	1	1	Anthracnose	0.514356	0.616567	0.570697	0.73059	none	keep	¿Ãµø«ı		Disease	0	include	0.514356	0.616567	0.570697	0.73059
val	Anthracnose (120)	Anthracnose (120).txt	1	1	Anthracnose	0.476227	0.665457	0.691233	0.57008	none	keep	¿Ãµø«ı		Disease	0	include	0.476227	0.665457	0.691233	0.57008
val	Anthracnose (128)	Anthracnose (128).txt	1	1	Anthracnose	0.418419	0.466206	0.782248	0.466764	none	keep	¿Ãµø«ı		Disease	0	include	0.418419	0.466206	0.782248	0.466764
val	Anthracnose (143)	Anthracnose (143).txt	1	1	Anthracnose	0.481887	0.396034	0.412342	0.658637	none	keep	¿Ãµø«ı		Disease	0	include	0.481887	0.396034	0.412342	0.658637
val	Anthracnose (170)	Anthracnose (170).txt	1	1	Anthracnose	0.450279	0.378571	0.900558	0.538717	none	keep	¿Ãµø«ı		Disease	0	include	0.450279	0.378571	0.900558	0.538717
val	Anthracnose (176)	Anthracnose (176).txt	1	1	Anthracnose	0.468742	0.491047	0.502281	0.944601	none	keep	¿Ãµø«ı		Disease	0	include	0.468742	0.491047	0.502281	0.944601
val	Anthracnose (182)	Anthracnose (182).txt	1	1	Anthracnose	0.500826	0.537235	0.637115	0.601445	none	keep	¿Ãµø«ı		Disease	0	include	0.500826	0.537235	0.637115	0.601445
val	Anthracnose (189)	Anthracnose (189).txt	1	1	Anthracnose	0.409935	0.498427	0.636497	0.789627	none	keep	¿Ãµø«ı		Disease	0	include	0.409935	0.498427	0.636497	0.789627
val	Anthracnose (19)	Anthracnose (19).txt	1	1	Anthracnose	0.451629	0.579668	0.592836	0.597756	none	keep	¿Ãµø«ı		Disease	0	include	0.451629	0.579668	0.592836	0.597756
val	Anthracnose (191)	Anthracnose (191).txt	1	1	Anthracnose	0.495725	0.58145	0.722287	0.800694	none	keep	¿Ãµø«ı		Disease	0	include	0.495725	0.58145	0.722287	0.800694
val	Anthracnose (213)	Anthracnose (213).txt	1	1	Anthracnose	0.349053	0.429243	0.647567	0.758261	none	keep	¿Ãµø«ı		Disease	1	exclude				
val	Anthracnose (222)	Anthracnose (222).txt	1	1	Anthracnose	0.501951	0.538095	0.513351	0.87634	none	keep	¿Ãµø«ı		Disease	1	exclude				
val	Anthracnose (234)	Anthracnose (234).txt	1	1	Anthracnose	0.563632	0.585794	0.328563	0.310922	box_offset	fix	¿Ãµø«ı	π⁄Ω∫ ¿ßƒ° æÓ±ﬂ≥≤	Disease	0	include	0.563632	0.585794	0.328563	0.310922
val	Anthracnose (235)	Anthracnose (235).txt	1	1	Anthracnose	0.70467	0.443405	0.40322	0.319995	box_offset	fix	¿Ãµø«ı	π⁄Ω∫ ¿ßƒ° æÓ±ﬂ≥≤	Disease	0	include	0.70467	0.443405	0.40322	0.319995
val	Anthracnose (235)	Anthracnose (235).txt	2	1	Anthracnose	0.541742	0.776589	0.41025	0.427247	box_offset	fix	¿Ãµø«ı	π⁄Ω∫ ¿ßƒ° æÓ±ﬂ≥≤	Disease	0	include	0.541742	0.776589	0.41025	0.427247
val	Anthracnose (235)	Anthracnose (235).txt	3	1	Anthracnose	0.655438	0.652634	0.30007	0.334062	box_offset	fix	¿Ãµø«ı	π⁄Ω∫ ¿ßƒ° æÓ±ﬂ≥≤	Disease	0	include	0.655438	0.652634	0.30007	0.334062
val	Anthracnose (235)	Anthracnose (235).txt	4	1	Anthracnose	0.929697	0.380109	0.140607	0.253182	box_offset	fix	¿Ãµø«ı	π⁄Ω∫ ¿ßƒ° æÓ±ﬂ≥≤	Disease	0	include	0.929697	0.380109	0.140607	0.253182
val	Anthracnose (235)	Anthracnose (235).txt	5	1	Anthracnose	0.39405	0.46802	0.28366	0.33758	box_offset	fix	¿Ãµø«ı	π⁄Ω∫ ¿ßƒ° æÓ±ﬂ≥≤	Disease	0	include	0.39405	0.46802	0.28366	0.33758
val	Anthracnose (238)	Anthracnose (238).txt	1	1	Anthracnose	0.389363	0.450437	0.297727	0.26725	box_offset	fix	¿Ãµø«ı	π⁄Ω∫ ¿ßƒ° æÓ±ﬂ≥≤	Disease	0	include	0.389363	0.450437	0.297727	0.26725
val	Anthracnose (238)	Anthracnose (238).txt	2	1	Anthracnose	0.583938	0.688678	0.28835	0.22681	box_offset	fix	¿Ãµø«ı	π⁄Ω∫ ¿ßƒ° æÓ±ﬂ≥≤	Disease	0	include	0.583938	0.688678	0.28835	0.22681
val	Anthracnose (255)	Anthracnose (255).txt	1	1	Anthracnose	0.535702	0.666703	0.274397	0.21739	box_offset	fix	¿Ãµø«ı	π⁄Ω∫ ¿ßƒ° æÓ±ﬂ≥≤	Disease	0	include	0.535702	0.666703	0.274397	0.21739
val	Anthracnose (255)	Anthracnose (255).txt	2	1	Anthracnose	0.509613	0.495689	0.260867	0.223188	box_offset	fix	¿Ãµø«ı	π⁄Ω∫ ¿ßƒ° æÓ±ﬂ≥≤	Disease	0	include	0.509613	0.495689	0.260867	0.223188
val	Anthracnose (275)	Anthracnose (275).txt	1	1	Anthracnose	0.578043	0.592459	0.28556	0.263463	box_offset	fix	¿Ãµø«ı	π⁄Ω∫ ¿ßƒ° æÓ±ﬂ≥≤	Disease	0	include	0.578043	0.592459	0.28556	0.263463
val	Anthracnose (275)	Anthracnose (275).txt	2	1	Anthracnose	0.404668	0.739486	0.33315	0.288957	box_offset	fix	¿Ãµø«ı	π⁄Ω∫ ¿ßƒ° æÓ±ﬂ≥≤	Disease	0	include	0.404668	0.739486	0.33315	0.288957
val	Anthracnose (279)	Anthracnose (279).txt	1	1	Anthracnose	0.297917	0.529563	0.295487	0.28777	box_offset	fix	¿Ãµø«ı		Disease	0	include	0.297917	0.529563	0.295487	0.28777
val	Anthracnose (279)	Anthracnose (279).txt	2	1	Anthracnose	0.391633	0.790044	0.280053	0.325808	box_offset	fix	¿Ãµø«ı		Disease	0	include	0.391633	0.790044	0.280053	0.325808
val	Anthracnose (279)	Anthracnose (279).txt	3	1	Anthracnose	0.561428	0.646986	0.319743	0.327462	box_offset	fix	¿Ãµø«ı		Disease	0	include	0.561428	0.646986	0.319743	0.327462
val	Anthracnose (279)	Anthracnose (279).txt	4	1	Anthracnose	0.530557	0.441909	0.258	0.175308	box_offset	fix	¿Ãµø«ı		Disease	0	include	0.530557	0.441909	0.258	0.175308
val	Anthracnose (279)	Anthracnose (279).txt	5	1	Anthracnose	0.943833	0.12625	0.112333	0.2525	box_offset	fix	¿Ãµø«ı		Disease	0	include	0.943833	0.12625	0.112333	0.2525
val	Anthracnose (279)	Anthracnose (279).txt	6	1	Anthracnose	0.896	0.2425	0.19	0.205	box_offset	fix	¿Ãµø«ı		Disease	0	include	0.896	0.2425	0.19	0.205
val	Anthracnose (28)	Anthracnose (28).txt	1	1	Anthracnose	0.44179	0.691131	0.543637	0.617739	none	keep	¿Ãµø«ı		Disease	0	include	0.44179	0.691131	0.543637	0.617739
val	Anthracnose (30)	Anthracnose (30).txt	1	1	Anthracnose	0.536496	0.614721	0.452622	0.48337	none	keep	¿Ãµø«ı		Disease	0	include	0.536496	0.614721	0.452622	0.48337
val	Anthracnose (30)	Anthracnose (30).txt	2	1	Anthracnose	0.173542	0.55015	0.347083	0.442782	none	keep	¿Ãµø«ı		Disease	0	include	0.173542	0.55015	0.347083	0.442782
val	Anthracnose (30)	Anthracnose (30).txt	3	1	Anthracnose	0.311413	0.845182	0.548556	0.309635	none	keep	¿Ãµø«ı		Disease	0	include	0.311413	0.845182	0.548556	0.309635
val	Anthracnose (44)	Anthracnose (44).txt	1	1	Anthracnose	0.484837	0.695559	0.516577	0.608882	none	keep	¿Ãµø«ı		Disease	0	include	0.484837	0.695559	0.516577	0.608882
val	Anthracnose (51)	Anthracnose (51).txt	1	1	Anthracnose	0.566293	0.624437	0.434479	0.743504	none	keep	¿Ãµø«ı		Disease	0	include	0.566293	0.624437	0.434479	0.743504
val	Anthracnose (54)	Anthracnose (54).txt	1	1	Anthracnose	0.386574	0.673828	0.434028	0.527344	none	keep	¿Ãµø«ı		Disease	0	include	0.386574	0.673828	0.434028	0.527344
val	Anthracnose (54)	Anthracnose (54).txt	2	1	Anthracnose	0.100694	0.119358	0.201389	0.238715	ambiguous	hold	¿Ãµø«ı		Disease	0	include	0.100694	0.119358	0.201389	0.238715
val	Anthracnose (54)	Anthracnose (54).txt	3	1	Anthracnose	0.865451	0.134549	0.269097	0.269097	none	keep	¿Ãµø«ı		Disease	0	include	0.865451	0.134549	0.269097	0.269097
val	Anthracnose (66)	Anthracnose (66).txt	1	1	Anthracnose	0.464699	0.671658	0.555556	0.61849	none	keep	¿Ãµø«ı		Disease	0	include	0.464699	0.671658	0.555556	0.61849
val	Anthracnose (69)	Anthracnose (69).txt	1	1	Anthracnose	0.409722	0.741102	0.491898	0.449219	none	keep	¿Ãµø«ı		Disease	0	include	0.409722	0.741102	0.491898	0.449219
val	Anthracnose (71)	Anthracnose (71).txt	1	1	Anthracnose	0.53559	0.572917	0.367477	0.425347	none	keep	¿Ãµø«ı		Disease	0	include	0.53559	0.572917	0.367477	0.425347
val	Anthracnose (74)	Anthracnose (74).txt	1	1	Anthracnose	0.342303	0.591363	0.684606	0.657552	none	keep	¿Ãµø«ı		Disease	0	include	0.342303	0.591363	0.684606	0.657552
val	Anthracnose (78)	Anthracnose (78).txt	1	1	Anthracnose	0.461806	0.607639	0.561343	0.512153	none	keep	¿Ãµø«ı		Disease	0	include	0.461806	0.607639	0.561343	0.512153
val	Anthracnose (87)	Anthracnose (87).txt	1	1	Anthracnose	0.476273	0.683594	0.439815	0.447049	none	keep	¿Ãµø«ı		Disease	0	include	0.476273	0.683594	0.439815	0.447049
val	Anthracnose (89)	Anthracnose (89).txt	1	1	Anthracnose	0.878472	0.544705	0.144676	0.173611	none	keep	¿Ãµø«ı		Disease	0	include	0.878472	0.544705	0.144676	0.173611
val	Anthracnose (89)	Anthracnose (89).txt	2	1	Anthracnose	0.454572	0.679253	0.506366	0.577257	none	keep	¿Ãµø«ı		Disease	0	include	0.454572	0.679253	0.506366	0.577257
val	Anthracnose (90)	Anthracnose (90).txt	1	1	Anthracnose	0.47338	0.609809	0.671296	0.412326	none	keep	¿Ãµø«ı		Disease	0	include	0.47338	0.609809	0.671296	0.412326
val	Healthy (121)	Healthy (121).txt	1	2	Healthy	0.487847	0.581597	0.480324	0.499132	none	keep	¿Ãµø«ı		Healthy	0	include	0.487847	0.581597	0.480324	0.499132
val	Healthy (134)	Healthy (134).txt	1	2	Healthy	0.366319	0.653212	0.474537	0.477431	none	keep	¿Ãµø«ı		Healthy	0	include	0.366319	0.653212	0.474537	0.477431
val	Healthy (15)	Healthy (15).txt	1	2	Healthy	0.441551	0.638021	0.491898	0.481771	none	keep	¿Ãµø«ı		Healthy	0	include	0.441551	0.638021	0.491898	0.481771
val	Healthy (15)	Healthy (15).txt	2	2	Healthy	0.658565	0.197483	0.68287	0.394965	ambiguous	hold	¿Ãµø«ı		Healthy	0	include	0.658565	0.197483	0.68287	0.394965
val	Healthy (155)	Healthy (155).txt	1	2	Healthy	0.47338	0.502387	0.72338	0.661892	none	keep	¿Ãµø«ı		Healthy	0	include	0.47338	0.502387	0.72338	0.661892
val	Healthy (159)	Healthy (159).txt	1	3	Scab	0.900174	0.489366	0.199653	0.440538	class_wrong	fix	¿Ãµø«ı	ºˆ¡§ øœ∑·	Disease	0	include	0.900174	0.489366	0.199653	0.440538
val	Healthy (159)	Healthy (159).txt	2	2	Healthy	0.450231	0.594618	0.653935	0.538194	none	keep	¿Ãµø«ı		Healthy	0	include	0.450231	0.594618	0.653935	0.538194
val	Healthy (175)	Healthy (175).txt	1	2	Healthy	0.42853	0.61849	0.720486	0.685764	none	keep	¿Ãµø«ı		Healthy	0	include	0.42853	0.61849	0.720486	0.685764
val	Healthy (183)	Healthy (183).txt	1	2	Healthy	0.793113	0.448134	0.413773	0.553385	none	keep	¿Ãµø«ı		Healthy	0	include	0.793113	0.448134	0.413773	0.553385
val	Healthy (183)	Healthy (183).txt	2	2	Healthy	0.37934	0.570747	0.639468	0.616319	none	keep	¿Ãµø«ı		Healthy	0	include	0.37934	0.570747	0.639468	0.616319
val	Healthy (187)	Healthy (187).txt	1	2	Healthy	0.451678	0.531684	0.598958	0.616319	none	keep	¿Ãµø«ı		Healthy	0	include	0.451678	0.531684	0.598958	0.616319
val	Healthy (205)	Healthy (205).txt	1	2	Healthy	0.464699	0.578342	0.677083	0.596788	none	keep	¿Ãµø«ı		Healthy	0	include	0.464699	0.578342	0.677083	0.596788
val	Healthy (205)	Healthy (205).txt	2	2	Healthy	0.305556	0.821181	0.578704	0.357639	none	keep	¿Ãµø«ı		Healthy	0	include	0.305556	0.821181	0.578704	0.357639
val	Healthy (217)	Healthy (217).txt	1	2	Healthy	0.500868	0.616319	0.645255	0.616319	none	keep	¿Ãµø«ı		Healthy	0	include	0.500868	0.616319	0.645255	0.616319
val	Healthy (231)	Healthy (231).txt	1	2	Healthy	0.483507	0.562066	0.645255	0.594618	none	keep	¿Ãµø«ı		Healthy	0	include	0.483507	0.562066	0.645255	0.594618
val	Healthy (231)	Healthy (231).txt	2	2	Healthy	0.154225	0.711806	0.308449	0.442708	none	keep	¿Ãµø«ı		Healthy	0	include	0.154225	0.711806	0.308449	0.442708
val	Healthy (233)	Healthy (233).txt	1	2	Healthy	0.457465	0.609809	0.749421	0.711806	none	keep	¿Ãµø«ı		Healthy	0	include	0.457465	0.609809	0.749421	0.711806
val	Healthy (233)	Healthy (233).txt	2	2	Healthy	0.84375	0.362413	0.3125	0.724826	none	keep	¿Ãµø«ı		Healthy	0	include	0.84375	0.362413	0.3125	0.724826
val	Healthy (261)	Healthy (261).txt	1	2	Healthy	0.469039	0.592448	0.703125	0.664062	none	keep	¿Ãµø«ı		Healthy	0	include	0.469039	0.592448	0.703125	0.664062
val	Healthy (278)	Healthy (278).txt	1	2	Healthy	0.469039	0.628255	0.564236	0.696615	none	keep	¿Ãµø«ı		Healthy	0	include	0.469039	0.628255	0.564236	0.696615
val	Healthy (297)	Healthy (297).txt	1	2	Healthy	0.457465	0.587023	0.697338	0.731337	none	keep	¿Ãµø«ı		Healthy	0	include	0.457465	0.587023	0.697338	0.731337
val	Healthy (298)	Healthy (298).txt	1	2	Healthy	0.496528	0.563151	0.792824	0.718316	none	keep	¿Ãµø«ı		Healthy	0	include	0.496528	0.563151	0.792824	0.718316
val	Healthy (307)	Healthy (307).txt	1	2	Healthy	0.431424	0.601128	0.795718	0.794271	none	keep	¿Ãµø«ı		Healthy	0	include	0.431424	0.601128	0.795718	0.794271
val	Healthy (328)	Healthy (328).txt	1	2	Healthy	0.45766	0.641971	0.501152	0.568643	none	keep	¿Ãµø«ı		Healthy	0	include	0.45766	0.641971	0.501152	0.568643
val	Healthy (350)	Healthy (350).txt	1	2	Healthy	0.446178	0.612352	0.676024	0.677192	none	keep	¿Ãµø«ı		Healthy	0	include	0.446178	0.612352	0.676024	0.677192
val	Healthy (358)	Healthy (358).txt	1	2	Healthy	0.485945	0.653581	0.750877	0.685964	none	keep	¿Ãµø«ı		Healthy	0	include	0.485945	0.653581	0.750877	0.685964
val	Healthy (359)	Healthy (359).txt	1	2	Healthy	0.466062	0.618493	0.654971	0.629824	none	keep	¿Ãµø«ı		Healthy	0	include	0.466062	0.618493	0.654971	0.629824
val	Healthy (366)	Healthy (366).txt	1	2	Healthy	0.959635	0.681207	0.080729	0.201823	none	keep	¿Ãµø«ı		Healthy	0	include	0.959635	0.681207	0.080729	0.201823
val	Healthy (366)	Healthy (366).txt	2	2	Healthy	0.476562	0.603082	0.758102	0.740017	none	keep	¿Ãµø«ı		Healthy	0	include	0.476562	0.603082	0.758102	0.740017
val	Healthy (389)	Healthy (389).txt	1	2	Healthy	0.515625	0.535807	0.627894	0.661892	none	keep	¿Ãµø«ı		Healthy	0	include	0.515625	0.535807	0.627894	0.661892
val	Healthy (39)	Healthy (39).txt	1	2	Healthy	0.49103	0.91276	0.572917	0.174479	ambiguous	hold	¿Ãµø«ı		Healthy	0	include	0.49103	0.91276	0.572917	0.174479
val	Healthy (39)	Healthy (39).txt	2	2	Healthy	0.459201	0.580295	0.555556	0.616319	none	keep	¿Ãµø«ı		Healthy	0	include	0.459201	0.580295	0.555556	0.616319
val	Healthy (402)	Healthy (402).txt	1	2	Healthy	0.559028	0.522786	0.743634	0.62283	none	keep	¿Ãµø«ı		Healthy	0	include	0.559028	0.522786	0.743634	0.62283
val	Healthy (41)	Healthy (41).txt	1	2	Healthy	0.404225	0.57921	0.549769	0.62283	none	keep	¿Ãµø«ı		Healthy	0	include	0.404225	0.57921	0.549769	0.62283
val	Healthy (416)	Healthy (416).txt	1	2	Healthy	0.923537	0.620543	0.152925	0.288793	none	keep	¿Ãµø«ı		Healthy	0	include	0.923537	0.620543	0.152925	0.288793
val	Healthy (416)	Healthy (416).txt	2	2	Healthy	0.461298	0.609227	0.762931	0.699353	none	keep	¿Ãµø«ı		Healthy	0	include	0.461298	0.609227	0.762931	0.699353
val	Healthy (425)	Healthy (425).txt	1	2	Healthy	0.556126	0.547268	0.734196	0.581897	none	keep	¿Ãµø«ı		Healthy	0	include	0.556126	0.547268	0.734196	0.581897
val	Healthy (435)	Healthy (435).txt	1	2	Healthy	0.274584	0.512771	0.443696	0.86638	none	keep	¿Ãµø«ı		Healthy	0	include	0.274584	0.512771	0.443696	0.86638
val	Healthy (435)	Healthy (435).txt	2	2	Healthy	0.735253	0.622147	0.493804	0.71875	none	keep	¿Ãµø«ı		Healthy	0	include	0.735253	0.622147	0.493804	0.71875
val	Healthy (47)	Healthy (47).txt	1	2	Healthy	0.447649	0.528947	0.655171	0.773707	none	keep	¿Ãµø«ı		Healthy	0	include	0.447649	0.528947	0.655171	0.773707
val	Healthy (47)	Healthy (47).txt	2	2	Healthy	0.077273	0.126004	0.154546	0.252007	none	keep	¿Ãµø«ı		Healthy	0	include	0.077273	0.126004	0.154546	0.252007
val	Healthy (51)	Healthy (51).txt	1	2	Healthy	0.498656	0.587676	0.622127	0.71875	none	keep	¿Ãµø«ı		Healthy	0	include	0.498656	0.587676	0.622127	0.71875
val	Healthy (53)	Healthy (53).txt	1	2	Healthy	0.893365	0.227297	0.21327	0.454594	ambiguous	hold	¿Ãµø«ı		Healthy	0	include	0.893365	0.227297	0.21327	0.454594
val	Healthy (53)	Healthy (53).txt	2	2	Healthy	0.582707	0.597913	0.58046	0.653019	none	keep	¿Ãµø«ı		Healthy	0	include	0.582707	0.597913	0.58046	0.653019
val	Healthy (68)	Healthy (68).txt	1	2	Healthy	0.390896	0.614077	0.636496	0.689655	none	keep	¿Ãµø«ı		Healthy	0	include	0.390896	0.614077	0.636496	0.689655
val	Healthy (76)	Healthy (76).txt	1	2	Healthy	0.430408	0.632935	0.551725	0.505388	none	keep	¿Ãµø«ı		Healthy	0	include	0.430408	0.632935	0.551725	0.505388
val	Healthy (76)	Healthy (76).txt	2	2	Healthy	0.128278	0.531642	0.256557	0.514008	none	keep	¿Ãµø«ı		Healthy	0	include	0.128278	0.531642	0.256557	0.514008
val	Healthy (87)	Healthy (87).txt	1	2	Healthy	0.188945	0.19124	0.225836	0.256634	none	keep	¿Ãµø«ı		Healthy	0	include	0.188945	0.19124	0.225836	0.256634
val	Healthy (87)	Healthy (87).txt	2	2	Healthy	0.327529	0.258606	0.109497	0.160397	none	keep	¿Ãµø«ı		Healthy	0	include	0.327529	0.258606	0.109497	0.160397
val	Healthy (87)	Healthy (87).txt	3	2	Healthy	0.494342	0.626235	0.600524	0.567161	none	keep	¿Ãµø«ı		Healthy	0	include	0.494342	0.626235	0.600524	0.567161
val	Healthy (91)	Healthy (91).txt	1	2	Healthy	0.144089	0.615328	0.288177	0.555612	none	keep	¿Ãµø«ı		Healthy	0	include	0.144089	0.615328	0.288177	0.555612
val	Healthy (91)	Healthy (91).txt	2	2	Healthy	0.50375	0.633933	0.492737	0.544065	none	keep	¿Ãµø«ı		Healthy	0	include	0.50375	0.633933	0.492737	0.544065
val	Mixed(101)	Mixed(101).txt	1	2	Healthy	0.16543	0.790972	0.172286	0.414056	none	keep	¿Ãµø«ı		Healthy	1	exclude				
val	Mixed(101)	Mixed(101).txt	2	2	Healthy	0.648266	0.835403	0.151021	0.325194	none	keep	¿Ãµø«ı		Healthy	1	exclude				
val	Mixed(101)	Mixed(101).txt	3	2	Healthy	0.572224	0.838241	0.088271	0.217426	ambiguous	hold	¿Ãµø«ı		Healthy	1	exclude				
val	Mixed(101)	Mixed(101).txt	4	2	Healthy	0.830128	0.9385	0.072318	0.123	ambiguous	hold	¿Ãµø«ı		Healthy	1	exclude				
val	Mixed(101)	Mixed(101).txt	5	2	Healthy	0.92212	0.185005	0.122302	0.219324	none	keep	¿Ãµø«ı		Healthy	1	exclude				
val	Mixed(101)	Mixed(101).txt	6	2	Healthy	0.544573	0.332477	0.135063	0.264694	none	keep	¿Ãµø«ı		Healthy	1	exclude				
val	Mixed(101)	Mixed(101).txt	7	2	Healthy	0.349948	0.406218	0.130812	0.238231	none	keep	¿Ãµø«ı		Healthy	1	exclude				
val	Mixed(101)	Mixed(101).txt	8	2	Healthy	0.142034	0.133009	0.104224	0.175833	none	keep	¿Ãµø«ı		Healthy	1	exclude				
val	Mixed(11)	Mixed(11).txt	1	2	Healthy	0.355185	0.651343	0.188547	0.513278	none	keep	¿Ãµø«ı		Healthy	0	include	0.355185	0.651343	0.188547	0.513278
val	Mixed(11)	Mixed(11).txt	2	2	Healthy	0.478333	0.517259	0.196802	0.36663	none	keep	¿Ãµø«ı		Healthy	0	include	0.478333	0.517259	0.196802	0.36663
val	Mixed(110)	Mixed(110).txt	1	2	Healthy	0.539023	0.531926	0.294609	0.634796	none	keep	¿Ãµø«ı		Healthy	0	include	0.539023	0.531926	0.294609	0.634796
val	Mixed(110)	Mixed(110).txt	2	2	Healthy	0.273872	0.585352	0.275755	0.590796	none	keep	¿Ãµø«ı		Healthy	0	include	0.273872	0.585352	0.275755	0.590796
val	Mixed(110)	Mixed(110).txt	3	2	Healthy	0.078839	0.707907	0.081312	0.161315	none	keep	¿Ãµø«ı		Healthy	0	include	0.078839	0.707907	0.081312	0.161315
val	Mixed(111)	Mixed(111).txt	1	2	Healthy	0.564948	0.336671	0.367677	0.673343	none	keep	¿Ãµø«ı		Healthy	0	include	0.564948	0.336671	0.367677	0.673343
val	Mixed(111)	Mixed(111).txt	2	2	Healthy	0.438857	0.724588	0.311109	0.550824	none	keep	¿Ãµø«ı		Healthy	0	include	0.438857	0.724588	0.311109	0.550824
val	Mixed(115)	Mixed(115).txt	1	2	Healthy	0.418055	0.610097	0.106797	0.266231	none	keep	¿Ãµø«ı		Healthy	0	include	0.418055	0.610097	0.106797	0.266231
val	Mixed(115)	Mixed(115).txt	2	2	Healthy	0.30201	0.628653	0.106198	0.22062	none	keep	¿Ãµø«ı		Healthy	0	include	0.30201	0.628653	0.106198	0.22062
val	Mixed(115)	Mixed(115).txt	3	2	Healthy	0.340792	0.663657	0.08949	0.260926	none	keep	¿Ãµø«ı		Healthy	0	include	0.340792	0.663657	0.08949	0.260926
val	Mixed(115)	Mixed(115).txt	4	2	Healthy	0.639224	0.050144	0.087708	0.100287	ambiguous	hold	¿Ãµø«ı		Healthy	0	include	0.639224	0.050144	0.087708	0.100287
val	Mixed(115)	Mixed(115).txt	5	2	Healthy	0.549607	0.052685	0.095339	0.10537	ambiguous	hold	¿Ãµø«ı		Healthy	0	include	0.549607	0.052685	0.095339	0.10537
val	Mixed(22)	Mixed(22).txt	1	2	Healthy	0.824565	0.884454	0.11738	0.231093	none	keep	¿Ãµø«ı		Healthy	0	include	0.824565	0.884454	0.11738	0.231093
val	Mixed(22)	Mixed(22).txt	2	2	Healthy	0.52044	0.607653	0.11738	0.242824	none	keep	¿Ãµø«ı		Healthy	0	include	0.52044	0.607653	0.11738	0.242824
val	Mixed(22)	Mixed(22).txt	3	2	Healthy	0.033458	0.194093	0.066917	0.242833	ambiguous	hold	¿Ãµø«ı		Healthy	0	include	0.033458	0.194093	0.066917	0.242833
val	Mixed(22)	Mixed(22).txt	4	2	Healthy	0.037729	0.061	0.075458	0.122	box_extra	delete	¿Ãµø«ı	π⁄Ω∫ø° ∏¡∞Ìx	Healthy	0	exclude				
val	Mixed(22)	Mixed(22).txt	5	2	Healthy	0.939279	0.78788	0.056557	0.136593	none	keep	¿Ãµø«ı		Healthy	0	include	0.939279	0.78788	0.056557	0.136593
val	Mixed(35)	Mixed(35).txt	1	1	Anthracnose	0.57231	0.812505	0.156583	0.102167	none	keep	¿Ãµø«ı		Disease	0	include	0.57231	0.812505	0.156583	0.102167
val	Mixed(35)	Mixed(35).txt	2	2	Healthy	0.464264	0.437302	0.222343	0.169104	none	keep	¿Ãµø«ı		Healthy	0	include	0.464264	0.437302	0.222343	0.169104
val	Mixed(35)	Mixed(35).txt	3	2	Healthy	0.199653	0.393266	0.131528	0.084552	none	keep	¿Ãµø«ı		Healthy	0	include	0.199653	0.393266	0.131528	0.084552
val	Mixed(47)	Mixed(47).txt	1	2	Healthy	0.523852	0.142615	0.180204	0.090844	none	keep	¿Ãµø«ı		Healthy	0	include	0.523852	0.142615	0.180204	0.090844
val	Mixed(47)	Mixed(47).txt	2	2	Healthy	0.902824	0.165969	0.13037	0.07174	none	keep	¿Ãµø«ı		Healthy	0	include	0.902824	0.165969	0.13037	0.07174
val	Mixed(47)	Mixed(47).txt	3	2	Healthy	0.114194	0.314875	0.228389	0.150458	none	keep	¿Ãµø«ı		Healthy	0	include	0.114194	0.314875	0.228389	0.150458
val	Mixed(47)	Mixed(47).txt	4	2	Healthy	0.924491	0.339734	0.151019	0.14826	none	keep	¿Ãµø«ı		Healthy	0	include	0.924491	0.339734	0.151019	0.14826
val	Mixed(53)	Mixed(53).txt	1	3	Scab	0.62619	0.697466	0.163583	0.122682	none	keep	¿Ãµø«ı		Disease	0	include	0.62619	0.697466	0.163583	0.122682
val	Mixed(53)	Mixed(53).txt	2	3	Scab	0.356111	0.872195	0.293019	0.195432	none	keep	¿Ãµø«ı		Disease	0	include	0.356111	0.872195	0.293019	0.195432
val	Mixed(72)	Mixed(72).txt	1	3	Scab	0.362176	0.583633	0.182667	0.102203	none	keep	¿Ãµø«ı		Disease	0	include	0.362176	0.583633	0.182667	0.102203
val	Mixed(72)	Mixed(72).txt	2	3	Scab	0.439759	0.613188	0.135537	0.11601	none	keep	¿Ãµø«ı		Disease	0	include	0.439759	0.613188	0.135537	0.11601
val	Mixed(72)	Mixed(72).txt	3	2	Healthy	0.39875	0.403672	0.138778	0.082729	none	keep	¿Ãµø«ı		Healthy	0	include	0.39875	0.403672	0.138778	0.082729
val	Mixed(72)	Mixed(72).txt	4	3	Scab	0.330236	0.687805	0.169806	0.140286	none	keep	¿Ãµø«ı		Disease	0	include	0.330236	0.687805	0.169806	0.140286
val	Mixed(72)	Mixed(72).txt	5	3	Scab	0.298403	0.52737	0.169806	0.165656	none	keep	¿Ãµø«ı		Disease	0	include	0.298403	0.52737	0.169806	0.165656
val	Mixed(72)	Mixed(72).txt	6	3	Scab	0.406861	0.481432	0.154185	0.116562	none	keep	¿Ãµø«ı		Disease	0	include	0.406861	0.481432	0.154185	0.116562
val	Mixed(78)	Mixed(78).txt	1	2	Healthy	0.048134	0.866187	0.096269	0.140229	ambiguous	hold	¿Ãµø«ı		Healthy	0	include	0.048134	0.866187	0.096269	0.140229
val	Mixed(78)	Mixed(78).txt	2	2	Healthy	0.193532	0.943716	0.168083	0.112568	none	keep	¿Ãµø«ı		Healthy	0	include	0.193532	0.943716	0.168083	0.112568
val	Mixed(81)	Mixed(81).txt	1	2	Healthy	0.700375	0.488214	0.054639	0.055781	none	keep	¿Ãµø«ı		Healthy	0	include	0.700375	0.488214	0.054639	0.055781
val	Mixed(81)	Mixed(81).txt	2	2	Healthy	0.459912	0.46888	0.094769	0.077948	none	keep	¿Ãµø«ı		Healthy	0	include	0.459912	0.46888	0.094769	0.077948
val	Mixed(81)	Mixed(81).txt	3	2	Healthy	0.323231	0.614885	0.09663	0.076219	none	keep	¿Ãµø«ı		Healthy	0	include	0.323231	0.614885	0.09663	0.076219
val	Mixed(81)	Mixed(81).txt	4	2	Healthy	0.266028	0.773255	0.093296	0.065594	none	keep	¿Ãµø«ı		Healthy	0	include	0.266028	0.773255	0.093296	0.065594
val	Mixed(82)	Mixed(82).txt	1	2	Healthy	0.177829	0.058953	0.164194	0.117906	none	keep	¿Ãµø«ı		Healthy	0	include	0.177829	0.058953	0.164194	0.117906
val	Mixed(82)	Mixed(82).txt	2	2	Healthy	0.116958	0.528919	0.065843	0.061307	none	keep	¿Ãµø«ı		Healthy	0	include	0.116958	0.528919	0.065843	0.061307
val	Mixed(82)	Mixed(82).txt	3	2	Healthy	0.760704	0.440393	0.158519	0.138641	none	keep	¿Ãµø«ı		Healthy	0	include	0.760704	0.440393	0.158519	0.138641
val	Mixed(91)	Mixed(91).txt	1	2	Healthy	0.765156	0.478269	0.120438	0.218481	none	keep	¿Ãµø«ı		Healthy	0	include	0.765156	0.478269	0.120438	0.218481
val	Mixed(91)	Mixed(91).txt	2	2	Healthy	0.563607	0.454236	0.159766	0.349565	none	keep	¿Ãµø«ı		Healthy	0	include	0.563607	0.454236	0.159766	0.349565
val	Mixed(94)	Mixed(94).txt	1	2	Healthy	0.708958	0.637532	0.163667	0.402713	none	keep	¿Ãµø«ı		Healthy	0	include	0.708958	0.637532	0.163667	0.402713
val	Mixed(94)	Mixed(94).txt	2	2	Healthy	0.942242	0.827296	0.115516	0.31837	none	keep	¿Ãµø«ı		Healthy	0	include	0.942242	0.827296	0.115516	0.31837
val	Mixed(94)	Mixed(94).txt	3	2	Healthy	0.835266	0.755606	0.155365	0.31838	none	keep	¿Ãµø«ı		Healthy	0	include	0.835266	0.755606	0.155365	0.31838
val	Mixed(94)	Mixed(94).txt	4	2	Healthy	0.534615	0.53106	0.222969	0.501806	none	keep	¿Ãµø«ı		Healthy	0	include	0.534615	0.53106	0.222969	0.501806
val	Mixed(94)	Mixed(94).txt	5	2	Healthy	0.487177	0.072477	0.059302	0.137046	none	keep	¿Ãµø«ı		Healthy	0	include	0.487177	0.072477	0.059302	0.137046
val	Mixed(94)	Mixed(94).txt	6	2	Healthy	0.756398	0.161162	0.158922	0.322324	ambiguous	hold	¿Ãµø«ı	Mixed(94)ø°º≠ æ» ¿‚»˘ ∏¡∞Ì 1∞≥	Healthy	0	include	0.756398	0.161162	0.158922	0.322324
val	Mixed(95)	Mixed(95).txt	1	2	Healthy	0.848982	0.786574	0.302036	0.426852	none	keep	¿Ãµø«ı		Healthy	0	include	0.848982	0.786574	0.302036	0.426852
val	Mixed(95)	Mixed(95).txt	2	2	Healthy	0.366258	0.670819	0.351359	0.658361	none	keep	¿Ãµø«ı		Healthy	0	include	0.366258	0.670819	0.351359	0.658361
val	Mixed(95)	Mixed(95).txt	3	2	Healthy	0.464539	0.289852	0.312047	0.579704	none	keep	¿Ãµø«ı		Healthy	0	include	0.464539	0.289852	0.312047	0.579704
val	Mixed(95)	Mixed(95).txt	4	2	Healthy	0.040617	0.598269	0.081234	0.639926	ambiguous	hold	¿Ãµø«ı		Healthy	0	include	0.040617	0.598269	0.081234	0.639926
val	Mixed(95)	Mixed(95).txt	5	2	Healthy	0.717003	0.069264	0.210078	0.138528	ambiguous	hold	¿Ãµø«ı		Healthy	0	include	0.717003	0.069264	0.210078	0.138528
val	Mixed(95)	Mixed(95).txt	6	2	Healthy	0.888385	0.074722	0.073708	0.149444	ambiguous	hold	¿Ãµø«ı		Healthy	0	include	0.888385	0.074722	0.073708	0.149444
val	Mixed(99)	Mixed(99).txt	1	2	Healthy	0.700419	0.75163	0.228505	0.496741	none	keep	¿Ãµø«ı		Healthy	0	include	0.700419	0.75163	0.228505	0.496741
val	Mixed(99)	Mixed(99).txt	2	2	Healthy	0.514909	0.699829	0.228505	0.502343	none	keep	¿Ãµø«ı		Healthy	0	include	0.514909	0.699829	0.228505	0.502343
val	Mixed(99)	Mixed(99).txt	3	2	Healthy	0.14013	0.542579	0.28026	0.55912	none	keep	¿Ãµø«ı		Healthy	0	include	0.14013	0.542579	0.28026	0.55912
val	Mixed(99)	Mixed(99).txt	4	2	Healthy	0.225589	0.231972	0.259219	0.463944	none	keep	¿Ãµø«ı		Healthy	0	include	0.225589	0.231972	0.259219	0.463944
val	Mixed(99)	Mixed(99).txt	5	2	Healthy	0.950951	0.065986	0.098099	0.131972	none	keep	¿Ãµø«ı		Healthy	0	include	0.950951	0.065986	0.098099	0.131972
val	Mixed(99)	Mixed(99).txt	6	2	Healthy	0.386529	0.740231	0.055286	0.137593	none	keep	¿Ãµø«ı		Healthy	0	include	0.386529	0.740231	0.055286	0.137593
val	Scab (1)	Scab (1).txt	1	3	Scab	0.560475	0.549913	0.578704	0.46441	none	keep	¿Ãµø«ı		Disease	0	include	0.560475	0.549913	0.578704	0.46441
val	Scab (106)	Scab (106).txt	1	3	Scab	0.501736	0.52691	0.865162	0.646701	none	keep	¿Ãµø«ı		Disease	0	include	0.501736	0.52691	0.865162	0.646701
val	Scab (107)	Scab (107).txt	1	3	Scab	0.532118	0.633247	0.543981	0.447049	none	keep	¿Ãµø«ı		Disease	0	include	0.532118	0.633247	0.543981	0.447049
val	Scab (112)	Scab (112).txt	1	3	Scab	0.426505	0.639757	0.627894	0.503472	none	keep	¿Ãµø«ı		Disease	0	include	0.426505	0.639757	0.627894	0.503472
val	Scab (122)	Scab (122).txt	1	3	Scab	0.465567	0.695095	0.68287	0.540365	none	keep	¿Ãµø«ı		Disease	0	include	0.465567	0.695095	0.68287	0.540365
val	Scab (124)	Scab (124).txt	1	3	Scab	0.425058	0.695095	0.694444	0.531684	none	keep	¿Ãµø«ı		Disease	0	include	0.425058	0.695095	0.694444	0.531684
val	Scab (146)	Scab (146).txt	1	3	Scab	0.563947	0.706597	0.474537	0.390625	none	keep	¿Ãµø«ı		Disease	0	include	0.563947	0.706597	0.474537	0.390625
val	Scab (153)	Scab (153).txt	1	3	Scab	0.446759	0.687066	0.587384	0.47309	none	keep	¿Ãµø«ı		Disease	0	include	0.446759	0.687066	0.587384	0.47309
val	Scab (173)	Scab (173).txt	1	3	Scab	0.480035	0.67296	0.659722	0.492622	none	keep	¿Ãµø«ı		Disease	0	include	0.480035	0.67296	0.659722	0.492622
val	Scab (175)	Scab (175).txt	1	3	Scab	0.494502	0.529731	0.532407	0.488281	none	keep	¿Ãµø«ı		Disease	0	include	0.494502	0.529731	0.532407	0.488281
val	Scab (183)	Scab (183).txt	1	3	Scab	0.371672	0.44184	0.743345	0.794271	none	keep	¿Ãµø«ı		Disease	0	include	0.371672	0.44184	0.743345	0.794271
val	Scab (191)	Scab (191).txt	1	3	Scab	0.8818	0.588325	0.2364	0.240885	none	keep	¿Ãµø«ı		Disease	0	include	0.8818	0.588325	0.2364	0.240885
val	Scab (191)	Scab (191).txt	2	3	Scab	0.862992	0.842448	0.274016	0.315104	none	keep	¿Ãµø«ı		Disease	0	include	0.862992	0.842448	0.274016	0.315104
val	Scab (191)	Scab (191).txt	3	3	Scab	0.456887	0.564453	0.549769	0.518663	none	keep	¿Ãµø«ı		Disease	0	include	0.456887	0.564453	0.549769	0.518663
val	Scab (200)	Scab (200).txt	1	3	Scab	0.467014	0.662109	0.379051	0.366753	none	keep	¿Ãµø«ı		Disease	0	include	0.467014	0.662109	0.379051	0.366753
val	Scab (54)	Scab (54).txt	1	3	Scab	0.493056	0.610026	0.425347	0.375434	none	keep	¿Ãµø«ı		Disease	0	include	0.493056	0.610026	0.425347	0.375434
val	Scab (63)	Scab (63).txt	1	3	Scab	0.506076	0.576389	0.711806	0.828993	none	keep	¿Ãµø«ı		Disease	0	include	0.506076	0.576389	0.711806	0.828993
val	Scab (77)	Scab (77).txt	1	3	Scab	0.519097	0.608941	0.581597	0.681424	none	keep	¿Ãµø«ı		Disease	0	include	0.519097	0.608941	0.581597	0.681424
val	Scab (8)	Scab (8).txt	1	3	Scab	0.423611	0.559028	0.402199	0.442708	none	keep	¿Ãµø«ı		Disease	0	include	0.423611	0.559028	0.402199	0.442708
val	Scab (8)	Scab (8).txt	2	3	Scab	0.092448	0.101562	0.184896	0.203125	none	keep	¿Ãµø«ı		Disease	0	include	0.092448	0.101562	0.184896	0.203125
val	Scab (86)	Scab (86).txt	1	3	Scab	0.482928	0.564453	0.451389	0.436198	none	keep	¿Ãµø«ı		Disease	0	include	0.482928	0.564453	0.451389	0.436198
val	Scab (86)	Scab (86).txt	2	3	Scab	0.897714	0.905382	0.204572	0.189236	none	keep	¿Ãµø«ı		Disease	0	include	0.897714	0.905382	0.204572	0.189236
